,total_score_hist,u_hist,speed_hist
0,0.0,0.7869987187151818,1.0
1,0.0,0.7869987187151818,0.9573997437430364
2,0.0,0.7869987187151818,0.9233195387374655
3,0.0,0.7869987187151818,0.8960553747330088
4,0.03190208196716902,0.7869987187151818,0.8742440435294434
5,0.0698583145894434,0.7869987187151818,0.8567949785665911
6,0.10776870634264978,0.7869987187151818,0.8428357265963093
7,0.14556359318048934,0.7869987187151818,0.8316683250200838
8,0.1835480647475587,0.7869987187151818,0.8227344037591034
9,0.22260647282167464,0.7869987187151818,0.8155872667503191
10,0.2621003799974118,0.7869987187151818,0.8098695571432917
11,0.30196589422602393,0.7869987187151818,0.8052953894576698
12,0.341951506417282,0.7869987187151818,0.8016360553091721
13,0.381941499725729,0.7869987187151818,0.7987085879903741
14,0.42206878488533883,0.7869987187151818,0.7963666141353357
15,0.46247934919341266,0.7869987187151818,0.794493035051305
16,0.5032010002894962,0.7869987187151818,0.7929941717840804
17,0.544173696659752,0.7869987187151818,0.7917950811703007
18,0.5853162512447799,0.7869987187151818,0.7908358086792769
19,0.6266787343468659,0.7869987187151818,0.790068390686458
20,0.6684622707153879,0.7869987187151818,0.7894544562922028
21,0.7108849862624189,0.7869987187151818,0.7889633087767987
22,0.7540532238150297,0.7869987187151818,0.7885703907644753
23,0.7979322262979225,0.7869987187151818,0.7882560563546166
24,0.8423942493663783,0.7869987187151818,0.7880045888267296
25,0.8872841309764586,0.7869987187151818,0.7878034148044201
26,0.9324645926079493,0.7869987187151818,0.7876424755865724
27,0.9778342739052431,0.7869987187151818,0.7875137242122943
28,1.0233272193845637,0.7869987187151818,0.7874107231128717
29,1.0689045079653716,0.7869987187151818,0.7873283222333338
30,1.1145449629065414,0.7869987187151818,0.7872624015297034
31,1.1602378679915482,0.7869987187151818,0.7872096649667991
32,1.2059781756855243,0.7869987187151818,0.7871674757164757
33,1.251763699223998,0.7869987187151818,0.787133724316217
34,1.2975936038627884,0.7869987187151818,0.7871067231960099
35,1.343467651398453,0.7869987187151818,0.7870851222998443
36,1.3893858446013196,0.7869987187151818,0.7870678415829118
37,1.435348269651434,0.7869987187151818,0.7870540170093658
38,1.481355030955576,0.7869987187151818,0.7870429573505291
39,1.5274062267595367,0.7869987187151818,0.7870341096234597
40,1.573501941762267,0.7869987187151818,0.7870270314418041
41,1.6196422463056834,0.7869987187151818,0.7870213688964797
42,1.6658271977980266,0.7869987187151818,0.7870168388602201
43,1.7120568426672949,0.7869987187151818,0.7870132148312124
44,1.7583312182341264,0.7869987187151818,0.7870103156080064
45,1.804650354323957,0.7869987187151818,0.7870079962294415
46,1.8510142745966522,0.7869987187151818,0.7870061407265896
47,1.8974229976232444,0.7869987187151818,0.787004656324308
48,1.9438765377510248,0.7869987187151818,0.7870034688024828
49,1.9903749057963094,0.7869987187151818,0.7870025187850227
50,2.0369181095984974,0.7869987187151818,0.7870017587710545
51,2.083451064131726,0.7869987187151818,0.78700115075988
52,2.1299192498503214,0.7869987187151818,0.7870006643509404
53,2.176282628375328,0.7869987187151818,0.7870002752237887
54,2.222501220725726,0.7869987187151818,0.7869999639220673
55,2.2685351088195573,0.7869987187151818,0.7869997148806902
56,2.314344436835611,0.7869987187151818,0.7869995156475885
57,2.3598894124640273,0.7869987187151818,0.7869993562611072
58,2.405130308070995,0.7869987187151818,0.7869992287519221
59,2.4500274618071565,0.7869987187151818,0.7869991267445741
60,2.494541278708887,0.7869987187151818,0.7869990451386957
61,2.5386322318866643,0.7869987187151818,0.7869989798539929
62,2.582260863976944,0.7869987187151818,0.7869989276262307
63,2.6253877891640713,0.7869987187151818,0.7869988858440209
64,2.667973696263957,0.7869987187151818,0.7869988524182531
65,2.7099793536028827,0.7869987187151818,0.7869988256776388
66,2.7513656167167544,0.7869987187151818,0.7869988042851475
67,2.7920934402241144,0.7869987187151818,0.7869987871711543
68,2.8321238955683157,0.7869987187151818,0.7869987734799598
69,2.871418196652358,0.7869987187151818,0.7869987625270043
70,2.909937735671839,0.7869987187151818,0.7869987537646398
71,2.9476441316537945,0.7869987187151818,0.7869987467547482
72,2.9844992942995887,0.7869987187151818,0.786998741146835
73,3.020465505679741,0.7869987187151818,0.7869987366605043
74,3.0555055221145944,0.7869987187151818,0.7869987330714399
75,3.089582698181252,0.7869987187151818,0.7869987302001883
76,3.1226611342072426,0.7869987187151818,0.786998727903187
77,3.1547058478479038,0.7869987187151818,0.786998726065586
78,3.18568296941175,0.7869987187151818,0.7869987245955051
79,3.2155599595225293,0.7869987187151818,0.7869987234194404
80,3.2443058465276393,0.7869987187151818,0.7869987224785887
81,3.271891479832285,0.7869987187151818,0.7869987217259073
82,3.2982897941212963,0.7869987187151818,0.7869987211237622
83,3.323476078299375,0.7869987187151818,0.7869987206420461
84,3.347428242014627,0.7869987187151818,0.7869987202566733
85,3.370127071908303,0.7869987187151818,0.786998719948375
86,3.391556469327539,0.7869987187151818,0.7869987197017364
87,3.411703661205034,0.7869987187151818,0.7869987195044255
88,3.4305593761859936,0.7869987187151818,0.7869987193465767
89,3.4481179788770664,0.7869987187151818,0.7869987192202977
90,3.4643775562823085,0.7869987187151818,0.7869987191192745
91,3.4793399520241386,0.7869987187151818,0.786998719038456
92,3.493010745741183,0.7869987187151818,0.7869987189738011
93,3.505399177006256,0.7869987187151818,0.7869987189220773
94,3.5165180150997255,0.7869987187151818,0.7869987188806982
95,3.52638337788678,0.7869987187151818,0.7869987188475949
96,3.5350145047702766,0.7869987187151818,0.7869987188211123
97,3.542433490130102,0.7869987187151818,0.7869987187999262
98,3.5486649847465204,0.7869987187151818,0.7869987187829773
99,3.553735873399074,0.7869987187151818,0.7869987187694183
100,3.557674937124811,0.7869987187151818,0.786998718758571
101,3.5605125085285154,0.7869987187151818,0.7869987187498931
102,3.5622801281052046,0.7869987187151818,0.7869987187429509
103,3.5630102088207725,0.7869987187151818,0.7869987187373971
104,3.5627357152697603,0.7869987187151818,0.7869987187329541
105,3.561489862662872,0.7869987187151818,0.7869987187293996
106,3.5593058397616124,0.7869987187151818,0.7869987187265561
107,3.5562165587367414,0.7869987187151818,0.7869987187242813
108,3.552254433834454,0.7869987187151818,0.7869987187224614
109,3.5474511897306233,0.7869987187151818,0.7869987187210055
110,3.541837699568244,0.7869987187151818,0.7869987187198407
111,3.5354438519238607,0.7869987187151818,0.7869987187189089
112,3.5282984453424895,0.7869987187151818,0.7869987187181635
113,3.5204291086160833,0.7869987187151818,0.7869987187175672
114,3.5118622446501195,0.7869987187151818,0.7869987187170902
115,3.502622995553909,0.7869987187151818,0.7869987187167085
116,3.492735226487314,0.7869987187151818,0.7869987187164031
117,3.4822215257828653,0.7869987187151818,0.7869987187161589
118,3.4711032189206494,0.7869987187151818,0.7869987187159635
119,3.4594003940473663,0.7869987187151818,0.7869987187158072
120,3.447131936885502,0.7869987187151818,0.7869987187156822
121,3.43431557306021,0.7869987187151818,0.7869987187155821
122,3.4209679160687863,0.7869987187151818,0.7869987187155021
123,3.4071045193210456,0.7869987187151818,0.786998718715438
124,3.3927399308809925,0.7869987187151818,0.7869987187153868
125,3.377887749735063,0.7869987187151818,0.7869987187153459
126,3.36256068259584,0.7869987187151818,0.7869987187153131
127,3.3467706004196516,0.7869987187151818,0.7869987187152869
128,3.3305285939702216,0.7869987187151818,0.7869987187152659
129,3.313845027897863,0.7869987187151818,0.7869987187152492
130,3.296729592924496,0.7869987187151818,0.7869987187152357
131,3.27919135582965,0.7869987187151818,0.786998718715225
132,3.2612388070223663,0.7869987187151818,0.7869987187152163
133,3.242879905559778,0.7869987187151818,0.7869987187152094
134,3.2241221215363223,0.7869987187151818,0.7869987187152039
135,3.20497247581939,0.7869987187151818,0.7869987187151994
136,3.1854375771490915,0.7869987187151818,0.7869987187151959
137,3.165523656652954,0.7869987187151818,0.7869987187151931
138,3.1452365998520024,0.7869987187151818,0.7869987187151909
139,3.124581976253922,0.7869987187151818,0.7869987187151891
140,3.103565066642845,0.7869987187151818,0.7869987187151877
141,3.082190888184645,0.7869987187151818,0.7869987187151866
142,3.0604642174722847,0.7869987187151818,0.7869987187151857
143,3.038389611638387,0.7869987187151818,0.7869987187151849
144,3.015971427662416,0.7869987187151818,0.7869987187151843
145,2.9932138399981696,0.7869987187151818,0.7869987187151839
146,2.970120856644111,0.7869987187151818,0.7869987187151835
147,2.946696333774805,0.7869987187151818,0.7869987187151831
148,2.9229439890466304,0.7869987187151818,0.7869987187151829
149,2.898867413685307,0.7869987187151818,0.7869987187151827
150,2.874470083456781,0.7869987187151818,0.7869987187151826
151,2.8497553686168486,0.7869987187151818,0.7869987187151825
152,2.82472654292865,0.7869987187151818,0.7869987187151823
153,2.7993867918310076,0.7869987187151818,0.7869987187151822
154,2.7737392198345243,0.7869987187151818,0.7869987187151821
155,2.747786857216518,0.7869987187151818,0.7869987187151821
156,2.721532666080247,0.7869987187151818,0.7869987187151821
157,2.6949795458385486,0.7869987187151818,0.7869987187151821
158,2.6681303381769585,0.7869987187151818,0.7869987187151821
159,2.6409878315466258,0.7869987187151818,0.7869987187151821
160,2.613554765232906,0.7869987187151818,0.7869987187151821
161,2.585833833041373,0.7869987187151818,0.7869987187151821
162,2.557827686639151,0.7869987187151818,0.7869987187151821
163,2.5295389385859317,0.7869987187151818,0.7869987187151821
164,2.500970165085769,0.7869987187151818,0.7869987187151821
165,2.472123908487748,0.7869987187151818,0.7869987187151821
166,2.4430026795608812,0.7869987187151818,0.7869987187151821
167,2.41360895956608,0.7869987187151818,0.7869987187151821
168,2.3839452021457537,0.7869987187151818,0.7869987187151821
169,2.3540138350495288,0.7869987187151818,0.7869987187151821
170,2.32381726171268,0.7869987187151818,0.7869987187151821
171,2.29335786270217,0.7869987187151818,0.7869987187151821
172,2.262637997043649,0.7869987187151818,0.7869987187151821
173,2.23166000344137,0.7869987187151818,0.7869987187151821
174,2.2004262014017284,0.7869987187151818,0.7869987187151821
175,2.1689388922700013,0.7869987187151818,0.7869987187151821
176,2.1372003601888525,0.7869987187151818,0.7869987187151821
177,2.105212872986258,0.7869987187151818,0.7869987187151821
178,2.0729786829996892,0.7869987187151818,0.7869987187151821
179,2.040500027842673,0.7869987187151818,0.7869987187151821
180,2.007779131119179,0.7869987187151818,0.7869987187151821
181,1.9748182030907175,0.7869987187151818,0.7869987187151821
182,1.941619441300504,0.7869987187151818,0.7869987187151821
183,1.908185031158579,0.7869987187151818,0.7869987187151821
184,1.8745171464913717,0.7869987187151818,0.7869987187151821
185,1.8406179500588105,0.7869987187151818,0.7869987187151821
186,1.8064895940417727,0.7869987187151818,0.7869987187151821
187,1.7721342205023611,0.7869987187151818,0.7869987187151821
188,1.7375539618192442,0.7869987187151818,0.7869987187151821
189,1.7027509411000605,0.7869987187151818,0.7869987187151821
190,1.6677272725726884,0.7869987187151818,0.7869987187151821
191,1.632485061956995,0.7869987187151818,0.7869987187151821
192,1.5970264068185192,0.7869987187151818,0.7869987187151821
193,1.5613533969053988,0.7869987187151818,0.7869987187151821
194,1.525468114469724,0.7869987187151818,0.7869987187151821
195,1.489372634574385,0.7869987187151818,0.7869987187151821
196,1.4530690253863814,0.7869987187151818,0.7869987187151821
197,1.4165593484574697,0.7869987187151818,0.7869987187151821
198,1.3798456589929449,0.7869987187151818,0.7869987187151821
199,1.3429300061092828,0.7869987187151818,0.7869987187151821
200,1.3058144330813013,0.7869987187151818,0.7869987187151821
201,1.268500977579447,0.7869987187151818,0.7869987187151821
202,1.2309916718977585,0.7869987187151818,0.7869987187151821
203,1.1932885431730154,0.7869987187151818,0.7869987187151821
204,1.1553936135955367,0.7869987187151818,0.7869987187151821
205,1.1173089006120616,0.7869987187151818,0.7869987187151821
206,1.0790364171211067,0.7869987187151818,0.7869987187151821
207,1.0405781716611686,0.7869987187151818,0.7869987187151821
208,1.0019361685921115,0.7869987187151818,0.7869987187151821
209,0.9631124082700553,0.7869987187151818,0.7869987187151821
210,0.9241088872160597,0.7869987187151818,0.7869987187151821
211,0.8849275982788791,0.7869987187151818,0.7869987187151821
212,0.8455705307920436,0.7869987187151818,0.7869987187151821
213,0.8060396707255065,0.7869987187151818,0.7869987187151821
214,0.7663370008320851,0.7869987187151818,0.7869987187151821
215,0.7264645007889045,0.7869987187151818,0.7869987187151821
216,0.6864241473340448,0.7869987187151818,0.7869987187151821
217,0.6462179143985796,0.7869987187151818,0.7869987187151821
218,0.6058477732341815,0.7869987187151818,0.7869987187151821
219,0.5653156925364643,0.7869987187151818,0.7869987187151821
220,0.5246236385642187,0.7869987187151818,0.7869987187151821
221,0.4837735752546925,0.7869987187151818,0.7869987187151821
222,0.44276746433505876,0.7869987187151818,0.7869987187151821
223,0.4016072654302058,0.7869987187151818,0.7869987187151821
224,0.36029493616697944,0.7869987187151818,0.7869987187151821
225,0.31883243227499974,0.7869987187151818,0.7869987187151821
226,0.2772217076841691,0.7869987187151818,0.7869987187151821
227,0.23546471461898377,0.7869987187151818,0.7869987187151821
228,0.19356340368975516,0.7869987187151818,0.7869987187151821
229,0.151519723980843,0.7869987187151818,0.7869987187151821
230,0.10933562313599797,0.7869987187151818,0.7869987187151821
231,0.06701304744090686,0.7869987187151818,0.7869987187151821
232,0.024553941903030056,0.7869987187151818,0.7869987187151821
233,-0.018039749671183103,0.7869987187151818,0.7869987187151821
234,-0.060766084601618864,0.7869987187151818,0.7869987187151821
235,-0.1036231212622844,0.7869987187151818,0.7869987187151821
236,-0.14660891901147793,0.7869987187151818,0.7869987187151821
237,-0.18972153812427112,0.7869987187151818,0.7869987187151821
238,-0.23295903972723306,0.7869987187151818,0.7869987187151821
239,-0.2763194857353288,0.7869987187151818,0.7869987187151821
240,-0.31980093879092686,0.7869987187151818,0.7869987187151821
241,-0.3634014622048542,0.7869987187151818,0.7869987187151821
242,-0.40711911989943655,0.7869987187151818,0.7869987187151821
243,-0.45095197635346745,0.7869987187151818,0.7869987187151821
244,-0.4948980965490492,0.7869987187151818,0.7869987187151821
245,-0.5389555459202514,0.7869987187151818,0.7869987187151821
246,-0.5831223903035349,0.7869987187151818,0.7869987187151821
247,-0.62739669588989,0.7869987187151818,0.7869987187151821
248,-0.6717765291786418,0.7869987187151818,0.7869987187151821
249,-0.7162599569328727,0.7869987187151818,0.7869987187151821
250,-0.7608450461364176,0.7869987187151818,0.7869987187151821
251,-0.8055298639523889,0.7869987187151818,0.7869987187151821
252,-0.8503124776831856,0.7869987187151818,0.7869987187151821
253,-0.8951909547319469,0.7869987187151818,0.7869987187151821
254,-0.9401633625654091,0.7869987187151818,0.7869987187151821
255,-0.9852277686781274,0.7869987187151818,0.7869987187151821
256,-1.0303822405580243,0.7869987187151818,0.7869987187151821
257,-1.0756248456532267,0.7869987187151818,0.7869987187151821
258,-1.120953651340159,0.7869987187151818,0.7869987187151821
259,-1.166366724892854,0.7869987187151818,0.7869987187151821
260,-1.2118621334534496,0.7869987187151818,0.7869987187151821
261,-1.2574379440038388,0.7869987187151818,0.7869987187151821
262,-1.3030922233384403,0.7869987187151818,0.7869987187151821
263,-1.3488230380380593,0.7869987187151818,0.7869987187151821
264,-1.3946284544448067,0.7869987187151818,0.7869987187151821
265,-1.4405065386380504,0.7869987187151818,0.7869987187151821
266,-1.4864553564113672,0.7869987187151818,0.7869987187151821
267,-1.5324729732504667,0.7869987187151818,0.7869987187151821
268,-1.578557454312065,0.7869987187151818,0.7869987187151821
269,-1.6247068644036746,0.7869987187151818,0.7869987187151821
270,-1.6709192679642901,0.7869987187151818,0.7869987187151821
271,-1.717192729045942,0.7869987187151818,0.7869987187151821
272,-1.7635253112960927,0.7869987187151818,0.7869987187151821
273,-1.8099150779408544,0.7869987187151818,0.7869987187151821
274,-1.8563600917690006,0.7869987187151818,0.7869987187151821
275,-1.9028584151167511,0.7869987187151818,0.7869987187151821
276,-1.9494081098533067,0.7869987187151818,0.7869987187151821
277,-1.9960072373671116,0.7869987187151818,0.7869987187151821
278,-2.0426538585528227,0.7869987187151818,0.7869987187151821
279,-2.0893460337989613,0.7869987187151818,0.7869987187151821
280,-2.136081822976232,0.7869987187151818,0.7869987187151821
281,-2.1828592854264817,0.7869987187151818,0.7869987187151821
282,-2.229676479952283,0.7869987187151818,0.7869987187151821
283,-2.276531464807122,0.7869987187151818,0.7869987187151821
284,-2.32342229768617,0.7869987187151818,0.7869987187151821
285,-2.3703470357176166,0.7869987187151818,0.7869987187151821
286,-2.417303735454556,0.7869987187151818,0.7869987187151821
287,-2.4642904528673943,0.7869987187151818,0.7869987187151821
288,-2.5113052433367704,0.7869987187151818,0.7869987187151821
289,-2.558346161646967,0.7869987187151818,0.7869987187151821
290,-2.6054112619797976,0.7869987187151818,0.7869987187151821
291,-2.6524985979089477,0.7869987187151818,0.7869987187151821
292,-2.699606222394758,0.7869987187151818,0.7869987187151821
293,-2.746732187779429,0.7869987187151818,0.7869987187151821
294,-2.7938745457826335,0.7869987187151818,0.7869987187151821
295,-2.841031347497516,0.7869987187151818,0.7869987187151821
296,-2.8882006433870684,0.7869987187151818,0.7869987187151821
297,-2.935380483280861,0.7869987187151818,0.7869987187151821
298,-2.9825689163721165,0.7869987187151818,0.7869987187151821
299,-3.029763991215108,0.7869987187151818,0.7869987187151821
300,-3.0769637557228697,0.7869987187151818,0.7869987187151821
301,-3.1241662571651987,0.7869987187151818,0.7869987187151821
302,-3.17136954216694,0.7869987187151818,0.7869987187151821
303,-3.2185716567065326,0.7869987187151818,0.7869987187151821
304,-3.2657706461148064,0.7869987187151818,0.7869987187151821
305,-3.312964555074014,0.7869987187151818,0.7869987187151821
306,-3.3601514276170796,0.7869987187151818,0.7869987187151821
307,-3.407329307127055,0.7869987187151818,0.7869987187151821
308,-3.454496236336764,0.7869987187151818,0.7869987187151821
309,-3.5016502573286235,0.7869987187151818,0.7869987187151821
310,-3.548789411534624,0.7869987187151818,0.7869987187151821
311,-3.595911739736459,0.7869987187151818,0.7869987187151821
312,-3.6430152820657837,0.7869987187151818,0.7869987187151821
313,-3.690098078004595,0.7869987187151818,0.7869987187151821
314,-3.7371581663857114,0.7869987187151818,0.7869987187151821
315,-3.7841935853933455,0.7869987187151818,0.7869987187151821
316,-3.8312023725637494,0.7869987187151818,0.7869987187151821
317,-3.8781825647859227,0.7869987187151818,0.7869987187151821
318,-3.925132198302367,0.7869987187151818,0.7869987187151821
319,-3.972049308709871,0.7869987187151818,0.7869987187151821
320,-4.018931930960318,0.7869987187151818,0.7869987187151821
321,-4.065778099361495,0.7869987187151818,0.7869987187151821
322,-4.112585847577891,0.7869987187151818,0.7869987187151821
323,-4.159353208631474,0.7869987187151818,0.7869987187151821
324,-4.206078214902431,0.7869987187151818,0.7869987187151821
325,-4.252758898129849,0.7869987187151818,0.7869987187151821
326,-4.299393289412338,0.7869987187151818,0.7869987187151821
327,-4.345979419208565,0.7869987187151818,0.7869987187151821
328,-4.392515317337697,0.7869987187151818,0.7869987187151821
329,-4.438999012979735,0.7869987187151818,0.7869987187151821
330,-4.485428534675722,0.7869987187151818,0.7869987187151821
331,-4.531801910327808,0.7869987187151818,0.7869987187151821
332,-4.578117167199171,0.7869987187151818,0.7869987187151821
333,-4.624372331913759,0.7869987187151818,0.7869987187151821
334,-4.670565430455858,0.7869987187151818,0.7869987187151821
335,-4.716694488169459,0.7869987187151818,0.7869987187151821
336,-4.762757529757406,0.7869987187151818,0.7869987187151821
337,-4.808752579280324,0.7869987187151818,0.7869987187151821
338,-4.854677660155303,0.7869987187151818,0.7869987187151821
339,-4.900530795154316,0.7869987187151818,0.7869987187151821
340,-4.946310006402371,0.7869987187151818,0.7869987187151821
341,-4.992013315375365,0.7869987187151818,0.7869987187151821
342,-5.037638742897642,0.7869987187151818,0.7869987187151821
343,-5.083184309139221,0.7869987187151818,0.7869987187151821
344,-5.128648033612686,0.7869987187151818,0.7869987187151821
345,-5.174027935169729,0.7869987187151818,0.7869987187151821
346,-5.219322031997315,0.7869987187151818,0.7869987187151821
347,-5.264528341613464,0.7869987187151818,0.7869987187151821
348,-5.309644880862627,0.7869987187151818,0.7869987187151821
349,-5.354669665910636,0.7869987187151818,0.7869987187151821
350,-5.399600712239228,0.7869987187151818,0.7869987187151821
351,-5.444436034640097,0.7869987187151818,0.7869987187151821
352,-5.489173647208481,0.7869987187151818,0.7869987187151821
353,-5.533811563336258,0.7869987187151818,0.7869987187151821
354,-5.578347795704526,0.7869987187151818,0.7869987187151821
355,-5.6227803562756575,0.7869987187151818,0.7869987187151821
356,-5.667107256284805,0.7869987187151818,0.7869987187151821
357,-5.711326506230839,0.7869987187151818,0.7869987187151821
358,-5.755436115866703,0.7869987187151818,0.7869987187151821
359,-5.799434094189156,0.7869987187151818,0.7869987187151821
360,-5.843318449427894,0.7869987187151818,0.7869987187151821
361,-5.887087189034024,0.7869987187151818,0.7869987187151821
362,-5.930738319667868,0.7869987187151818,0.7869987187151821
363,-5.97426984718608,0.7869987187151818,0.7869987187151821
364,-6.0176797766280545,0.7869987187151818,0.7869987187151821
365,-6.0609661122016,0.7869987187151818,0.7869987187151821
366,-6.1041268572678575,0.7869987187151818,0.7869987187151821
367,-6.147160014325448,0.7869987187151818,0.7869987187151821
368,-6.190063584993811,0.7869987187151818,0.7869987187151821
369,-6.232835569995728,0.7869987187151818,0.7869987187151821
370,-6.275473969138987,0.7869987187151818,0.7869987187151821
371,-6.3179767812971885,0.7869987187151818,0.7869987187151821
372,-6.36034200438964,0.7869987187151818,0.7869987187151821
373,-6.402567635360336,0.7869987187151818,0.7869987187151821
374,-6.444651670155985,0.7869987187151818,0.7869987187151821
375,-6.486592103703061,0.7869987187151818,0.7869987187151821
376,-6.52838692988385,0.7869987187151818,0.7869987187151821
377,-6.570034141511469,0.7869987187151818,0.7869987187151821
378,-6.611531730303819,0.7869987187151818,0.7869987187151821
379,-6.652877686856452,0.7869987187151818,0.7869987187151821
380,-6.694070000614324,0.7869987187151818,0.7869987187151821
381,-6.735106659842385,0.7869987187151818,0.7869987187151821
382,-6.775985651595002,0.7869987187151818,0.7869987187151821
383,-6.816704961684161,0.7869987187151818,0.7869987187151821
384,-6.857262574646424,0.7869987187151818,0.7869987187151821
385,-6.897656473708609,0.7869987187151818,0.7869987187151821
386,-6.937884640752153,0.7869987187151818,0.7869987187151821
387,-6.97794505627613,0.7869987187151818,0.7869987187151821
388,-7.0178356993588755,0.7869987187151818,0.7869987187151821
389,-7.057554547618199,0.7869987187151818,0.7869987187151821
390,-7.097099577170129,0.7869987187151818,0.7869987187151821
391,-7.136468762586152,0.7869987187151818,0.7869987187151821
392,-7.17566007684893,0.7869987187151818,0.7869987187151821
393,-7.214671491306413,0.7869987187151818,0.7869987187151821
394,-7.253500975624351,0.7869987187151818,0.7869987187151821
395,-7.292146497737116,0.7869987187151818,0.7869987187151821
396,-7.3306060237968325,0.7869987187151818,0.7869987187151821
397,-7.368877518120734,0.7869987187151818,0.7869987187151821
398,-7.4069589431367255,0.7869987187151818,0.7869987187151821
399,-7.444848259327084,0.7869987187151818,0.7869987187151821
400,-7.482543425170259,0.7869987187151818,0.7869987187151821
401,-7.520042397080717,0.7869987187151818,0.7869987187151821
402,-7.557343129346777,0.7869987187151818,0.7869987187151821
403,-7.594443574066385,0.7869987187151818,0.7869987187151821
404,-7.631341681080763,0.7869987187151818,0.7869987187151821
405,-7.668035397905889,0.7869987187151818,0.7869987187151821
406,-7.704522669661736,0.7869987187151818,0.7869987187151821
407,-7.740801438999208,0.7869987187151818,0.7869987187151821
408,-7.776869646024728,0.7869987187151818,0.7869987187151821
409,-7.812725228222386,0.7869987187151818,0.7869987187151821
410,-7.848366120373595,0.7869987187151818,0.7869987187151821
411,-7.883790254474188,0.7869987187151818,0.7869987187151821
412,-7.918995559648876,0.7869987187151818,0.7869987187151821
413,-7.953979962063,0.7869987187151818,0.7869987187151821
414,-7.988741384831488,0.7869987187151818,0.7869987187151821
415,-8.023277747924954,0.7869987187151818,0.7869987187151821
416,-8.057586968072856,0.7869987187151818,0.7869987187151821
417,-8.091666958663605,0.7869987187151818,0.7869987187151821
418,-8.125515629641573,0.7869987187151818,0.7869987187151821
419,-8.159130887400886,0.7869987187151818,0.7869987187151821
420,-8.192510634675918,0.7869987187151818,0.7869987187151821
421,-8.225652770428377,0.7869987187151818,0.7869987187151821
422,-8.258555189730917,0.7869987187151818,0.7869987187151821
423,-8.29121578364712,0.7869987187151818,0.7869987187151821
424,-8.323632439107795,0.7869987187151818,0.7869987187151821
425,-8.355803038783451,0.7869987187151818,0.7869987187151821
426,-8.38772546095283,0.7869987187151818,0.7869987187151821
427,-8.4193975793674,0.7869987187151818,0.7869987187151821
428,-8.450817263111679,0.7869987187151818,0.7869987187151821
429,-8.481982376459234,0.7869987187151818,0.7869987187151821
430,-8.512890778724278,0.7869987187151818,0.7869987187151821
431,-8.54354032410868,0.7869987187151818,0.7869987187151821
432,-8.573928861544259,0.7869987187151818,0.7869987187151821
433,-8.604054234530235,0.7869987187151818,0.7869987187151821
434,-8.633914280965659,0.7869987187151818,0.7869987187151821
435,-8.663506832976667,0.7869987187151818,0.7869987187151821
436,-8.692829716738414,0.7869987187151818,0.7869987187151821
437,-8.721880752291488,0.7869987187151818,0.7869987187151821
438,-8.75065775335265,0.7869987187151818,0.7869987187151821
439,-8.779158527119693,0.7869987187151818,0.7869987187151821
440,-8.807380874070258,0.7869987187151818,0.7869987187151821
441,-8.835322587754375,0.7869987187151818,0.7869987187151821
442,-8.862981454580538,0.7869987187151818,0.7869987187151821
443,-8.890355253595109,0.7869987187151818,0.7869987187151821
444,-8.917441756254794,0.7869987187151818,0.7869987187151821
445,-8.94423872619199,0.7869987187151818,0.7869987187151821
446,-8.970743918972747,0.7869987187151818,0.7869987187151821
447,-8.996955081847076,0.7869987187151818,0.7869987187151821
448,-9.022869953491375,0.7869987187151818,0.7869987187151821
449,-9.04848626374265,0.7869987187151818,0.7869987187151821
450,-9.073801733324292,0.7869987187151818,0.7869987187151821
451,-9.098814073563078,0.7869987187151818,0.7869987187151821
452,-9.123520986097096,0.7869987187151818,0.7869987187151821
453,-9.147920162574263,0.7869987187151818,0.7869987187151821
454,-9.172009284341103,0.7869987187151818,0.7869987187151821
455,-9.195786022121428,0.7869987187151818,0.7869987187151821
456,-9.21924803568455,0.7869987187151818,0.7869987187151821
457,-9.242392973502634,0.7869987187151818,0.7869987187151821
458,-9.265218472396787,0.7869987187151818,0.7869987187151821
459,-9.287722157171482,0.7869987187151818,0.7869987187151821
460,-9.30990164023683,0.7869987187151818,0.7869987187151821
461,-9.331754521218294,0.7869987187151818,0.7869987187151821
462,-9.353278386553303,0.7869987187151818,0.7869987187151821
463,-9.374470809074312,0.7869987187151818,0.7869987187151821
464,-9.395329347577743,0.7869987187151818,0.7869987187151821
465,-9.415851546378265,0.7869987187151818,0.7869987187151821
466,-9.436034934847838,0.7869987187151818,0.7869987187151821
467,-9.455877026938886,0.7869987187151818,0.7869987187151821
468,-9.475375320691,0.7869987187151818,0.7869987187151821
469,-9.494527297720463,0.7869987187151818,0.7869987187151821
470,-9.513330422691915,0.7869987187151818,0.7869987187151821
471,-9.531782142771418,0.7869987187151818,0.7869987187151821
472,-9.549879887060133,0.7869987187151818,0.7869987187151821
473,-9.56762106600782,0.7869987187151818,0.7869987187151821
474,-9.585003070805284,0.7869987187151818,0.7869987187151821
475,-9.602023272754874,0.7869987187151818,0.7869987187151821
476,-9.618679022618098,0.7869987187151818,0.7869987187151821
477,-9.634967649939355,0.7869987187151818,0.7869987187151821
478,-9.650886462344738,0.7869987187151818,0.7869987187151821
479,-9.666432744814806,0.7869987187151818,0.7869987187151821
480,-9.68160375893017,0.7869987187151818,0.7869987187151821
481,-9.69639674208867,0.7869987187151818,0.7869987187151821
482,-9.710808906692858,0.7869987187151818,0.7869987187151821
483,-9.724837439306421,0.7869987187151818,0.7869987187151821
484,-9.738479499778126,0.7869987187151818,0.7869987187151821
485,-9.751732220331764,0.7869987187151818,0.7869987187151821
486,-9.764592704620505,0.7869987187151818,0.7869987187151821
487,-9.77705802674398,0.7869987187151818,0.7869987187151821
488,-9.78912523022631,0.7869987187151818,0.7869987187151821
489,-9.800791326953188,0.7869987187151818,0.7869987187151821
490,-9.812053296066047,0.7869987187151818,0.7869987187151821
491,-9.822908082811182,0.7869987187151818,0.7869987187151821
492,-9.833352597341623,0.7869987187151818,0.7869987187151821
493,-9.843383713469372,0.7869987187151818,0.7869987187151821
494,-9.852998267365527,0.7869987187151818,0.7869987187151821
495,-9.862193056205621,0.7869987187151818,0.7869987187151821
496,-9.87096483675738,0.7869987187151818,0.7869987187151821
497,-9.879310323907898,0.7869987187151818,0.7869987187151821
498,-9.887226189127075,0.7869987187151818,0.7869987187151821
499,-9.894709058863947,0.7869987187151818,0.7869987187151821
500,-9.901755512872333,0.7869987187151818,0.7869987187151821
501,-9.90836208246199,0.7869987187151818,0.7869987187151821
502,-9.91452524867124,0.7869987187151818,0.7869987187151821
503,-9.920241440356751,0.7869987187151818,0.7869987187151821
504,-9.9255070321959,0.7869987187151818,0.7869987187151821
505,-9.930318342596825,0.7869987187151818,0.7869987187151821
506,-9.934671631510946,0.7869987187151818,0.7869987187151821
507,-9.938563098142424,0.7869987187151818,0.7869987187151821
508,-9.941988878548601,0.7869987187151818,0.7869987187151821
509,-9.944945043125115,0.7869987187151818,0.7869987187151821
510,-9.947427593968897,0.7869987187151818,0.7869987187151821
511,-9.949432462111838,0.7869987187151818,0.7869987187151821
512,-9.950955504617395,0.7869987187151818,0.7869987187151821
513,-9.951992501531818,0.7869987187151818,0.7869987187151821
514,-9.952539152681185,0.7869987187151818,0.7869987187151821
515,-9.952591074304708,0.7869987187151818,0.7869987187151821
516,-9.952143795514132,0.7869987187151818,0.7869987187151821
517,-9.951192754568316,0.7869987187151818,0.7869987187151821
518,-9.949733294951251,0.7869987187151818,0.7869987187151821
519,-9.947760661240936,0.7869987187151818,0.7869987187151821
520,-9.945269994755574,0.7869987187151818,0.7869987187151821
521,-9.942256328962534,0.7869987187151818,0.7869987187151821
522,-9.93871458463444,0.7869987187151818,0.7869987187151821
523,-9.934639564735518,0.7869987187151818,0.7869987187151821
524,-9.930025949020084,0.7869987187151818,0.7869987187151821
525,-9.924868288323594,0.7869987187151818,0.7869987187151821
526,-9.91916099852519,0.7869987187151818,0.7869987187151821
527,-9.912898354159005,0.7869987187151818,0.7869987187151821
528,-9.906074481649673,0.7869987187151818,0.7869987187151821
529,-9.898683352145557,0.7869987187151818,0.7869987187151821
530,-9.890718773921057,0.7869987187151818,0.7869987187151821
531,-9.882174384317066,0.7869987187151818,0.7869987187151821
532,-9.873043641186136,0.7869987187151818,0.7869987187151821
533,-9.863319813806147,0.7869987187151818,0.7869987187151821
534,-9.852995973223374,0.7869987187151818,0.7869987187151821
535,-9.842064981982576,0.7869987187151818,0.7869987187151821
536,-9.830519483198255,0.7869987187151818,0.7869987187151821
537,-9.818351888917482,0.7869987187151818,0.7869987187151821
538,-9.805554367720529,0.7869987187151818,0.7869987187151821
539,-9.792118831501174,0.7869987187151818,0.7869987187151821
540,-9.778036921363714,0.7869987187151818,0.7869987187151821
541,-9.763299992568577,0.7869987187151818,0.7869987187151821
542,-9.747899098452878,0.7869987187151818,0.7869987187151821
543,-9.731824973246319,0.7869987187151818,0.7869987187151821
544,-9.715068013696454,0.7869987187151818,0.7869987187151821
545,-9.697618259410632,0.7869987187151818,0.7869987187151821
546,-9.679465371814763,0.7869987187151818,0.7869987187151821
547,-9.660598611621614,0.7869987187151818,0.7869987187151821
548,-9.641006814693538,0.7869987187151818,0.7869987187151821
549,-9.620678366176632,0.7869987187151818,0.7869987187151821
550,-9.599601172775282,0.7869987187151818,0.7869987187151821
551,-9.577762633028184,0.7869987187151818,0.7869987187151821
552,-9.555149605439473,0.7869987187151818,0.7869987187151821
553,-9.531748374311823,0.7869987187151818,0.7869987187151821
554,-9.507544613123,0.7869987187151818,0.7869987187151821
555,-9.48252334528371,0.7869987187151818,0.7869987187151821
556,-9.456668902113808,0.7869987187151818,0.7869987187151821
557,-9.429964877877083,0.7869987187151818,0.7869987187151821
558,-9.40239408172321,0.7869987187151818,0.7869987187151821
559,-9.373938486401336,0.7869987187151818,0.7869987187151821
560,-9.344579173635251,0.7869987187151818,0.7869987187151821
561,-9.31429627608868,0.7869987187151818,0.7869987187151821
562,-9.283068915904753,0.7869987187151818,0.7869987187151821
563,-9.250875139881508,0.7869987187151818,0.7869987187151821
564,-9.217691851451645,0.7869987187151818,0.7869987187151821
565,-9.183494739777906,0.7869987187151818,0.7869987187151821
566,-9.14825820646496,0.7869987187151818,0.7869987187151821
567,-9.111955290636603,0.7869987187151818,0.7869987187151821
568,-9.07455759344689,0.7869987187151818,0.7869987187151821
569,-9.036035203500965,0.7869987187151818,0.7869987187151821
570,-8.996356625171794,0.7869987187151818,0.7869987187151821
571,-8.955488712427025,0.7869987187151818,0.7869987187151821
572,-8.913396611534818,0.7869987187151818,0.7869987187151821
573,-8.870043716894761,0.7869987187151818,0.7869987187151821
574,-8.82539164521126,0.7869987187151818,0.7869987187151821
575,-8.779400234218977,0.7869987187151818,0.7869987187151821
576,-8.732027573034578,0.7869987187151818,0.7869987187151821
577,-8.683230071677952,0.7869987187151818,0.7869987187151821
578,-8.632962576929032,0.7869987187151818,0.7869987187151821
579,-8.581178539759566,0.7869987187151818,0.7869987187151821
580,-8.527830235090336,0.7869987187151818,0.7869987187151821
581,-8.472869026298993,0.7869987187151818,0.7869987187151821
582,-8.417823139453574,0.7869987187151818,0.7869987187151821
583,-8.363740641615749,0.7869987187151818,0.7869987187151821
584,-8.309688451588274,0.7869987187151818,0.7869987187151821
585,-8.255666562588543,0.7869987187151818,0.7869987187151821
586,-8.201674964395584,0.7869987187151818,0.7869987187151821
587,-8.147713645024858,0.7869987187151818,0.7869987187151821
588,-8.093782592899926,0.7869987187151818,0.7869987187151821
589,-8.03988179955316,0.7869987187151818,0.7869987187151821
590,-7.9860112628286934,0.7869987187151818,0.7869987187151821
591,-7.932170990455384,0.7869987187151818,0.7869987187151821
592,-7.878361003689385,0.7869987187151818,0.7869987187151821
593,-7.824581340456653,0.7869987187151818,0.7869987187151821
594,-7.770832057330451,0.7869987187151818,0.7869987187151821
595,-7.71711322919806,0.7869987187151818,0.7869987187151821
596,-7.663424946430629,0.7869987187151818,0.7869987187151821
597,-7.609767310705247,0.7869987187151818,0.7869987187151821
598,-7.5561404309042155,0.7869987187151818,0.7869987187151821
599,-7.502544419932507,0.7869987187151818,0.7869987187151821
600,-7.448979392619741,0.7869987187151818,0.7869987187151821
601,-7.395445464497329,0.7869987187151818,0.7869987187151821
602,-7.341942751151835,0.7869987187151818,0.7869987187151821
603,-7.288471367909192,0.7869987187151818,0.7869987187151821
604,-7.235031429690476,0.7869987187151818,0.7869987187151821
605,-7.181623050949775,0.7869987187151818,0.7869987187151821
606,-7.12824634564885,0.7869987187151818,0.7869987187151821
607,-7.074901427247411,0.7869987187151818,0.7869987187151821
608,-7.0215884086997225,0.7869987187151818,0.7869987187151821
609,-6.968307402453673,0.7869987187151818,0.7869987187151821
610,-6.9150585204507875,0.7869987187151818,0.7869987187151821
611,-6.861841874126578,0.7869987187151818,0.7869987187151821
612,-6.808657574411038,0.7869987187151818,0.7869987187151821
613,-6.755505731729184,0.7869987187151818,0.7869987187151821
614,-6.702386456001627,0.7869987187151818,0.7869987187151821
615,-6.649299856645164,0.7869987187151818,0.7869987187151821
616,-6.5962460425733775,0.7869987187151818,0.7869987187151821
617,-6.543225122197262,0.7869987187151818,0.7869987187151821
618,-6.4902372034258455,0.7869987187151818,0.7869987187151821
619,-6.437282393666842,0.7869987187151818,0.7869987187151821
620,-6.384360799827303,0.7869987187151818,0.7869987187151821
621,-6.331472528314289,0.7869987187151818,0.7869987187151821
622,-6.27861768503555,0.7869987187151818,0.7869987187151821
623,-6.225796375400217,0.7869987187151818,0.7869987187151821
624,-6.173008704319509,0.7869987187151818,0.7869987187151821
625,-6.1202547762074495,0.7869987187151818,0.7869987187151821
626,-6.067534694981593,0.7869987187151818,0.7869987187151821
627,-6.014848564063765,0.7869987187151818,0.7869987187151821
628,-5.96219648638081,0.7869987187151818,0.7869987187151821
629,-5.9095785643653524,0.7869987187151818,0.7869987187151821
630,-5.85699489995657,0.7869987187151818,0.7869987187151821
631,-5.804445594600972,0.7869987187151818,0.7869987187151821
632,-5.751930749253194,0.7869987187151818,0.7869987187151821
633,-5.699450464376795,0.7869987187151818,0.7869987187151821
634,-5.647004839945071,0.7869987187151818,0.7869987187151821
635,-5.5945939754418745,0.7869987187151818,0.7869987187151821
636,-5.542217969862447,0.7869987187151818,0.7869987187151821
637,-5.489876921714255,0.7869987187151818,0.7869987187151821
638,-5.437570929017837,0.7869987187151818,0.7869987187151821
639,-5.3853000893076635,0.7869987187151818,0.7869987187151821
640,-5.333064499632999,0.7869987187151818,0.7869987187151821
641,-5.280864256558778,0.7869987187151818,0.7869987187151821
642,-5.228699456166483,0.7869987187151818,0.7869987187151821
643,-5.176570194055037,0.7869987187151818,0.7869987187151821
644,-5.1244765653416975,0.7869987187151818,0.7869987187151821
645,-5.072418664662965,0.7869987187151818,0.7869987187151821
646,-5.020396586175493,0.7869987187151818,0.7869987187151821
647,-4.968410423557004,0.7869987187151818,0.7869987187151821
648,-4.916460270007222,0.7869987187151818,0.7869987187151821
649,-4.8645462182487975,0.7869987187151818,0.7869987187151821
650,-4.812668360528255,0.7869987187151818,0.7869987187151821
651,-4.7608267886169315,0.7869987187151818,0.7869987187151821
652,-4.709021593811932,0.7869987187151818,0.7869987187151821
653,-4.657252866937088,0.7869987187151818,0.7869987187151821
654,-4.605520698343918,0.7869987187151818,0.7869987187151821
655,-4.553825177912601,0.7869987187151818,0.7869987187151821
656,-4.502166395052947,0.7869987187151818,0.7869987187151821
657,-4.4505444387053785,0.7869987187151818,0.7869987187151821
658,-4.398959397341918,0.7869987187151818,0.7869987187151821
659,-4.347411358967174,0.7869987187151818,0.7869987187151821
660,-4.295900411119339,0.7869987187151818,0.7869987187151821
661,-4.244426640871185,0.7869987187151818,0.7869987187151821
662,-4.192990134831072,0.7869987187151818,0.7869987187151821
663,-4.141590979143949,0.7869987187151818,0.7869987187151821
664,-4.090229259492373,0.7869987187151818,0.7869987187151821
665,-4.038905061097521,0.7869987187151818,0.7869987187151821
666,-3.9876184687202056,0.7869987187151818,0.7869987187151821
667,-3.936369566661905,0.7869987187151818,0.7869987187151821
668,-3.8851584387657825,0.7869987187151818,0.7869987187151821
669,-3.833985168417719,0.7869987187151818,0.7869987187151821
670,-3.782849838547344,0.7869987187151818,0.7869987187151821
671,-3.7317525316290703,0.7869987187151818,0.7869987187151821
672,-3.680693329683131,0.7869987187151818,0.7869987187151821
673,-3.6296723142766196,0.7869987187151818,0.7869987187151821
674,-3.578689566524533,0.7869987187151818,0.7869987187151821
675,-3.527745167090814,0.7869987187151818,0.7869987187151821
676,-3.476839196189399,0.7869987187151818,0.7869987187151821
677,-3.425971733585265,0.7869987187151818,0.7869987187151821
678,-3.3751428585954804,0.7869987187151818,0.7869987187151821
679,-3.324352650090254,0.7869987187151818,0.7869987187151821
680,-3.273601186493989,0.7869987187151818,0.7869987187151821
681,-3.2228885457863368,0.7869987187151818,0.7869987187151821
682,-3.17221480550325,0.7869987187151818,0.7869987187151821
683,-3.1215800427380396,0.7869987187151818,0.7869987187151821
684,-3.0709843341424294,0.7869987187151818,0.7869987187151821
685,-3.0204277559276145,0.7869987187151818,0.7869987187151821
686,-2.969910383865316,0.7869987187151818,0.7869987187151821
687,-2.9194322932888404,0.7869987187151818,0.7869987187151821
688,-2.868993559094136,0.7869987187151818,0.7869987187151821
689,-2.8185942557408508,0.7869987187151818,0.7869987187151821
690,-2.7682344572533886,0.7869987187151818,0.7869987187151821
691,-2.717914237221967,0.7869987187151818,0.7869987187151821
692,-2.6676336688036724,0.7869987187151818,0.7869987187151821
693,-2.6173928247235168,0.7869987187151818,0.7869987187151821
694,-2.5671917772754926,0.7869987187151818,0.7869987187151821
695,-2.5170305983236267,0.7869987187151818,0.7869987187151821
696,-2.4669093593030325,0.7869987187151818,0.7869987187151821
697,-2.4168281312209627,0.7869987187151818,0.7869987187151821
698,-2.36678698465786,0.7869987187151818,0.7869987187151821
699,-2.3167859897684053,0.7869987187151818,0.7869987187151821
700,-2.2668252162825664,0.7869987187151818,0.7869987187151821
701,-2.216904733506642,0.7869987187151818,0.7869987187151821
702,-2.1670246103243085,0.7869987187151818,0.7869987187151821
703,-2.117184915197659,0.7869987187151818,0.7869987187151821
704,-2.0673857161682454,0.7869987187151818,0.7869987187151821
705,-2.017627080858116,0.7869987187151818,0.7869987187151821
706,-1.9679090764708493,0.7869987187151818,0.7869987187151821
707,-1.9182317697925892,0.7869987187151818,0.7869987187151821
708,-1.8685952271930741,0.7869987187151818,0.7869987187151821
709,-1.818999514626665,0.7869987187151818,0.7869987187151821
710,-1.7694446976333706,0.7869987187151818,0.7869987187151821
711,-1.7199308413398693,0.7869987187151818,0.7869987187151821
712,-1.6704580104605282,0.7869987187151818,0.7869987187151821
713,-1.621026269298419,0.7869987187151818,0.7869987187151821
714,-1.5716356817463308,0.7869987187151818,0.7869987187151821
715,-1.5222863112877794,0.7869987187151818,0.7869987187151821
716,-1.4729782209980127,0.7869987187151818,0.7869987187151821
717,-1.4237114735450138,0.7869987187151818,0.7869987187151821
718,-1.374486131190499,0.7869987187151818,0.7869987187151821
719,-1.3253022557909127,0.7869987187151818,0.7869987187151821
720,-1.2761599087984183,0.7869987187151818,0.7869987187151821
721,-1.2270591512618858,0.7869987187151818,0.7869987187151821
722,-1.1780000438278735,0.7869987187151818,0.7869987187151821
723,-1.128982646741608,0.7869987187151818,0.7869987187151821
724,-1.0800070198479577,0.7869987187151818,0.7869987187151821
725,-1.0310732225924035,0.7869987187151818,0.7869987187151821
726,-0.9821813140220044,0.7869987187151818,0.7869987187151821
727,-0.9333313527863578,0.7869987187151818,0.7869987187151821
728,-0.8845233971385571,0.7869987187151818,0.7869987187151821
729,-0.8357575049361426,0.7869987187151818,0.7869987187151821
730,-0.7870337336420492,0.7869987187151818,0.7869987187151821
731,-0.7383521403255475,0.7869987187151818,0.7869987187151821
732,-0.6897127816631816,0.7869987187151818,0.7869987187151821
733,-0.6411157139397009,0.7869987187151818,0.7869987187151821
734,-0.5925609930489869,0.7869987187151818,0.7869987187151821
735,-0.544048674494975,0.7869987187151818,0.7869987187151821
736,-0.4955788133925705,0.7869987187151818,0.7869987187151821
737,-0.4471514644685602,0.7869987187151818,0.7869987187151821
738,-0.39876668206251753,0.7869987187151818,0.7869987187151821
739,-0.3504245201277026,0.7869987187151818,0.7869987187151821
740,-0.30212503223195686,0.7869987187151818,0.7869987187151821
741,-0.2538682715585917,0.7869987187151818,0.7869987187151821
742,-0.20565429090727175,0.7869987187151818,0.7869987187151821
743,-0.15748314269489186,0.7869987187151818,0.7869987187151821
744,-0.10935487895644884,0.7869987187151818,0.7869987187151821
745,-0.06126955134590679,0.7869987187151818,0.7869987187151821
746,-0.013227211137056709,0.7869987187151818,0.7869987187151821
747,0.034772090775630024,0.7869987187151818,0.7869987187151821
748,0.08272830387615426,0.7869987187151818,0.7869987187151821
749,0.1306413780261478,0.7869987187151818,0.7869987187151821
750,0.17851126346403842,0.7869987187151818,0.7869987187151821
751,0.22633791080422108,0.7869987187151818,0.7869987187151821
752,0.2741212710362355,0.7869987187151818,0.7869987187151821
753,0.32186129552395004,0.7869987187151818,0.7869987187151821
754,0.36955793600475206,0.7869987187151818,0.7869987187151821
755,0.4172111445887448,0.7869987187151818,0.7869987187151821
756,0.46482087375795067,0.7869987187151818,0.7869987187151821
757,0.512387076365521,0.7869987187151818,0.7869987187151821
758,0.5599097056349531,0.7869987187151818,0.7869987187151821
759,0.6073887151593125,0.7869987187151818,0.7869987187151821
760,0.6548240589004635,0.7869987187151818,0.7869987187151821
761,0.7022156911883056,0.7869987187151818,0.7869987187151821
762,0.7495635667200167,0.7869987187151818,0.7869987187151821
763,0.7968676405593033,0.7869987187151818,0.7869987187151821
764,0.8441278681356573,0.7869987187151818,0.7869987187151821
765,0.8913442052436205,0.7869987187151818,0.7869987187151821
766,0.9385166080420544,0.7869987187151818,0.7869987187151821
767,0.9856450330534188,0.7869987187151818,0.7869987187151821
768,1.0327294371630558,0.7869987187151818,0.7869987187151821
769,1.0797697776184818,0.7869987187151818,0.7869987187151821
770,1.1267660120286862,0.7869987187151818,0.7869987187151821
771,1.1737180983634368,0.7869987187151818,0.7869987187151821
772,1.220625994952593,0.7869987187151818,0.7869987187151821
773,1.2674896604854258,0.7869987187151818,0.7869987187151821
774,1.3143090540099438,0.7869987187151818,0.7869987187151821
775,1.3610841349322285,0.7869987187151818,0.7869987187151821
776,1.4078148630157752,0.7869987187151818,0.7869987187151821
777,1.4545011983808414,0.7869987187151818,0.7869987187151821
778,1.5011431015038024,0.7869987187151818,0.7869987187151821
779,1.5477405332165144,0.7869987187151818,0.7869987187151821
780,1.594293454705684,0.7869987187151818,0.7869987187151821
781,1.6408018275122462,0.7869987187151818,0.7869987187151821
782,1.6872656135307484,0.7869987187151818,0.7869987187151821
783,1.7336847750087425,0.7869987187151818,0.7869987187151821
784,1.7800592745461836,0.7869987187151818,0.7869987187151821
785,1.8263890750948366,0.7869987187151818,0.7869987187151821
786,1.8726741399576896,0.7869987187151818,0.7869987187151821
787,1.9189144327883745,0.7869987187151818,0.7869987187151821
788,1.9651099175905953,0.7869987187151818,0.7869987187151821
789,2.0112605587175634,0.7869987187151818,0.7869987187151821
790,2.05736632087144,0.7869987187151818,0.7869987187151821
791,2.103427169102787,0.7869987187151818,0.7869987187151821
792,2.1494430688100215,0.7869987187151818,0.7869987187151821
793,2.195413985738884,0.7869987187151818,0.7869987187151821
794,2.2413398859819074,0.7869987187151818,0.7869987187151821
795,2.2872207359778955,0.7869987187151818,0.7869987187151821
796,2.333056502511412,0.7869987187151818,0.7869987187151821
797,2.3788471527122708,0.7869987187151818,0.7869987187151821
798,2.424592654055038,0.7869987187151818,0.7869987187151821
799,2.4702929743585407,0.7869987187151818,0.7869987187151821
800,2.5159480817853797,0.7869987187151818,0.7869987187151821
801,2.561557944841453,0.7869987187151818,0.7869987187151821
802,2.6071225323754863,0.7869987187151818,0.7869987187151821
803,2.6526418135785668,0.7869987187151818,0.7869987187151821
804,2.698115757983689,0.7869987187151818,0.7869987187151821
805,2.7435443354653053,0.7869987187151818,0.7869987187151821
806,2.7889275162388825,0.7869987187151818,0.7869987187151821
807,2.834265270860468,0.7869987187151818,0.7869987187151821
808,2.8795575702262624,0.7869987187151818,0.7869987187151821
809,2.924804385572196,0.7869987187151818,0.7869987187151821
810,2.970005688473517,0.7869987187151818,0.7869987187151821
811,3.0151614508443845,0.7869987187151818,0.7869987187151821
812,3.060271644937467,0.7869987187151818,0.7869987187151821
813,3.1053362433435514,0.7869987187151818,0.7869987187151821
814,3.1503552189911543,0.7869987187151818,0.7869987187151821
815,3.1953285451461446,0.7869987187151818,0.7869987187151821
816,3.2402561954113707,0.7869987187151818,0.7869987187151821
817,3.2851381437262943,0.7869987187151818,0.7869987187151821
818,3.3299743643666315,0.7869987187151818,0.7869987187151821
819,3.374764831944001,0.7869987187151818,0.7869987187151821
820,3.419509521405579,0.7869987187151818,0.7869987187151821
821,3.464208408033759,0.7869987187151818,0.7869987187151821
822,3.508861467445821,0.7869987187151818,0.7869987187151821
823,3.553468675593606,0.7869987187151818,0.7869987187151821
824,3.598030008763196,0.7869987187151818,0.7869987187151821
825,3.6425454435746016,0.7869987187151818,0.7869987187151821
826,3.6870149569814576,0.7869987187151818,0.7869987187151821
827,3.731438526270721,0.7869987187151818,0.7869987187151821
828,3.77581612906238,0.7869987187151818,0.7869987187151821
829,3.8201477433091657,0.7869987187151818,0.7869987187151821
830,3.864433347296272,0.7869987187151818,0.7869987187151821
831,3.908672919641082,0.7869987187151818,0.7869987187151821
832,3.952866439292899,0.7869987187151818,0.7869987187151821
833,3.997013885532685,0.7869987187151818,0.7869987187151821
834,4.041115237972805,0.7869987187151818,0.7869987187151821
835,4.085170476556776,0.7869987187151818,0.7869987187151821
836,4.129179581559026,0.7869987187151818,0.7869987187151821
837,4.173142533584655,0.7869987187151818,0.7869987187151821
838,4.217059313569201,0.7869987187151818,0.7869987187151821
839,4.260929902778416,0.7869987187151818,0.7869987187151821
840,4.30475428280805,0.7869987187151818,0.7869987187151821
841,4.348532435583627,0.7869987187151818,0.7869987187151821
842,4.392264343360244,0.7869987187151818,0.7869987187151821
843,4.435949988722367,0.7869987187151818,0.7869987187151821
844,4.47958935458363,0.7869987187151818,0.7869987187151821
845,4.523182424186647,0.7869987187151818,0.7869987187151821
846,4.566729181102823,0.7869987187151818,0.7869987187151821
847,4.610229609232174,0.7869987187151818,0.7869987187151821
848,4.653683692803153,0.7869987187151818,0.7869987187151821
849,4.697091416372474,0.7869987187151818,0.7869987187151821
850,4.740452764824953,0.7869987187151818,0.7869987187151821
851,4.783767723373347,0.7869987187151818,0.7869987187151821
852,4.8270362775581965,0.7869987187151818,0.7869987187151821
853,4.870258413247677,0.7869987187151818,0.7869987187151821
854,4.913434116637454,0.7869987187151818,0.7869987187151821
855,4.956563374250544,0.7869987187151818,0.7869987187151821
856,4.9996461729371795,0.7869987187151818,0.7869987187151821
857,5.042682499874677,0.7869987187151818,0.7869987187151821
858,5.085672342567312,0.7869987187151818,0.7869987187151821
859,5.128615688846201,0.7869987187151818,0.7869987187151821
860,5.171512526869183,0.7869987187151818,0.7869987187151821
861,5.2143628451207045,0.7869987187151818,0.7869987187151821
862,5.257166632411719,0.7869987187151818,0.7869987187151821
863,5.29992387787958,0.7869987187151818,0.7869987187151821
864,5.342634570987943,0.7869987187151818,0.7869987187151821
865,5.3852987015266685,0.7869987187151818,0.7869987187151821
866,5.42791625961174,0.7869987187151818,0.7869987187151821
867,5.470487235685169,0.7869987187151818,0.7869987187151821
868,5.5130116205149164,0.7869987187151818,0.7869987187151821
869,5.555489405194818,0.7869987187151818,0.7869987187151821
870,5.597920581144504,0.7869987187151818,0.7869987187151821
871,5.6403051401093345,0.7869987187151818,0.7869987187151821
872,5.682643074160328,0.7869987187151818,0.7869987187151821
873,5.724934375694104,0.7869987187151818,0.7869987187151821
874,5.7671790374328165,0.7869987187151818,0.7869987187151821
875,5.8093770524241055,0.7869987187151818,0.7869987187151821
876,5.8515284140410415,0.7869987187151818,0.7869987187151821
877,5.893633115982077,0.7869987187151818,0.7869987187151821
878,5.935691152270999,0.7869987187151818,0.7869987187151821
879,5.977702517256889,0.7869987187151818,0.7869987187151821
880,6.019667205614084,0.7869987187151818,0.7869987187151821
881,6.061585212342139,0.7869987187151818,0.7869987187151821
882,6.1034565327657955,0.7869987187151818,0.7869987187151821
883,6.145281162534947,0.7869987187151818,0.7869987187151821
884,6.187059097624618,0.7869987187151818,0.7869987187151821
885,6.228790334334935,0.7869987187151818,0.7869987187151821
886,6.270474869291104,0.7869987187151818,0.7869987187151821
887,6.3121126994433965,0.7869987187151818,0.7869987187151821
888,6.353703822067127,0.7869987187151818,0.7869987187151821
889,6.39524823476264,0.7869987187151818,0.7869987187151821
890,6.436745935455301,0.7869987187151818,0.7869987187151821
891,6.478196922395483,0.7869987187151818,0.7869987187151821
892,6.519601194158563,0.7869987187151818,0.7869987187151821
893,6.560958749644912,0.7869987187151818,0.7869987187151821
894,6.602269588079896,0.7869987187151818,0.7869987187151821
895,6.643533709013871,0.7869987187151818,0.7869987187151821
896,6.684751112322189,0.7869987187151818,0.7869987187151821
897,6.725921798205195,0.7869987187151818,0.7869987187151821
898,6.7670457671882325,0.7869987187151818,0.7869987187151821
899,6.808123020121652,0.7869987187151818,0.7869987187151821
900,6.8491535581808165,0.7869987187151818,0.7869987187151821
901,6.89013738286611,0.7869987187151818,0.7869987187151821
902,6.931074496002947,0.7869987187151818,0.7869987187151821
903,6.9719648997417885,0.7869987187151818,0.7869987187151821
904,7.01280859655815,0.7869987187151818,0.7869987187151821
905,7.053605589252618,0.7869987187151818,0.7869987187151821
906,7.094355880950866,0.7869987187151818,0.7869987187151821
907,7.1350594751036684,0.7869987187151818,0.7869987187151821
908,7.175716375486919,0.7869987187151818,0.7869987187151821
909,7.21632658620165,0.7869987187151818,0.7869987187151821
910,7.25689011167405,0.7869987187151818,0.7869987187151821
911,7.29740695665548,0.7869987187151818,0.7869987187151821
912,7.3378771262225,0.7869987187151818,0.7869987187151821
913,7.378300625776885,0.7869987187151818,0.7869987187151821
914,7.418677461045648,0.7869987187151818,0.7869987187151821
915,7.45900763808106,0.7869987187151818,0.7869987187151821
916,7.499291163260674,0.7869987187151818,0.7869987187151821
917,7.539528043287345,0.7869987187151818,0.7869987187151821
918,7.579718285189252,0.7869987187151818,0.7869987187151821
919,7.6198618963199225,0.7869987187151818,0.7869987187151821
920,7.65995888435825,0.7869987187151818,0.7869987187151821
921,7.700009257308523,0.7869987187151818,0.7869987187151821
922,7.740013023500439,0.7869987187151818,0.7869987187151821
923,7.779970191589133,0.7869987187151818,0.7869987187151821
924,7.819880770555193,0.7869987187151818,0.7869987187151821
925,7.859744769704686,0.7869987187151818,0.7869987187151821
926,7.899562198669173,0.7869987187151818,0.7869987187151821
927,7.939333067405734,0.7869987187151818,0.7869987187151821
928,7.979057386196983,0.7869987187151818,0.7869987187151821
929,8.018735165651087,0.7869987187151818,0.7869987187151821
930,8.058366416701787,0.7869987187151818,0.7869987187151821
931,8.09795115060841,0.7869987187151818,0.7869987187151821
932,8.137489378955886,0.7869987187151818,0.7869987187151821
933,8.176981113654765,0.7869987187151818,0.7869987187151821
934,8.216426366941228,0.7869987187151818,0.7869987187151821
935,8.255825151377099,0.7869987187151818,0.7869987187151821
936,8.29517747984986,0.7869987187151818,0.7869987187151821
937,8.334483365572655,0.7869987187151818,0.7869987187151821
938,8.373742822084301,0.7869987187151818,0.7869987187151821
939,8.412955863249298,0.7869987187151818,0.7869987187151821
940,8.452122503257828,0.7869987187151818,0.7869987187151821
941,8.491242756625761,0.7869987187151818,0.7869987187151821
942,8.53031663819466,0.7869987187151818,0.7869987187151821
943,8.56934416313178,0.7869987187151818,0.7869987187151821
944,8.608325346930057,0.7869987187151818,0.7869987187151821
945,8.64726020540812,0.7869987187151818,0.7869987187151821
946,8.686148754710274,0.7869987187151818,0.7869987187151821
947,8.724991011306496,0.7869987187151818,0.7869987187151821
948,8.763786991992424,0.7869987187151818,0.7869987187151821
949,8.802536713889346,0.7869987187151818,0.7869987187151821
950,8.841240194444183,0.7869987187151818,0.7869987187151821
951,8.879897451429475,0.7869987187151818,0.7869987187151821
952,8.918508502943363,0.7869987187151818,0.7869987187151821
953,8.957073367409562,0.7869987187151818,0.7869987187151821
954,8.99559206357734,0.7869987187151818,0.7869987187151821
955,9.03406461052149,0.7869987187151818,0.7869987187151821
956,9.072491027642304,0.7869987187151818,0.7869987187151821
957,9.110871334665534,0.7869987187151818,0.7869987187151821
958,9.149205551642362,0.7869987187151818,0.7869987187151821
959,9.187493698949362,0.7869987187151818,0.7869987187151821
960,9.225735797288456,0.7869987187151818,0.7869987187151821
961,9.263931867686868,0.7869987187151818,0.7869987187151821
962,9.302081931497083,0.7869987187151818,0.7869987187151821
963,9.340186010396796,0.7869987187151818,0.7869987187151821
964,9.378244126388848,0.7869987187151818,0.7869987187151821
965,9.416256301801186,0.7869987187151818,0.7869987187151821
966,9.454222559286787,0.7869987187151818,0.7869987187151821
967,9.492142921823607,0.7869987187151818,0.7869987187151821
968,9.530017412714503,0.7869987187151818,0.7869987187151821
969,9.567846055587172,0.7869987187151818,0.7869987187151821
970,9.60562887439407,0.7869987187151818,0.7869987187151821
971,9.643365893412339,0.7869987187151818,0.7869987187151821
972,9.681057137243723,0.7869987187151818,0.7869987187151821
973,9.718702630814484,0.7869987187151818,0.7869987187151821
974,9.75630239937531,0.7869987187151818,0.7869987187151821
975,9.793856468501225,0.7869987187151818,0.7869987187151821
976,9.831364864091496,0.7869987187151818,0.7869987187151821
977,9.868827612369524,0.7869987187151818,0.7869987187151821
978,9.906244739882744,0.7869987187151818,0.7869987187151821
979,9.94361627350252,0.7869987187151818,0.7869987187151821
980,9.980942240424023,0.7869987187151818,0.7869987187151821
981,10.018222668166118,0.7869987187151818,0.7869987187151821
982,10.055457584571249,0.7869987187151818,0.7869987187151821
983,10.092647017805303,0.7869987187151818,0.7869987187151821
984,10.129790996357489,0.7869987187151818,0.7869987187151821
985,10.166889549040196,0.7869987187151818,0.7869987187151821
986,10.20394270498886,0.7869987187151818,0.7869987187151821
987,10.24095049366182,0.7869987187151818,0.7869987187151821
988,10.277912944840171,0.7869987187151818,0.7869987187151821
989,10.314830088627607,0.7869987187151818,0.7869987187151821
990,10.351701955450268,0.7869987187151818,0.7869987187151821
991,10.388528576056581,0.7869987187151818,0.7869987187151821
992,10.42530998151709,0.7869987187151818,0.7869987187151821
993,10.462046203224286,0.7869987187151818,0.7869987187151821
994,10.49873727289243,0.7869987187151818,0.7869987187151821
995,10.53538322255738,0.7869987187151818,0.7869987187151821
996,10.571984084576396,0.7869987187151818,0.7869987187151821
997,10.608539891627958,0.7869987187151818,0.7869987187151821
998,10.645050676711563,0.7869987187151818,0.7869987187151821
999,10.681516473147532,0.7869987187151818,0.7869987187151821
1000,10.717937314576803,0.7869987187151818,0.7869987187151821
1001,10.754313234960721,0.7869987187151818,0.7869987187151821
1002,10.790644268580822,0.7869987187151818,0.7869987187151821
1003,10.826930450038615,0.7869987187151818,0.7869987187151821
1004,10.863171814255354,0.7869987187151818,0.7869987187151821
1005,10.89936839647181,0.7869987187151818,0.7869987187151821
1006,10.935520232248038,0.7869987187151818,0.7869987187151821
1007,10.971627357463127,0.7869987187151818,0.7869987187151821
1008,11.007689808314964,0.7869987187151818,0.7869987187151821
1009,11.04370762131998,0.7869987187151818,0.7869987187151821
1010,11.079680833312889,0.7869987187151818,0.7869987187151821
1011,11.115609481446432,0.7869987187151818,0.7869987187151821
1012,11.151493603191108,0.7869987187151818,0.7869987187151821
1013,11.187333236334899,0.7869987187151818,0.7869987187151821
1014,11.223128418982995,0.7869987187151818,0.7869987187151821
1015,11.258879189557511,0.7869987187151818,0.7869987187151821
1016,11.294585586797195,0.7869987187151818,0.7869987187151821
1017,11.330247649757139,0.7869987187151818,0.7869987187151821
1018,11.36586541780847,0.7869987187151818,0.7869987187151821
1019,11.401438930638056,0.7869987187151818,0.7869987187151821
1020,11.436968228248189,0.7869987187151818,0.7869987187151821
1021,11.472453350956268,0.7869987187151818,0.7869987187151821
1022,11.507894339394483,0.7869987187151818,0.7869987187151821
1023,11.543291234509478,0.7869987187151818,0.7869987187151821
1024,11.57864407756203,0.7869987187151818,0.7869987187151821
1025,11.6139529101267,0.7869987187151818,0.7869987187151821
1026,11.649217774091495,0.7869987187151818,0.7869987187151821
1027,11.684438711657515,0.7869987187151818,0.7869987187151821
1028,11.719615765338602,0.7869987187151818,0.7869987187151821
1029,11.754748977960974,0.7869987187151818,0.7869987187151821
1030,11.78983839266286,0.7869987187151818,0.7869987187151821
1031,11.82488405289413,0.7869987187151818,0.7869987187151821
1032,11.859886002415916,0.7869987187151818,0.7869987187151821
1033,11.894844285300225,0.7869987187151818,0.7869987187151821
1034,11.929758945929555,0.7869987187151818,0.7869987187151821
1035,11.964630028996496,0.7869987187151818,0.7869987187151821
1036,11.99945757950333,0.7869987187151818,0.7869987187151821
1037,12.034241642761632,0.7869987187151818,0.7869987187151821
1038,12.068982264391845,0.7869987187151818,0.7869987187151821
1039,12.103679490322873,0.7869987187151818,0.7869987187151821
1040,12.138333366791652,0.7869987187151818,0.7869987187151821
1041,12.172943940342725,0.7869987187151818,0.7869987187151821
1042,12.207511257827802,0.7869987187151818,0.7869987187151821
1043,12.242035366405327,0.7869987187151818,0.7869987187151821
1044,12.276516313540025,0.7869987187151818,0.7869987187151821
1045,12.310954147002457,0.7869987187151818,0.7869987187151821
1046,12.345348914868557,0.7869987187151818,0.7869987187151821
1047,12.379700665519172,0.7869987187151818,0.7869987187151821
1048,12.414009447639591,0.7869987187151818,0.7869987187151821
1049,12.448275310219074,0.7869987187151818,0.7869987187151821
1050,12.48249830255037,0.7869987187151818,0.7869987187151821
1051,12.516678474229234,0.7869987187151818,0.7869987187151821
1052,12.550815875153933,0.7869987187151818,0.7869987187151821
1053,12.584910555524752,0.7869987187151818,0.7869987187151821
1054,12.61896256584349,0.7869987187151818,0.7869987187151821
1055,12.65297195691295,0.7869987187151818,0.7869987187151821
1056,12.686938779836431,0.7869987187151818,0.7869987187151821
1057,12.720863086017209,0.7869987187151818,0.7869987187151821
1058,12.754744927158006,0.7869987187151818,0.7869987187151821
1059,12.788584355260468,0.7869987187151818,0.7869987187151821
1060,12.822381422624625,0.7869987187151818,0.7869987187151821
1061,12.856136181848353,0.7869987187151818,0.7869987187151821
1062,12.889848685826824,0.7869987187151818,0.7869987187151821
1063,12.923518987751958,0.7869987187151818,0.7869987187151821
1064,12.957147141111868,0.7869987187151818,0.7869987187151821
1065,12.990733199690291,0.7869987187151818,0.7869987187151821
1066,13.024277217566025,0.7869987187151818,0.7869987187151821
1067,13.057779249112357,0.7869987187151818,0.7869987187151821
1068,13.091239348996481,0.7869987187151818,0.7869987187151821
1069,13.124657572178918,0.7869987187151818,0.7869987187151821
1070,13.158033973912923,0.7869987187151818,0.7869987187151821
1071,13.191368609743897,0.7869987187151818,0.7869987187151821
1072,13.224661535508782,0.7869987187151818,0.7869987187151821
1073,13.25791280733546,0.7869987187151818,0.7869987187151821
1074,13.291122481642144,0.7869987187151818,0.7869987187151821
1075,13.324290615136762,0.7869987187151818,0.7869987187151821
1076,13.357417264816336,0.7869987187151818,0.7869987187151821
1077,13.39050248796636,0.7869987187151818,0.7869987187151821
1078,13.423546342160174,0.7869987187151818,0.7869987187151821
1079,13.456548885258318,0.7869987187151818,0.7869987187151821
1080,13.489510175407906,0.7869987187151818,0.7869987187151821
1081,13.522430271041971,0.7869987187151818,0.7869987187151821
1082,13.555309230878825,0.7869987187151818,0.7869987187151821
1083,13.588147113921396,0.7869987187151818,0.7869987187151821
1084,13.620943979456579,0.7869987187151818,0.7869987187151821
1085,13.653699887054561,0.7869987187151818,0.7869987187151821
1086,13.686414896568165,0.7869987187151818,0.7869987187151821
1087,13.719089068132167,0.7869987187151818,0.7869987187151821
1088,13.751722462162626,0.7869987187151818,0.7869987187151821
1089,13.784315139356199,0.7869987187151818,0.7869987187151821
1090,13.816867160689455,0.7869987187151818,0.7869987187151821
1091,13.849378587418181,0.7869987187151818,0.7869987187151821
1092,13.881849481076696,0.7869987187151818,0.7869987187151821
1093,13.914279903477137,0.7869987187151818,0.7869987187151821
1094,13.94666991670877,0.7869987187151818,0.7869987187151821
1095,13.979019583137267,0.7869987187151818,0.7869987187151821
1096,14.01132896540401,0.7869987187151818,0.7869987187151821
1097,14.043598126425357,0.7869987187151818,0.7869987187151821
1098,14.075827129391934,0.7869987187151818,0.7869987187151821
1099,14.108016037767904,0.7869987187151818,0.7869987187151821
1100,14.140164915290239,0.7869987187151818,0.7869987187151821
1101,14.172273825967988,0.7869987187151818,0.7869987187151821
1102,14.204342834081539,0.7869987187151818,0.7869987187151821
1103,14.236372004181876,0.7869987187151818,0.7869987187151821
1104,14.268361401089841,0.7869987187151818,0.7869987187151821
1105,14.300311089895379,0.7869987187151818,0.7869987187151821
1106,14.332221135956788,0.7869987187151818,0.7869987187151821
1107,14.364091604899961,0.7869987187151818,0.7869987187151821
1108,14.395922562617635,0.7869987187151818,0.7869987187151821
1109,14.427714075268614,0.7869987187151818,0.7869987187151821
1110,14.459466209277016,0.7869987187151818,0.7869987187151821
1111,14.491179031331495,0.7869987187151818,0.7869987187151821
1112,14.522852608384468,0.7869987187151818,0.7869987187151821
1113,14.554487007651343,0.7869987187151818,0.7869987187151821
1114,14.586082296609733,0.7869987187151818,0.7869987187151821
1115,14.61763854299868,0.7869987187151818,0.7869987187151821
1116,14.64915581481786,0.7869987187151818,0.7869987187151821
1117,14.6806341803268,0.7869987187151818,0.7869987187151821
1118,14.712073708044084,0.7869987187151818,0.7869987187151821
1119,14.743474466746557,0.7869987187151818,0.7869987187151821
1120,14.774836525468528,0.7869987187151818,0.7869987187151821
1121,14.806159953500966,0.7869987187151818,0.7869987187151821
1122,14.837444820390699,0.7869987187151818,0.7869987187151821
1123,14.868691195939604,0.7869987187151818,0.7869987187151821
1124,14.899899150203803,0.7869987187151818,0.7869987187151821
1125,14.931068753492847,0.7869987187151818,0.7869987187151821
1126,14.9622000763689,0.7869987187151818,0.7869987187151821
1127,14.993293189645929,0.7869987187151818,0.7869987187151821
1128,15.024348164388877,0.7869987187151818,0.7869987187151821
1129,15.05536507191285,0.7869987187151818,0.7869987187151821
1130,15.086343983782278,0.7869987187151818,0.7869987187151821
1131,15.117284971810111,0.7869987187151818,0.7869987187151821
1132,15.148188108056972,0.7869987187151818,0.7869987187151821
1133,15.179053464830337,0.7869987187151818,0.7869987187151821
1134,15.209881114683698,0.7869987187151818,0.7869987187151821
1135,15.24067113041573,0.7869987187151818,0.7869987187151821
1136,15.271423585069458,0.7869987187151818,0.7869987187151821
1137,15.302138551931417,0.7869987187151818,0.7869987187151821
1138,15.332816104530812,0.7869987187151818,0.7869987187151821
1139,15.363456316638677,0.7869987187151818,0.7869987187151821
1140,15.394059262267035,0.7869987187151818,0.7869987187151821
1141,15.424625015668052,0.7869987187151818,0.7869987187151821
1142,15.455153651333191,0.7869987187151818,0.7869987187151821
1143,15.485645243992368,0.7869987187151818,0.7869987187151821
1144,15.516099868613098,0.7869987187151818,0.7869987187151821
1145,15.546517600399655,0.7869987187151818,0.7869987187151821
1146,15.576898514792212,0.7869987187151818,0.7869987187151821
1147,15.607242687465998,0.7869987187151818,0.7869987187151821
1148,15.637550194330437,0.7869987187151818,0.7869987187151821
1149,15.667821111528303,0.7869987187151818,0.7869987187151821
1150,15.698055515434861,0.7869987187151818,0.7869987187151821
1151,15.728253482657012,0.7869987187151818,0.7869987187151821
1152,15.758415090032441,0.7869987187151818,0.7869987187151821
1153,15.788540414628757,0.7869987187151818,0.7869987187151821
1154,15.818629533742637,0.7869987187151818,0.7869987187151821
1155,15.848682524898972,0.7869987187151818,0.7869987187151821
1156,15.878699465850007,0.7869987187151818,0.7869987187151821
1157,15.908680434574478,0.7869987187151818,0.7869987187151821
1158,15.938625509276767,0.7869987187151818,0.7869987187151821
1159,15.96853476838603,0.7869987187151818,0.7869987187151821
1160,15.99840829055535,0.7869987187151818,0.7869987187151821
1161,16.028246154660867,0.7869987187151818,0.7869987187151821
1162,16.05804843980093,0.7869987187151818,0.7869987187151821
1163,16.087815225295238,0.7869987187151818,0.7869987187151821
1164,16.117546590683972,0.7869987187151818,0.7869987187151821
1165,16.14724261572695,0.7869987187151818,0.7869987187151821
1166,16.176903380402763,0.7869987187151818,0.7869987187151821
1167,16.20652896490792,0.7869987187151818,0.7869987187151821
1168,16.236119449655995,0.7869987187151818,0.7869987187151821
1169,16.26567491527676,0.7869987187151818,0.7869987187151821
1170,16.295195442615352,0.7869987187151818,0.7869987187151821
1171,16.32468111273139,0.7869987187151818,0.7869987187151821
1172,16.354132006898148,0.7869987187151818,0.7869987187151821
1173,16.383548206601684,0.7869987187151818,0.7869987187151821
1174,16.412929793540005,0.7869987187151818,0.7869987187151821
1175,16.442276849622207,0.7869987187151818,0.7869987187151821
1176,16.47158945696762,0.7869987187151818,0.7869987187151821
1177,16.50086769790498,0.7869987187151818,0.7869987187151821
1178,16.530111654971556,0.7869987187151818,0.7869987187151821
1179,16.559321410912332,0.7869987187151818,0.7869987187151821
1180,16.588497048679148,0.7869987187151818,0.7869987187151821
1181,16.617638651429854,0.7869987187151818,0.7869987187151821
1182,16.646746302527482,0.7869987187151818,0.7869987187151821
1183,16.675820085539403,0.7869987187151818,0.7869987187151821
1184,16.704860084236483,0.7869987187151818,0.7869987187151821
1185,16.73386638259226,0.7869987187151818,0.7869987187151821
1186,16.762839064782103,0.7869987187151818,0.7869987187151821
1187,16.79177821518238,0.7869987187151818,0.7869987187151821
1188,16.82068391836963,0.7869987187151818,0.7869987187151821
1189,16.849556259119748,0.7869987187151818,0.7869987187151821
1190,16.87839532240714,0.7869987187151818,0.7869987187151821
1191,16.907201193403917,0.7869987187151818,0.7869987187151821
1192,16.935973957479064,0.7869987187151818,0.7869987187151821
1193,16.964713700197635,0.7869987187151818,0.7869987187151821
1194,16.993420507319925,0.7869987187151818,0.7869987187151821
1195,17.02209446480067,0.7869987187151818,0.7869987187151821
1196,17.05073565878823,0.7869987187151818,0.7869987187151821
1197,17.079344175623785,0.7869987187151818,0.7869987187151821
1198,17.107920101840524,0.7869987187151818,0.7869987187151821
1199,17.13646352416286,0.7869987187151818,0.7869987187151821
