,0,1,2,3
0,0.0,0.0,0.0,0.0
1,0.0,0.0,0.0,0.0
2,0.0,0.0,0.0,0.0
3,0.0,0.0,0.0,0.0
4,0.0,0.0,0.0,0.0
5,0.13336374215722996,0.0,0.0,0.0
6,0.17550953216685375,0.0,0.0,0.0
7,0.22293785512125233,0.0,0.0,0.0
8,0.26911671702903095,0.0,0.0,0.0
9,0.3128840506172719,0.0,0.0,0.0
10,0.3542289822302289,0.02023775236013757,0.0,0.0
11,0.39252419228337077,0.046010942600708975,0.0,0.0
12,0.42694492075287066,0.06639390200408653,0.0,0.0
13,0.4570083139420178,0.07928525740730878,0.0,0.0
14,0.4826289777574853,0.08641997509808089,0.0,0.0
15,0.5040012408888307,0.0900223794759472,0.000952275848116317,0.0
16,0.5214848310921811,0.09171905731599153,0.0034062161899578655,0.0
17,0.5355225857206236,0.09247750400880554,0.006982327392968453,0.0
18,0.5465828792547325,0.09281013992946871,0.010861299937698358,0.0
19,0.5551208568189646,0.09296745563504978,0.014347142310450409,0.0
20,0.5615549732120317,0.09306399196911774,0.01709138507615018,0.00017340037969732286
21,0.5662553420750711,0.09314855343004685,0.01904916191524072,0.0009488109500762457
22,0.5695402926895333,0.09323991168042464,0.02034440116084884,0.002837226023933561
23,0.5716780206701072,0.09334385059008818,0.02115345920176912,0.006163328460870643
24,0.5728910100333386,0.09346091084149867,0.021638716546666086,0.010916845409181
25,0.5733616665567036,0.09358975373539204,0.021923794682215163,0.016787196145215007
26,0.5732381984512221,0.09372855027288879,0.022092452250754537,0.023307702649700744
27,0.572640198901148,0.09387551366651829,0.02219693118001884,0.03000638585454543
28,0.5716636595828175,0.09402907470583421,0.022267794808462974,0.03650263513067406
29,0.5703853142912287,0.09418791563700568,0.02232200428064688,0.042540658595554365
30,0.5688663104090455,0.09435095269558003,0.022368546036247473,0.04797948538838631
31,0.5671552580648327,0.09451730357045494,0.022411976251532656,0.052764267075741056
32,0.5652907300881183,0.0946862536027628,0.022454498972216377,0.05689620656288848
33,0.5633032921861336,0.09485722541976827,0.022497119143284054,0.060409001405299624
34,0.5612171398283362,0.09502975315649777,0.02254025417232606,0.06335314822330353
35,0.5590514108814856,0.09520346112333303,0.022584045955937115,0.06578647840090668
36,0.5568212338940753,0.09537804637108271,0.022628514509418503,0.06776871450918948
37,0.554538562647517,0.09555326453381353,0.022673630943262663,0.06935831842602513
38,0.5522128389736257,0.09572891837549757,0.02271935071699291,0.07061058613359407
39,0.5498515182333271,0.09590484854531132,0.022765627932150208,0.07157646410575454
40,0.5474604853542985,0.09608092612736578,0.022812420865030575,0.07230185452908777
41,0.5450443838940768,0.09625704664351627,0.022859693609433046,0.07282730121633652
42,0.5426068761243839,0.09643312523020585,0.02290741609157277,0.07318798337868514
43,0.540150848492862,0.09660909276232546,0.022955563477190633,0.07341394670724459
44,0.5376785738797529,0.09678489273999501,0.0230041154136728,0.07353049958375196
45,0.535191839708761,0.09696047878932623,0.023053055288122584,0.07355870669776089
46,0.5326920490875237,0.09713581265689032,0.02310236956664713,0.07351592311500965
47,0.5301803006535228,0.09731086260090151,0.023152047230823626,0.07341632581283755
48,0.5276574516107109,0.09748560210100128,0.02320207930754665,0.07327141373680929
49,0.5251241674987798,0.0976600088237902,0.023252458481534986,0.07309045952206158
50,0.5225809614906864,0.09783406379357507,0.023303178778256554,0.07288090531768274
51,0.5200282254242441,0.09800775072773325,0.02335423530565162,0.07264870162933176
52,0.5174662543078834,0.0981810555040933,0.02340562404439488,0.07239859216872789
53,0.5148952656731715,0.09835396573416527,0.02345734167794694,0.07213434993506943
54,0.5123154148567663,0.09852647042122695,0.02350938545507221,0.07185897070308074
55,0.5097268070658557,0.0986985596864256,0.023561753078761755,0.07157483021201784
56,0.5071295069008473,0.0988702245493915,0.023614442616579617,0.0712838109827591
57,0.5045235458669315,0.09904145675253605,0.023667452428358656,0.07098740407485604
58,0.5019089282940458,0.09921224862035531,0.023720781107926435,0.07068679038718115
59,0.4992856359963835,0.0993825929467824,0.023774427436163283,0.07038290539810257
60,0.49665363193286494,0.0995524829050131,0.023828390343205202,0.07007649058514737
61,0.4940128630749974,0.09972191197533693,0.023882668878020714,0.069768134183645
62,0.49136326264514196,0.09989087388739333,0.023937262183930066,0.06945830344588497
63,0.4887047518539544,0.10005936257398426,0.023992169478910814,0.06914737014436946
64,0.48603724123871184,0.1002273721341446,0.024047390039757074,0.06883563071746424
65,0.48336063168287224,0.10039489680362862,0.02410292318934051,0.0685233221738447
66,0.48067481518032473,0.10056193093133771,0.024158768286367194,0.06821063464399858
67,0.47797967539443464,0.10072846896050625,0.024214924717142372,0.06789772128366284
68,0.4752750880514252,0.10089450541369967,0.02427139188895027,0.06758470608741678
69,0.4725609211992672,0.10106003488086537,0.024328169224732913,0.06727169005383268
70,0.46983703535662236,0.10122505200982933,0.024385256158813484,0.06695875605080881
71,0.4671032835711228,0.10138955149875079,0.024442652133459655,0.06664597265620101
72,0.46435951140209225,0.10155352809014581,0.02450035659612231,0.0663333971907284
73,0.46160555683948856,0.10171697656616663,0.024558368997217347,0.06602107811420446
74,0.45884125016819455,0.10187989174488685,0.024616688788344138,0.0657090569199072
75,0.4560664137846655,0.10204226847739188,0.02467531542085506,0.06539736963332766
76,0.4532808619712374,0.10220410164551418,0.024734248344707388,0.06508604799901802
77,0.4504844006320298,0.10236538616008425,0.0247934870075422,0.064775120421519
78,0.4476768269932651,0.10252611695959475,0.024853030853945884,0.06446461271237444
79,0.4448579292699162,0.10268628900919499,0.02491287932485854,0.06415454868423583
80,0.44202748629984406,0.10284589729994942,0.024973031857100522,0.06384495062439499
81,0.43918526714596456,0.10300493684830764,0.025033487882994074,0.06353583967325803
82,0.43633103066644763,0.10316340269574309,0.025094246830061534,0.06322723612789985
83,0.43346452505250055,0.10332128990852642,0.025155308120785147,0.0629191596866055
84,0.4305854873328798,0.10347859357760657,0.02521667117241656,0.06261162964696991
85,0.42769364284391653,0.10363530881857737,0.025278335396826362,0.06230466506750135
86,0.42478870466350216,0.10379143077171253,0.025340300200385864,0.0619982849006041
87,0.4218703730071683,0.10394695460205453,0.02540256498387506,0.06169250810318574
88,0.4189383345840842,0.10410187549954672,0.025465129142411596,0.061387353729849596
89,0.41599226191049016,0.10425618867919925,0.02552799206539683,0.06108284101262153
90,0.41303181257777893,0.10440988938128166,0.025591153136475756,0.06077898943036321
91,0.4100566284721159,0.10456297287153628,0.025654611733508175,0.06047581877039772
92,0.407066334942158,0.10471543444140824,0.025718367228549015,0.06017334918437962
93,0.4040605399110784,0.10486726940828757,0.025782418987836182,0.05987160124005608
94,0.40103883292872633,0.1050184731157611,0.025846766371784485,0.059570595970261965
95,0.3980007841593516,0.10516904093387142,0.025911408734984726,0.05927035492025575
96,0.39494594329987787,0.10531896825938103,0.025976345426206908,0.058970900194320414
97,0.39187383842323864,0.10546825051603999,0.026041575788406948,0.058672254502411286
98,0.38878397474076576,0.10561688315485611,0.02610709915873636,0.05837444120752661
99,0.3856758332770535,0.10576486165436647,0.026172914868554362,0.05807748437439517
100,0.38254886945009475,0.10591218152090935,0.026239022243442146,0.05778140882001803
101,0.379402511548802,0.10605883828889616,0.02630542060321891,0.057486240166560426
102,0.3762361590992685,0.10620482752108257,0.026372109261959535,0.057192004897064684
103,0.37304918111029467,0.10635014480883874,0.026439087528013626,0.056898730414441795
104,0.3698409141877868,0.10649478577241792,0.026506354704025743,0.056606445104197003
105,0.3666106605066248,0.10663874606122327,0.026573910086956837,0.056315178401351335
106,0.36335768562747195,0.10678202135407283,0.02664175296810661,0.05602496086203644
107,0.3600812161447743,0.10692460735946215,0.026709882633136874,0.05573582424026252
108,0.3567804371508227,0.10706649981582465,0.026778298362095703,0.05544780157038927
109,0.3534544894992482,0.1072076944917894,0.026846999429442447,0.05516092725586676
110,0.3501024668496533,0.10734818718643627,0.026915985104073482,0.05487523716485707
111,0.3467234124732361,0.10748797372954846,0.026985254649348697,0.05459076873339873
112,0.3433163157972348,0.10762704998186201,0.02705480732311865,0.054307561076834536
113,0.3398801086637656,0.1077654118353127,0.027124642377752427,0.054025655110290116
114,0.3364136612761558,0.10790305521327964,0.027194759060166128,0.05374509367906519
115,0.332915777803139,0.10803997607082623,0.027265156611851946,0.05346592169988407
116,0.32938519160827784,0.10817617039493764,0.027335834268907965,0.053188186314045746
117,0.3258205600686815,0.10831163420475551,0.027406791262068433,0.05291193705361913
118,0.32222045894348234,0.1084463635518093,0.027478026816734672,0.05263722602194566
119,0.3185833762485926,0.10858035452024452,0.02754954015300659,0.0523641080898422
120,0.3149077055899981,0.10871360322704769,0.027621330485714714,0.05209264110904082
121,0.31119173890322605,0.10884610582226786,0.027693397024452792,0.05182288614456303
122,0.3074336585416866,0.10897785848923519,0.02776573897361096,0.05155490772790315
123,0.30363152865134047,0.10910885744477584,0.02783835553240942,0.051288774133092484
124,0.2997832857636603,0.10923909893942364,0.027911245894932647,0.05102455767793229
125,0.29588672853320624,0.10936857925762827,0.02798440925016416,0.050762335052923574
126,0.29193950654048606,0.10949729471796033,0.028057844782021755,0.05050218768068406
127,0.2879391080753203,0.10962524167331236,0.028131551669393306,0.050244202108931144
128,0.28388284681101084,0.10975241651109699,0.02820552908617298,0.04998847044042447
129,0.2797678472756561,0.10987881565344125,0.028279776201298065,0.04973509080360303
130,0.2755910290246236,0.11000443555737735,0.028354292178786166,0.049484167868020776
131,0.27134908941835695,0.11012927271503019,0.028429076177772985,0.04923581340907926
132,0.2670384849136189,0.11025332365380092,0.02850412735255048,0.048990146926973205
133,0.2626554107856487,0.1103765849365473,0.028579444852605575,0.04874729632520108
134,0.25819577921589826,0.11049905316176008,0.028655027822659274,0.048507398654437595
135,0.2536551957082003,0.11062072496373603,0.028730875402706253,0.04827060092800733
136,0.2490289338397644,0.11074159701274733,0.02880698672805492,0.04803706101561804
137,0.24431190841817618,0.110861666015207,0.028883360929367833,0.04780694862238142
138,0.2394986472095064,0.11098092871383106,0.028959997132702652,0.04758044636042801
139,0.23458326153633302,0.11109938188779667,0.02903689445955346,0.04735775092055538
140,0.22955941623202658,0.11121702235289684,0.02911405202689247,0.04713907435125694
141,0.22442029969762065,0.11133384696169114,0.029191468947212255,0.046924645452053965
142,0.21915859516412475,0.11144985260365284,0.029269144328568242,0.046714711287146306
143,0.2137664547470568,0.11156503620531237,0.029347077274621713,0.04650953882380462
144,0.2082354785295584,0.11167939473039688,0.029425266884683145,0.046309416697367635
145,0.20255670177122767,0.11179292517996611,0.029503712253755917,0.04611465710080513
146,0.1967205944619013,0.11190562459254436,0.029582412472580435,0.045925597791043805
147,0.19071707887015352,0.11201749004424891,0.02966136662767859,0.04574260419593498
148,0.18453557250169134,0.11212851864891447,0.029740573801398596,0.045566071593932736
149,0.17816506595219914,0.11223870755821376,0.029820033071960163,0.0453964273219914
150,0.17159424735280118,0.11234805396177455,0.029899743513499995,0.04523413294420677
151,0.1648116870425191,0.11245655508729249,0.029979704196117698,0.04507968628209379
152,0.15780609684038435,0.11256420820064057,0.030059914185921924,0.044933623164201734
153,0.15056667601133294,0.11267101060597436,0.030140372545076906,0.04479651869424252
154,0.14413992878465567,0.113790733077426,0.030492741323856824,0.04466784135854491
155,0.13763066207683797,0.11406605123782314,0.03062034194664222,0.044549401507129306
156,0.132029407322594,0.11530461576116359,0.031007708324603363,0.04444105264371878
157,0.12744359743196998,0.11666100501339634,0.03142894780430003,0.04434380112750031
158,0.12343937306213598,0.11760846009942377,0.0317421637203257,0.044259160590488275
159,0.12476366109173731,0.12166998736128184,0.032899193290746157,0.044186407450538805
160,0.12473879529552005,0.12205774787992466,0.0330675743434511,0.04412965193237096
161,0.12460891422437372,0.12234198984646104,0.033208874750245906,0.04408992752952253
162,0.12460969262086935,0.12275272928354773,0.03338544210524368,0.04406807953384635
163,0.12453916592900759,0.12309183347225766,0.0335435606157336,0.044064870949856526
164,0.12468660602397177,0.12364279516408923,0.03376050888026763,0.044080797821311
165,0.12455741747404138,0.12391682205171553,0.033903053845976375,0.04411600064206861
166,0.1248080322584137,0.12456685546845193,0.03414963954896058,0.04417021381087716
167,0.12462880568926414,0.12478794657160462,0.03428003944461958,0.04424219780008415
168,0.12405898091568507,0.12461439085753893,0.03430279155900087,0.04432966779246779
169,0.1239124026383254,0.12486107057484144,0.034441852776821436,0.04443014857341687
170,0.12365154780797465,0.1249899582851785,0.034549488978104774,0.044540568403347525
171,0.12316551715650892,0.12488703122669037,0.034593766993501945,0.04465786222178296
172,0.1225291973183424,0.12462600072944607,0.034594430308951166,0.044779498238237694
173,0.12204600385549971,0.12451533759027918,0.03463669434353247,0.04490388540481318
174,0.12215501453777396,0.12500659699166006,0.03484652919618503,0.045030495398292264
175,0.12136640656976286,0.12458466860491689,0.0347999955485661,0.04515770335054632
176,0.12076207097088441,0.12433272852916723,0.03480349320392408,0.04528526419184056
177,0.12028382705546892,0.12421311739456234,0.03484126892090613,0.04541303280259637
178,0.11992923008340302,0.12421843274668029,0.034913436536704055,0.045540930782227755
179,0.11968367010397246,0.1243346463993922,0.03501645152964047,0.04566887553788087
180,0.11931379711835503,0.12432024653661385,0.035082555149504924,0.04579651476623116
181,0.11929700150992469,0.12467288142530401,0.035252291228330325,0.04592399127393642
182,0.11917789655042003,0.1249197054793355,0.035392606489207716,0.046050983932346856
183,0.11894784314744052,0.12505028593005688,0.03550036609554992,0.04617723472959299
184,0.11871490169794452,0.12522724984595351,0.03560733407682899,0.046302701146741135
185,0.11777547336070981,0.12478277467226254,0.03550144870552363,0.04642669397529634
186,0.11749378799631881,0.12462389845207722,0.03559172491103197,0.046550027513869704
187,0.11723557613982866,0.12471539950738073,0.03568899729836899,0.04667286616988295
188,0.11683458176132702,0.12465294654332829,0.0357425965183156,0.04679519706598395
189,0.11692175184284548,0.1251099238706214,0.03594568887243963,0.04691765368160571
190,0.11697799532918972,0.12564584017303532,0.03614105208911693,0.04704031171816842
191,0.11664915492649541,0.1261952250535221,0.036218590164991,0.04716286283855179
192,0.11615355905691367,0.1265761623384249,0.03624403705806516,0.047285215305496925
193,0.11585363552044181,0.1269969064196496,0.03633001286592851,0.047407651053581794
194,0.1147609612887538,0.12659462339520558,0.036166132302294894,0.04752939875055753
195,0.11387795366334658,0.12558774686455357,0.03606481699759656,0.047650730106822504
196,0.11401072363205485,0.12507771659778685,0.036283910375507634,0.0477727700446142
197,0.11344988462201354,0.1243070973882467,0.03628310826262986,0.047894816039325654
198,0.11369022618079311,0.12484432060306974,0.03653846337166998,0.04801776163106903
199,0.11326283003318713,0.1247277160045104,0.03658075202072963,0.0481409171496148
200,0.1132111902547651,0.12502402850398195,0.03674454064556241,0.048264710940714835
201,0.113233639395255,0.1254272797080497,0.03693367890321397,0.04838923635809992
202,0.11353105127248765,0.1265165198929087,0.037214480642186513,0.04851479520019363
203,0.11206222827319383,0.12632801764955343,0.03691619653630034,0.048639409223862985
204,0.11092345677318588,0.12521726106612077,0.03672130812751993,0.04876338930712459
205,0.11167673253593022,0.1252933109049084,0.037151533860653306,0.048888807107804945
206,0.11167145710577507,0.1257117005191635,0.03733299067299421,0.0490147935760382
207,0.11170641531483295,0.12651773814790046,0.03752894344666035,0.04914138626780694
208,0.11063141971507062,0.12645929834865613,0.03735164213947019,0.04926733325259963
209,0.11023108752346665,0.126292356027209,0.03739951312357567,0.049393410805612874
210,0.1100073895758013,0.12621472746580883,0.0375069819514694,0.04951983204792812
211,0.10951066065929016,0.12591369418174295,0.03752102388886826,0.04964627956502243
212,0.10893102090106264,0.12528990195472636,0.03750522951104662,0.049772634297227315
213,0.10790958101715148,0.12383287907471423,0.03733510581048873,0.0498983501210513
214,0.10945926340127418,0.12565291628498787,0.03805523192268932,0.05002640300985505
215,0.1093013032022386,0.12646562258455038,0.038188113587685965,0.05015481251122702
216,0.10945114039007918,0.12779293979034814,0.03842969425177128,0.05028397013097352
217,0.10825487275006693,0.1280795427107234,0.03819851509517613,0.050412335781018974
218,0.10752089068802326,0.12785230641692677,0.03812656205360632,0.05054049770248877
219,0.10684033224463077,0.12716651786590985,0.038070842378057926,0.050668546688436074
220,0.10654740534409755,0.12646763273827993,0.03815129824449686,0.05079694942162834
221,0.10664406629371077,0.1262081367744639,0.038371339926732584,0.0509261565985901
222,0.1069312614167742,0.12661291088121768,0.03866204146854858,0.05105636334045908
223,0.10636899312522308,0.12668707489277795,0.03864711186229571,0.05118648340665487
224,0.10566445409137804,0.1262592722800436,0.03857882045878115,0.051316287453324366
225,0.10472564540704721,0.12504735679529883,0.038422325591066175,0.051445456727263056
226,0.10382486130146863,0.12308834324401421,0.038276164597318925,0.05157403361387827
227,0.10500281376639684,0.12475534699544832,0.03889636214637165,0.051704610624292005
228,0.10496564423129046,0.12503320976222407,0.039071807060183546,0.051835704815705916
229,0.10504219186886568,0.1254804683064044,0.0392910337539795,0.05196746325123442
230,0.10381799373122619,0.12478645495184021,0.03902339002698166,0.05209824878542215
231,0.10427154944566176,0.12516927582025,0.039384431092045084,0.05223016952199214
232,0.10441417086247526,0.12583219179449012,0.03963110832892315,0.05236285224229118
233,0.10380328652473209,0.12608055003559077,0.03959209591133559,0.05249536443172379
234,0.10352103148492277,0.1263056976689888,0.03967651959780769,0.05262815095710819
235,0.10299602447476323,0.12621116388532364,0.039667160571484054,0.05276091977596966
236,0.10242500174365443,0.12573648057465042,0.03963833292755609,0.052893598232449573
237,0.10238709366485688,0.12552604186946936,0.03981477778762417,0.053026830800063665
238,0.1021620503171452,0.12535097259889313,0.03991913105651456,0.05316031430247334
239,0.10212549067688417,0.12544038722670028,0.04009750227119932,0.05329424454921434
240,0.10176172978562002,0.12539273558575878,0.040147938994430483,0.05342817783695042
241,0.10244224260929997,0.12649093539534623,0.040611768807280554,0.053563516803305705
242,0.10151542677301366,0.12675835429278762,0.04044068165623223,0.05369819177374497
243,0.10049524805432275,0.1260713826186554,0.040228267225552214,0.05383211028560463
244,0.09971728353021207,0.12472122218138709,0.0401086403166229,0.053965602474645775
245,0.10053066735031846,0.12495784353763681,0.04062884806972377,0.0541007980509019
246,0.10018461256682269,0.12482799326670989,0.04068386391066462,0.05423614676568526
247,0.09996492679123126,0.12485285768015934,0.04078948372553875,0.05437182827315801
248,0.10040924372080062,0.12570796232378031,0.04116739456160486,0.054508768648476084
249,0.09944964540951141,0.12551460439897838,0.040971078753634295,0.05464506744596606
250,0.09961774944604404,0.1258302191832979,0.041237066030839604,0.05478224566900765
251,0.0988601064844893,0.125488918656037,0.04112008131280876,0.054918987612414906
252,0.09955564021817735,0.1263205610833838,0.04160703287425024,0.055057247218696
253,0.09941212720028678,0.12726781053070357,0.04174682812500231,0.0551958146310592
254,0.09874536499079317,0.12766498203813645,0.04166622425197052,0.05533391371681826
255,0.0984227605225324,0.12794420576454246,0.041728720563941064,0.055471991972667084
256,0.0977783065988877,0.1276923896570519,0.04165346833147186,0.05560958745703579
257,0.09717691375295741,0.1269585645719182,0.04159375873756431,0.055746768959663635
258,0.09664383049278458,0.12582443847745062,0.04156069354454704,0.055883657657557526
259,0.09625355204501612,0.12446873989745348,0.04158719802200208,0.05602048696821027
260,0.09718393011756299,0.12511983949110192,0.042185851340093214,0.056159166976626894
261,0.09691052622062751,0.12517056469399687,0.04226661521867207,0.05629800442415326
262,0.09712664709787376,0.12578370014703527,0.04256173835693312,0.05643769353547651
263,0.09720546311812639,0.12678408750703787,0.042799304562235685,0.05657801935478492
264,0.09637745328895907,0.12699512475099975,0.04263766917018024,0.05671765255238536
265,0.0957294542653935,0.12664347984393828,0.04255183715419225,0.0568568453881207
266,0.09551873274647231,0.12629344513273677,0.042658100676874464,0.05699625121595848
267,0.09509719256637751,0.12566659876774658,0.04266925964642068,0.05713559016344938
268,0.0949566969593718,0.1251267491706261,0.04280523853091017,0.05727528854333723
269,0.09443887155997623,0.12417684195029134,0.04277045405500826,0.05741478405030396
270,0.09511921886669755,0.1252133046449663,0.04327878556067135,0.05755582123191721
271,0.09469496952680959,0.1251388612994072,0.04328776750528852,0.057696735244594566
272,0.09445347205324137,0.12501508138237802,0.043379277779846244,0.05783776304560802
273,0.09420327605085274,0.12482858336376196,0.04346652665400223,0.057978865704173224
274,0.09521274746542215,0.12642150003589575,0.0441375113057642,0.058121914056688956
275,0.0938765041084931,0.12633779768194484,0.04372374669446705,0.0582633702649205
276,0.09330567344236683,0.12575759835570086,0.04366058204814186,0.05840436422501373
277,0.09350729171508652,0.12570791737789888,0.04395796905795695,0.05854606688649515
278,0.09357183677196879,0.12600667273761199,0.0441930304725684,0.05868830432801752
279,0.09263423761379959,0.1253084566609253,0.04395368205676755,0.05882960423198663
280,0.09291725115999827,0.1252463854734377,0.044290938621197165,0.058971888142842425
281,0.09239825313387028,0.12474257065906999,0.044247199197666315,0.059113985936831245
282,0.09190139163779885,0.12408007641696667,0.04421182896393949,0.059255945141897505
283,0.09125565629093925,0.1234580462287583,0.0441022690016024,0.059397502282052074
284,0.09182253839687017,0.12447466373127779,0.04457841801555239,0.05954047315903346
285,0.09174899867472408,0.12462584479083388,0.044747193583198425,0.05968379045590167
286,0.09126650679851456,0.1242197189002061,0.04471633832208637,0.059826749791904284
287,0.09041483290607298,0.1233063106992731,0.04450180579020154,0.059968738979429045
288,0.09179899947486507,0.1254416940325196,0.04538836295863342,0.060113282406866045
289,0.09085457063266403,0.1248414464828063,0.04512872283254252,0.0602567646433295
290,0.09076740644569989,0.124525509817041,0.0452912638642562,0.06040058408232269
291,0.08972187522372596,0.12333272810994628,0.044973749154756944,0.06054325822258117
292,0.08978384005421187,0.12365712054882448,0.04520796293596181,0.0606865549516752
293,0.09051861813143025,0.12490941294504548,0.045783661573211634,0.06083154380899401
294,0.09091892765033795,0.12570440736938793,0.046195390516354934,0.06097766978595055
295,0.09126149749818033,0.1271265081214846,0.04658147667193943,0.0611248021663687
296,0.09067477355305383,0.1279795392869606,0.04649484602209687,0.06127139830316981
297,0.09023749178676255,0.12846675373809993,0.04648242338789132,0.061417661776432486
298,0.08911329861444166,0.12762665090360995,0.046112437271391596,0.06156246239971815
299,0.08899551314850358,0.1268535863729737,0.046258401900669495,0.06170743786839428
300,0.08912532773010004,0.12649103703502948,0.04653341279440909,0.061853015415447875
301,0.08885054380967339,0.12597196832344104,0.04659797510470103,0.061998563138416216
302,0.0890045439502827,0.12589555413314288,0.04688755251500549,0.06214481029654287
303,0.08884991748982315,0.12582946000869746,0.04701632090001195,0.06229128029598943
304,0.08909623445061791,0.12633777485649098,0.04735849128263135,0.06243866548785719
305,0.08886650262531415,0.12675048715665924,0.04744937152322233,0.06258620811232406
306,0.08825143716472983,0.12652076121783296,0.047332963387668146,0.06273327738525915
307,0.08781138460204001,0.12589112407983039,0.0473073354839582,0.06288015381220932
308,0.08784255118934838,0.12552605931380786,0.04753445209381115,0.0630276063390846
309,0.08763494246254637,0.12508529590870557,0.04763279981120381,0.06317520829551271
310,0.08775522880254837,0.12503310516767388,0.04790941562060106,0.06332347676008988
311,0.08821108853880767,0.12584852387363996,0.048371782049827575,0.06347294876981774
312,0.08723220994672233,0.12548492476441214,0.04804815821135788,0.06362117293008641
313,0.08735228531879186,0.12550762477116995,0.04832622324377753,0.06377000730771615
314,0.08737877010217139,0.12578290183501,0.04855402985621638,0.06391930027551693
315,0.08753097335250758,0.12649075971384338,0.04885306475374007,0.06406925592721581
316,0.0874916537071148,0.1273554324194139,0.04904659455082131,0.06421949884920272
317,0.08661831283675325,0.12717415266798002,0.0487713116982843,0.06436851580385433
318,0.08547515393141698,0.1255505207556744,0.04833805699216024,0.06451575927665984
319,0.08611397569344997,0.1250519033540737,0.04890941445036682,0.06466426029202738
320,0.0892751519902984,0.129334426493693,0.050925025221299325,0.06481839953494507
321,0.08784881515651037,0.1317652676027873,0.05033674026519623,0.0649703402527536
322,0.0864338512388744,0.13235023850199992,0.04974514990566372,0.06512018318407826
323,0.08531164892533201,0.13150606337520732,0.04931357728022093,0.06526849549727999
324,0.08444347268241945,0.12959496536361195,0.04902219436543453,0.06541573821319428
325,0.0841703154873025,0.12747610515753727,0.04907103217931987,0.06556292749860473
326,0.08443958697028225,0.12593829627373798,0.0494355713257651,0.06571097261675876
327,0.08557667475335597,0.12625372972025492,0.050313263370014454,0.06586136106039077
328,0.08587310101594067,0.1271980260931783,0.05070463610611138,0.06601260142043358
329,0.08607599759010359,0.12863716394827066,0.051044543072369844,0.0661645341718183
330,0.08566440073600577,0.1296695475993057,0.051021598242570784,0.06631609824893595
331,0.08466830794637875,0.12943119830312505,0.05064694007743928,0.0664662732584318
332,0.08373560272635548,0.12800728036251857,0.05030306492506789,0.06661516167929014
333,0.08387280885926837,0.12697063916657986,0.05059769897115352,0.06676464366044636
334,0.08446992205906163,0.1270005862443757,0.051172282954114336,0.06691551891411332
335,0.08489754862043578,0.12784799766701543,0.05164892838007682,0.06706746634929513
336,0.08426996679349592,0.12794853620433783,0.05148516878407254,0.06721857427545615
337,0.083758732497414,0.12747149918743422,0.051389129238800235,0.0673690235920287
338,0.08283876818017205,0.12580520190593616,0.0510382754910403,0.06751806598236842
339,0.08362454272712753,0.12548612160056746,0.05173624767822776,0.06766878756629469
340,0.08399684862352944,0.12590039298189007,0.05218394865677795,0.06782048355019406
341,0.08382782008534657,0.12623988087996257,0.05229781066448811,0.06797218191441583
342,0.08367129211597113,0.1265216355316268,0.05241953174153169,0.06812384766263296
343,0.08389302432494637,0.12731192618744908,0.05277959828387689,0.06827608019477249
344,0.0839275663667191,0.12833020254389949,0.05302415718221744,0.06842849288020407
345,0.08285196916419874,0.127905837003845,0.052565073928998424,0.06857911580035564
346,0.08254676665129464,0.12719064060134527,0.05258855333124475,0.06872948751383352
347,0.08254805198459235,0.12664365797044008,0.05280611182066662,0.06888034050198916
348,0.08266079108428584,0.12643174658670692,0.05309577566171209,0.06903200550949487
349,0.08273587833898242,0.12649715056302707,0.053362667446121996,0.06918443221750006
350,0.08258656918285669,0.12650020786605812,0.05348592250800719,0.06933710937080777
351,0.08250845965926713,0.12654790320109177,0.05365547874104079,0.06949000411462665
352,0.08227269145985744,0.1264001974042711,0.05372244902520192,0.06964267658368671
353,0.08220206847201468,0.12630584377444432,0.05389657364941978,0.06979536619875015
354,0.08203102832729997,0.1261105542690305,0.05400469631132075,0.06994791185479514
355,0.08197357980046537,0.12598526376800165,0.05418724535152943,0.07010059771039849
356,0.08208228031657745,0.12618189827084464,0.05448031771855707,0.07025379522979057
357,0.0820298293909451,0.12645390295743694,0.054667592460367245,0.07040722408842517
358,0.08216831272058779,0.12709185378703944,0.05498285322184808,0.07056123348152814
359,0.08208758221186617,0.12775995486887565,0.05515256965043886,0.070715409150857
360,0.08142776363839631,0.1275691625883932,0.054931542743855866,0.07086866990240642
361,0.08104304798439606,0.12693682302015408,0.054891988164423755,0.07102153222574915
362,0.08102081292201814,0.12641653872104877,0.05509639459978353,0.07117465829672916
363,0.08074193055812891,0.12561204814167407,0.05512600222113645,0.07132751609311198
364,0.08033505364561067,0.12432343671851269,0.0550662584284984,0.07147979784010298
365,0.08014345249063436,0.1235563159486572,0.05515224573543613,0.07163185211445904
366,0.08020431060603501,0.12378955248549735,0.055412080143723945,0.07178413130643838
367,0.08085192223081844,0.1249292084904395,0.056080246723686396,0.07193777104213477
368,0.08120366600204892,0.12561400362226544,0.05654854088823799,0.07209227270667633
369,0.08047421399794424,0.12523985741776056,0.056264736481575636,0.07224565173020044
370,0.08017864091176964,0.12454596013476087,0.05628030591925278,0.07239878080481413
371,0.08059324817409336,0.12508616262483663,0.0567946171821521,0.07255302955560052
372,0.08026736987715047,0.12480210995130697,0.05678883052320523,0.07270696424024516
373,0.07999058676808067,0.12441814869392241,0.05681529796612184,0.07286064228222013
374,0.08055091048625622,0.1254209423391429,0.05743681362690565,0.07301564274395246
375,0.08048291471323633,0.12586712807749495,0.057613929554543135,0.07317074298202046
376,0.07987447055686737,0.12549355122033207,0.057402587665951625,0.07332489190372549
377,0.08003847613485554,0.125502583784036,0.0577440560075309,0.0734795714814926
378,0.08008931213641285,0.12571733375834768,0.058005757234583316,0.07363455066158071
379,0.08026391980886383,0.12633042419666696,0.05835847251561349,0.07379004331457165
380,0.08017747817070793,0.12693224271289014,0.05852273342835174,0.07394551382327245
381,0.07997469060736388,0.12733908633712857,0.058601945619102536,0.07410072266695192
382,0.07963905316252645,0.12734049778811254,0.05858253793971791,0.0742554307383148
383,0.07931161332067237,0.1269465710820818,0.0585669182477138,0.07440970414689466
384,0.07916694003393089,0.12644179233117017,0.05868432651948669,0.07456396621207224
385,0.07944665185404413,0.12649220851089277,0.05911659354160658,0.07471911620822333
386,0.07920897273964375,0.1262828144513223,0.05916519861159363,0.07487420582836035
387,0.07906311699095775,0.12595655611881101,0.059281220675076796,0.07502944115260163
388,0.0793419546734173,0.12618249350345093,0.059716375463129336,0.07518563048120391
389,0.07923283407930978,0.1263483118671185,0.059861542891854046,0.07534192952735566
390,0.07898811645506747,0.12623803517235752,0.05990339429435456,0.07549796166916212
391,0.0791117103164466,0.12643241890792503,0.060223974459877254,0.07565436482631367
392,0.07886864623973872,0.12635020083397697,0.06026596370313698,0.07581036582835604
393,0.07878299073704755,0.12623843379400174,0.060426953639855875,0.07596626655436717
394,0.07869252670493888,0.12608762430168202,0.06058387410475883,0.0761220710072546
395,0.0783813075257205,0.12554567093610655,0.06056989518593869,0.07627735331852703
396,0.07810451281455628,0.12466477485434589,0.060580310856179445,0.07643217978786535
397,0.07814406265564869,0.12428110608210355,0.06083507325526903,0.07658717228257964
398,0.07852073981218342,0.12497882990063536,0.061354124476045185,0.0767430007647801
399,0.07813720668923983,0.1244660203843843,0.061280829617776915,0.07689815989785657
400,0.07882864119700599,0.12566462284323077,0.06205112481397264,0.07705477958555358
401,0.07842903894282936,0.12578910569323126,0.06196627479253447,0.07721067897174318
402,0.07819474806493061,0.12563496433759502,0.06200970515153168,0.0773661736403214
403,0.0784028830307946,0.12590670649035926,0.062403580921002656,0.07752215188277314
404,0.0778145784549339,0.1253303299082486,0.06216349742475972,0.07767706921509189
405,0.07835118569753324,0.12570186232160505,0.06282030102269828,0.07783322187652734
406,0.07788997750205372,0.12542381443865996,0.06267916129020203,0.07798867239404039
407,0.07859171279906166,0.12635689659197527,0.06347370226807085,0.07814576701431102
408,0.07866580006742022,0.12749568692519986,0.0637660693497316,0.07830325208673104
409,0.07753778723174122,0.1269107682017481,0.06308178275591778,0.07845868971670869
410,0.07734742790757719,0.12610274373155106,0.06315349792555501,0.07861391174380396
411,0.07789528578872178,0.1262562132415097,0.06382902248210298,0.07877036171588174
412,0.07788422005443077,0.12647264098140368,0.06405000634449207,0.07892689217564242
413,0.0775772329979818,0.12627414368778256,0.06402687159321467,0.07908289821655079
414,0.07755676783706528,0.12612045149459353,0.06423917068590236,0.07923896282794539
415,0.07751620312716791,0.12597877826487028,0.06443542728228017,0.0793950662055414
416,0.07739850612470757,0.12572340384978606,0.06456725889187358,0.07955108561727173
417,0.07798073305498848,0.1264813464244032,0.06528413673412604,0.0797084748914879
418,0.07779096882169637,0.1270076634663966,0.06535794316179667,0.07986571016531434
419,0.07710371735550196,0.12649754063450835,0.06501098307851047,0.080021785134269
420,0.07682265777065378,0.1256039267415932,0.06500198510184017,0.08017748000726191
421,0.0769994478656355,0.12506484410039867,0.06537968115738049,0.0803336530287574
422,0.07683723224814137,0.12433071761470368,0.06547016047544225,0.0804895449428345
423,0.07739207733656615,0.12522918310754844,0.06617239591393079,0.08064656272086237
424,0.07737978387222792,0.12550421953257548,0.06639349866274587,0.08080354846280985
425,0.07745837602703684,0.12597179401316833,0.06669348527248481,0.08096071005465698
426,0.07731764724008429,0.12627565029077503,0.06680526298474812,0.0811176353661274
427,0.0770457183367674,0.12620173894643366,0.06680256218321862,0.08127407317327905
428,0.07720389843726096,0.12644560155835594,0.06717177136271905,0.08143087095755439
429,0.0766914002381984,0.12591744034992644,0.06695699771760177,0.08158662581013268
430,0.07689159155123419,0.12577157073599346,0.0673621459041766,0.08174278572277775
431,0.07674747776846955,0.12544758708193957,0.0674667477566766,0.08189870563566658
432,0.07693309423888932,0.12547990119448907,0.06786135043968905,0.08205511889307053
433,0.07691421895331357,0.1255352324610858,0.06807688657195915,0.08221164228224563
434,0.07667856947988269,0.12526034659727617,0.06810020650474953,0.08236783336306376
435,0.07665052347269502,0.12499174507371344,0.06830678978180915,0.08252409820217749
436,0.07665397122996646,0.12478800074252998,0.06854177390748808,0.08268048679564832
437,0.0763930257815657,0.12441272670852464,0.06853997802794294,0.08283643703995255
438,0.07660937319630207,0.12481322359727352,0.06896583000077924,0.08299287840546811
439,0.07664485418411411,0.12491816802989084,0.0692306570376792,0.08314939981994834
440,0.0764289147472012,0.12461205255573515,0.06926819814263531,0.08330549396086719
441,0.07656502916774588,0.1248784894384039,0.06962404930490566,0.08346194102215387
442,0.07663835992635376,0.125041755356505,0.06992414373531429,0.0836186928030197
443,0.07608440848314407,0.12422187659367061,0.06965083633893626,0.08377450525654716
444,0.0765178036018838,0.12492826066367493,0.0702795205531393,0.08393136614666591
445,0.07625007387756422,0.12453089226317868,0.07026645820018725,0.08408774964675982
446,0.07652469217153259,0.125017850595255,0.07075271915133374,0.08424466699155367
447,0.07744434273707745,0.12657571423063765,0.07184009739349141,0.08440337929530298
448,0.07667233278618535,0.12690882507543208,0.0713620536601189,0.08456041489260119
449,0.07623687654373067,0.1265650969703041,0.07119132891173109,0.08471651070742586
450,0.07668680141936532,0.12699094658862212,0.07184639735544893,0.08487354886312576
451,0.07681451538988836,0.12765843903051619,0.0722028965347562,0.08503093167754674
452,0.07665057758199786,0.12808816851309282,0.07228515355992869,0.085188089635774
453,0.07634552127052541,0.1280477066796621,0.07223268364053838,0.08534472027779634
454,0.07561306319773746,0.12683643968112798,0.07177235296712739,0.08549991418303075
455,0.07578428316360425,0.12593207650090857,0.0721660224894458,0.08565550283016232
456,0.07607318353789592,0.12552613202834492,0.07267371306601503,0.08581172337217129
457,0.0762028033673377,0.12535721292344776,0.07303157185928323,0.08596826139936978
458,0.07617275627683726,0.1251633745462238,0.07323752408974829,0.08612480412034952
459,0.07627961867061134,0.12516876051386003,0.073576081046264,0.08628163046338426
460,0.07627886126784783,0.12519626149125482,0.07381200098817763,0.08643850093378076
461,0.0763288218441286,0.12532772068844286,0.0740972489201329,0.08659549736498573
462,0.07631236239517804,0.12545285752856472,0.07431811912806432,0.08675245810898687
463,0.07629023848988292,0.12556098021955645,0.0745331340792913,0.08690936719296648
464,0.07623670104013265,0.12559877861757482,0.07471707000872531,0.08706617455524794
465,0.0762614518601697,0.1256928753629843,0.07497756023500188,0.08722305817116914
466,0.07619398254514047,0.12569051183043306,0.07514742702891879,0.08737982586174639
467,0.07597549927540845,0.12534275044401327,0.07516736657171869,0.08753609206974514
468,0.0761830902542284,0.12534762347316278,0.07560830225592412,0.08769261856592953
469,0.07618535236523608,0.12536737973635007,0.07584711471496705,0.08784893901611183
470,0.07624389434936797,0.12549339982749216,0.07614263131068676,0.08800521695723715
471,0.07616729778735012,0.12550296499644747,0.07630380483934891,0.08816123864818852
472,0.07622073629064137,0.1256087202879488,0.07659539886087656,0.08831729962051844
473,0.07622346142096469,0.12572629140650174,0.07683647545585418,0.08847331633995373
474,0.07567991201998915,0.12495773404026077,0.07652520063287413,0.08862825329000665
475,0.076436470096097,0.1254782304402002,0.07752746858822702,0.0887849067427152
476,0.07671158907241407,0.12641191258320775,0.07804704935815994,0.0889423820161428
477,0.07641654904778203,0.12686376416694398,0.07798736474841078,0.08909948126779654
478,0.07590025059351213,0.12646930325596162,0.07769844607200303,0.08925563278928979
479,0.0758588360152247,0.12600765001374142,0.07789277423043253,0.08941168658570373
480,0.07614791315352025,0.12601986545729202,0.07842690574762465,0.08956823131391477
481,0.0757803886224181,0.12542628834331435,0.07828515190837478,0.08972387041978974
482,0.07595949249819511,0.12512327275234836,0.07870653656313666,0.08987971761201106
483,0.07604338703911076,0.12495411438417113,0.07903124337507371,0.09003559120852886
484,0.07583467403907965,0.12448346364610208,0.07905213096975217,0.0901909209672612
485,0.07601581575945733,0.12477486128560805,0.07947866395054214,0.09034653662075977
486,0.076057654325449,0.12483718191622928,0.07976106349117618,0.09050217926660863
487,0.07580897466706814,0.12442187623726035,0.07973834617791765,0.09065729098564192
488,0.0759291598420168,0.12461061783431329,0.08010241556525004,0.09081265397807324
489,0.07575813808815089,0.12432016288510754,0.08015977829773639,0.09096766811743906
490,0.07513079812066288,0.12327972837735847,0.07973135907806762,0.09112136634210137
491,0.07582453500777135,0.12440577092759794,0.08070303191944735,0.09127641867458812
492,0.07659446725599892,0.12565557370396177,0.08176257515832722,0.09143296188484172
493,0.07723569461457976,0.12734840297274444,0.08269166577652687,0.09159072458317705
494,0.0769586067797827,0.12857100297538748,0.08264114022031525,0.09174788204457451
495,0.0761018980792512,0.128372796809977,0.08196452145086806,0.0919032796717309
496,0.0752686447348169,0.126791415167987,0.08130505908599019,0.09205687979746682
497,0.07535100872446633,0.12532629836432513,0.08162907980297104,0.09221044330745325
498,0.07549618321519114,0.12407803887664012,0.08202139442515861,0.09236411631002678
499,0.0761046841499175,0.12472648552686956,0.08291983655815663,0.09251897867830035
500,0.07650770122788546,0.12536340320709063,0.08360019736785844,0.09267471887430871
501,0.07663209924698536,0.1259072730288333,0.08398010231056786,0.09283081184495387
502,0.07642087551323219,0.12608204770024486,0.0839928132215707,0.09298656212825326
503,0.07613262032102139,0.12576196547634158,0.0839187015691161,0.09314175616685601
504,0.0756073623821483,0.12455824551064285,0.08357947329152837,0.0932958658735301
505,0.07590577660438738,0.12425944306825575,0.08414815489850085,0.093450539971223
506,0.07597446981760869,0.12434372415710145,0.08446421093140208,0.0936052747146093
507,0.07617682693692039,0.1246447378190442,0.08492985019553179,0.09376034214276276
508,0.07645322899218299,0.12506563015659014,0.08547988410127533,0.09391591440019377
509,0.07668112221958027,0.1254726621990312,0.08597808055463424,0.09407192621286742
510,0.07615065606162524,0.12498069891269964,0.08562558625018934,0.09422695513576902
511,0.07629953568719886,0.12471977410724297,0.0860344971330996,0.09438242489900037
512,0.07659093651715153,0.12516322886936895,0.08660656483797434,0.09453840872857884
513,0.07649576229280283,0.12513633951780243,0.08674335279126805,0.09469371693859487
514,0.07650625273406664,0.12508992769115038,0.08699919977390606,0.09484831670779399
515,0.0766420193217645,0.12522769268084083,0.08739802324576215,0.09500263758507134
516,0.07655761988987128,0.12518916087023738,0.087545949568186,0.09515676763776193
517,0.0763982827595061,0.12485111441464979,0.0876065791381455,0.09531101295414082
518,0.07638219975722382,0.12459585205300062,0.08783040803590644,0.09546575990639378
519,0.07629473341450639,0.12441298754696453,0.08797215676579477,0.09562058702602862
520,0.07631320901218368,0.1244017680178215,0.08823583470934486,0.09577527806900464
521,0.07636528778805526,0.12444425159041525,0.08853886822824912,0.0959295916491313
522,0.07651435106996428,0.12464416497734652,0.08895529347971372,0.09608369237992062
523,0.07654482188270423,0.12465005444931912,0.08923476809987922,0.09623754611337516
524,0.07655991179115607,0.12463014167054151,0.08949633954695838,0.09639146100722101
525,0.07652809257951697,0.12453313718224557,0.08970303755412667,0.09654551659625199
526,0.07677621276605698,0.12489064404156408,0.09023851808438614,0.09670021929628815
527,0.07675334908649115,0.12480578273029268,0.09045684393210357,0.09685484404287072
528,0.07679658480343958,0.12482722596781909,0.09075292236047133,0.09700931879044049
529,0.07678024523652538,0.12475067168667744,0.09097876678392593,0.0971633615388314
530,0.07673449910118398,0.12462544092597558,0.09116949476258548,0.09731701026075942
531,0.07674524273302948,0.12459085387962611,0.09142685603005359,0.0974705470679393
532,0.07668534929388668,0.12444086736573837,0.09160000194791483,0.09762383199997436
533,0.07683160255971744,0.12462463577398251,0.09201958601769364,0.09777723326392966
534,0.07694893110559048,0.12476044721801467,0.09240601579064969,0.0979306959850241
535,0.07699622202093329,0.12478171463097129,0.09270942792834738,0.09808407325873834
536,0.07693986500810478,0.12463440132335005,0.09288823425423406,0.09823717827303018
537,0.0768862158837473,0.12449100488427528,0.09306978592408305,0.09839010529169413
538,0.07692229945356176,0.12449206379592113,0.09335952464518701,0.09854310624370666
539,0.0769966519199333,0.12455394236149409,0.09369597228423408,0.09869629436327157
540,0.07706873724178373,0.12461098416214923,0.0940302886553872,0.0988496507858086
541,0.07717336466462417,0.12471963573206134,0.09440503931763322,0.09900318095911904
542,0.0772883446926182,0.12484393831917623,0.09479345797459907,0.09915680259200878
543,0.07739271158950613,0.12495011259062447,0.09516985266020919,0.09931042897187797
544,0.07746988961951687,0.12501148683877342,0.09551364391388266,0.09946400590388951
545,0.07750047386176533,0.12500826985593486,0.09580054610046633,0.09961748951343775
546,0.07753377854498611,0.1249936853728939,0.09609104962485422,0.09977082803361695
547,0.07761328861654948,0.12504730632643393,0.09643923100843524,0.09992408513726166
548,0.07767318234068761,0.12512371287359708,0.0967635860023421,0.10007724315790585
549,0.0778117705512586,0.12535488665271396,0.09718657789935443,0.10023050777958724
550,0.07791421188365581,0.12568162035154776,0.0975654715638302,0.10038387189960686
551,0.07793177617229637,0.1259665724799196,0.09783874448861773,0.10053719452800573
552,0.07800600630750507,0.12630011544112796,0.09818350207128758,0.1006906145476539
553,0.07798794952639651,0.1265332461122992,0.09841249584107682,0.10084387751032622
554,0.07790952645701911,0.12656838267446877,0.09856475426309294,0.10099676025648491
555,0.07793716888840488,0.12657505450209175,0.09885056220525476,0.10114944290614436
556,0.07806917536342083,0.12671975989646003,0.09926917371633082,0.10130221080044263
557,0.07812747344756182,0.12688333650867792,0.09959485014290899,0.10145501641763964
558,0.07802772482342042,0.12681198998930315,0.09971894134216822,0.10160755374861061
559,0.07797928076386011,0.12658776166622943,0.09990774733841631,0.10175985725410508
560,0.07795634718336761,0.12625111680249237,0.10012875856212565,0.10191191834835395
561,0.07800498210829064,0.12591570651609715,0.10044150968871132,0.10206382540958182
562,0.07819045855300663,0.1257992698326036,0.10093120460569853,0.102215802840558
563,0.07816466059404531,0.12556344404236078,0.10114930368110055,0.10236742357786785
564,0.07838054380093679,0.1255930484024943,0.10168059074767298,0.10251917524331867
565,0.07850749341029645,0.12574497095506562,0.10209817048288954,0.102670941577293
566,0.07860615813065988,0.12597323051837847,0.10247997506076943,0.10282271063404674
567,0.07866065500865288,0.12620640778968772,0.10280470481506017,0.10297437712828832
568,0.07851292900576021,0.12612173772868196,0.10286502266915266,0.10312553983503586
569,0.07846602998379636,0.1258788312331857,0.10305620389633267,0.1032763256596516
570,0.07861122988368781,0.12578205978333248,0.1034997226336716,0.10342708171218301
571,0.07851336904513675,0.12544424763487816,0.10362358907492746,0.10357742290515196
572,0.0785407735582181,0.12506410351810507,0.10391205418766469,0.10372760046631432
573,0.0787788690081871,0.12497517744247556,0.10448049259969085,0.10387809183551398
574,0.07902477863238051,0.12521376102143159,0.10506183981441308,0.10402902747898463
575,0.07910217230723421,0.12546206599653487,0.10542092232723498,0.10418003710005885
576,0.07922493247324694,0.12581618093664337,0.1058414653375346,0.10433104109566631
577,0.07922897312280336,0.12608745131985094,0.10610394922018625,0.1044818054067663
578,0.07923674143442669,0.12628040705110694,0.10637115465384886,0.1046325418902911
579,0.07918581644967868,0.12630113738422538,0.10655884199871311,0.10478318709114755
580,0.07916630963325855,0.1261989297671666,0.10678806294491823,0.10493376598617535
581,0.079221502481622,0.1260905818486644,0.1071177632077643,0.1050843100977966
582,0.07926064696773819,0.12595000719608207,0.10742614632875726,0.10523456202542983
583,0.07928310418927682,0.12575075997474985,0.10771247541895673,0.10538469583768321
584,0.07930506754501852,0.1254920483148538,0.10799873499088675,0.10553446212665527
585,0.07935921721222258,0.1252239315354878,0.1083292446124394,0.1056839531320319
586,0.07946561555727052,0.12502783795694578,0.1087320347050057,0.10583333365123831
587,0.07960571932287423,0.12495558108096469,0.10918214140279897,0.1059827547863487
588,0.07977944757128683,0.1251030438794227,0.10967944460691366,0.10613261046636382
589,0.07986447134150039,0.1252409568642515,0.11005534009989752,0.10628263306256908
590,0.07991058816693519,0.1253517349408556,0.11037791468329221,0.10643243311829019
591,0.07988438452184546,0.12532148874972998,0.1106002062015383,0.10658220531165398
592,0.07989008774851304,0.1251994165169937,0.11086641644000125,0.10673182529507579
593,0.07992720387930895,0.1250340160902918,0.11117639659337847,0.10688098044359629
594,0.08000612205516909,0.12488996946890653,0.11154521867982353,0.10702973647850601
595,0.0801623419251567,0.12499721099508258,0.1120231646515102,0.10717850377759565
596,0.08019796202981128,0.12494993286967347,0.11233325683796545,0.10732703368349601
597,0.08019095187177679,0.12483602581859864,0.11258361088745053,0.10747543411190481
598,0.080297244887931,0.1248977726834338,0.11299345910617623,0.10762393463841761
599,0.08034566576861304,0.12486855029602406,0.11332217283916707,0.10777250282883243
600,0.08042894030938963,0.12489254908620812,0.11370050664026457,0.10792112713601011
601,0.08052213761328268,0.12493107741075896,0.11409349429965375,0.1080697202717339
602,0.0805795328721191,0.12491320633680228,0.11443604485956715,0.10821821868799165
603,0.08067261029445698,0.12494996657599364,0.11482988334827324,0.1083666259714482
604,0.08068954065417186,0.1248683140150119,0.11511563939334435,0.10851475720199517
605,0.08075802917068856,0.12486565707765292,0.11547538944917905,0.10866268198747918
606,0.08089883501126457,0.12497377792329266,0.11593959016292626,0.10881048316675945
607,0.08090127009052764,0.12486753896265716,0.11620581400390427,0.10895792892989704
608,0.08104026739796834,0.12497131616441058,0.11666888902327101,0.1091054049244686
609,0.0811405168129172,0.12501448320699182,0.11707701899982811,0.10925292424344323
610,0.08118258148407724,0.12498176700231038,0.11740163078192647,0.109400431081369
611,0.08124763114632938,0.12495488057065568,0.11775999201663195,0.10954790203524241
612,0.08130279063798494,0.1249265292543778,0.11810428680718785,0.10969524631160142
613,0.08136395932297828,0.12490662633708602,0.11845767972950869,0.10984240724206099
614,0.08146992280788729,0.12495479792489264,0.1188769810847268,0.10998948415010752
615,0.08160010426042055,0.1250393082860365,0.11933260486046378,0.11013663529691464
616,0.08183647836587814,0.12532457438434935,0.11994528780025265,0.11028401859446253
617,0.08197514365861784,0.12570523905987985,0.12041630222309568,0.11043139349689665
618,0.08210406621271846,0.12616542512712572,0.12087410453037303,0.1105787620796254
619,0.08213128363684671,0.12654889642982947,0.12118249039323156,0.11072591596766174
620,0.08220679790532495,0.12692852421541775,0.12156227308860437,0.11087295488681108
621,0.08222730604538955,0.12721974476454959,0.12186084818987661,0.11101980028166764
622,0.08221775021659775,0.12737634928765193,0.12211456557055497,0.11116640854530394
623,0.08211619235091008,0.12725842579732985,0.12223084815959967,0.11131261386075603
624,0.08207002675552731,0.12695044881929152,0.12242878386119245,0.11145846811327023
625,0.08226670951510838,0.1268210224551002,0.12298991996604805,0.11160441474570967
626,0.08243846678576525,0.12683147228609587,0.1235155084095028,0.11175041132342962
627,0.08262004035915681,0.12699583686932922,0.12405753190544465,0.11189644527903714
628,0.08265172036916546,0.12708633191103708,0.1243751456775823,0.11204230419975547
629,0.08264612854176448,0.12704594553528994,0.12463620890579254,0.11218793381437844
630,0.08263762558116507,0.12686964440868392,0.12489230041424984,0.11233331441315254
631,0.08252397999402496,0.12639818030534553,0.12498840301366665,0.11247824127625515
632,0.08246853671049818,0.1257191327604789,0.12517178182080302,0.11262276207865601
633,0.08262840966401515,0.1251565324307666,0.12585448022606482,0.11276718472194007
634,0.08270564561696708,0.12458558393034441,0.12692349946991516,0.11291132946501083
635,0.08284232008102087,0.1245098020435238,0.12847077572381524,0.11305534806641687
636,0.08311685045308673,0.12479666416643656,0.13070918103872,0.11319959484649
637,0.08343097094757779,0.12514104945843466,0.1337019658852243,0.11334430426967453
638,0.08360673215192119,0.12541732419997745,0.1372383551763067,0.11348961500186729
639,0.08372434648661735,0.12574026355400594,0.14122847317631093,0.11363629534891984
640,0.08357796518179285,0.125713956522742,0.14526164846265105,0.11378542255414852
641,0.08346151304393966,0.12538314582291074,0.1493772737976258,0.11393902603579033
642,0.08349715362967537,0.1249749109093153,0.1538024851867054,0.11409966658644724
643,0.08369417869206724,0.1247544552887459,0.15877746034022305,0.11427069494446566
644,0.08385237515142623,0.12485889926533204,0.1642269907814067,0.11445704724161734
645,0.08388693277189471,0.12477939324926172,0.1699352215706081,0.11466536807630846
646,0.08368048405255828,0.1243420987848496,0.17549431789656939,0.1149011520910509
647,0.08414405823653123,0.12489918496125185,0.1819100742747508,0.11517533444873292
648,0.08443331141226167,0.12519521649778437,0.18885957290267452,0.11549699623654508
649,0.08489770792115446,0.12594366757959327,0.19654855534404214,0.11588248175835195
650,0.08488416258986116,0.12653626415634378,0.2041424251629687,0.11634419634331561
651,0.08464269596643345,0.12663594840154543,0.21119865486928843,0.11687897362922588
652,0.08440421410590605,0.12624794375273668,0.21765559231695153,0.11747005287700252
653,0.08448256708634527,0.1258396727806663,0.223962083937801,0.11810115239017613
654,0.08466396434902528,0.12556222648653037,0.23024509325765818,0.11876135426037235
655,0.08495502856671527,0.1255765079715722,0.23663202361809804,0.11945938560378715
656,0.0849356570922619,0.1254261352555953,0.24259829180889209,0.12019158860984842
657,0.08487649047063303,0.12505323666753768,0.24805433445003638,0.12094637711575186
658,0.08534718900497092,0.12523434834913802,0.25378241784552086,0.12173472713849198
659,0.08550983269787674,0.12551519834325092,0.25928787038402673,0.12253544203073581
660,0.08541016030099904,0.12551064610643967,0.2641714755584647,0.1233289167263604
661,0.08566371048587315,0.1257366742295115,0.2689600100895816,0.12413519987634687
662,0.08553162399709253,0.12562911010274136,0.27309246185759095,0.12491083797676716
663,0.08548202063581505,0.125308946037232,0.27675167709661724,0.1256363003723919
664,0.08543499278520289,0.12478013283608388,0.27999334094321493,0.12631561778685013
665,0.08574005817987072,0.12477447803588178,0.28338131960914253,0.12696981060471393
666,0.0859286483473653,0.12490761005588663,0.28675819642268413,0.12760599170696948
667,0.08603995117055298,0.12492804783608547,0.290007032428768,0.1282407848371291
668,0.08611871950107464,0.12490058835639434,0.2930742617765834,0.12887813814894408
669,0.08620550126645266,0.12488389279591879,0.2959803955687128,0.12950653855320154
670,0.08615347824154686,0.12466559942288782,0.2985529711019938,0.13010126846109518
671,0.08633165315770537,0.12477944448291033,0.3011569181818241,0.13067988991487312
672,0.0863823103788012,0.12470822929240397,0.30362226312518203,0.1312382194275635
673,0.08683171918712179,0.12521149622846175,0.3065255647793316,0.13181699981898415
674,0.08703387117864964,0.12556845683288545,0.3094676231033355,0.1324183730863098
675,0.08662405282638101,0.1251901152972028,0.31156855425210755,0.13298389865370455
676,0.08693754462858193,0.12511682209482952,0.31390429913697043,0.13355640837603885
677,0.08749795731477217,0.12570057912789256,0.3168164113233116,0.1341517137193328
678,0.08727329155610437,0.12581390245941385,0.31917795922113823,0.13470554487090997
679,0.08702091816553752,0.12541852673389822,0.32097385694497715,0.13523671139549848
680,0.08680252738984345,0.12456418922907576,0.32230653758478706,0.13572057536768223
681,0.08726191802770666,0.12465539595969398,0.32422048603013165,0.13617601813998526
682,0.08764067229059076,0.12504815360587487,0.32658568784118525,0.13664247494551857
683,0.08760487741129866,0.12489685238026156,0.3287548407059517,0.13713362412245414
684,0.08767684288094632,0.12480301734019568,0.33083818495421546,0.13766541760207693
685,0.0881013515736469,0.12525773811311317,0.3333077818288578,0.13823900734189684
686,0.08791260104429655,0.12509718855987031,0.335298555037131,0.13877153687769644
687,0.08789049650812661,0.12475470618995387,0.33708360139528365,0.13928262101882488
688,0.08819919387375616,0.12494354778691566,0.3391349809029086,0.13980799113384995
689,0.0884713991435857,0.1251767827858231,0.3413988519972,0.1403323307147734
690,0.08854354997713834,0.12530358506680558,0.3435714430680972,0.1408635648347226
691,0.08860427729258785,0.1253639057787876,0.3456115640757534,0.14141337372371865
692,0.08859912323739078,0.12526452555741285,0.34744073985082863,0.14194513298063943
693,0.08890583220016672,0.12544419966800613,0.3495211563075701,0.14247526539827135
694,0.08910716223959564,0.12575302957904613,0.35169041588812266,0.1430107903835638
695,0.0890702850187622,0.12585568611979148,0.3536069041154326,0.14353761054026148
696,0.08894946192548822,0.125635018159551,0.35517236964088766,0.1440417821736574
697,0.08910950747080426,0.12548497434865727,0.3568197428815134,0.14452822983768226
698,0.08948372086728386,0.12570418487379878,0.35885676801635163,0.14502132262287282
699,0.08978532489203302,0.126189384808727,0.3611360126690623,0.1455486886734074
700,0.08983218336067715,0.12658387041756952,0.36324400897859327,0.14610651020830062
701,0.08951236941249074,0.1263766450980052,0.3646828235303901,0.14662783067547566
702,0.08944631591024103,0.1259222412769065,0.365892918060521,0.14709123889084252
703,0.08961190253004278,0.12554262446566877,0.36726939007723175,0.1475092606778134
704,0.0897518721276161,0.1252014949603179,0.36880079506944285,0.1479080910491812
705,0.0899980994657034,0.12504608683587434,0.3705925176490525,0.14834908275838712
706,0.09010435579454143,0.12488194588261532,0.37238874697446184,0.14882949291299552
707,0.0903757379476632,0.12505498023786282,0.37437945512156445,0.1493503985616502
708,0.09056798594224943,0.1252178182979899,0.3764153369698335,0.14989666389537928
709,0.09058473725636965,0.125244763168596,0.3782468848218104,0.15043557041685718
710,0.09062838864135786,0.12517248801738695,0.3799275175758373,0.1509614697003943
711,0.09077750674572214,0.12514587091395613,0.3816285874632299,0.1514718967425029
712,0.091049378100023,0.12533306145010623,0.38352729038224204,0.15198425530724122
713,0.09115517531436504,0.12550513592089516,0.38537654936140525,0.15250092373566793
714,0.0912385106751357,0.1256310964528996,0.38713413253244805,0.15302392396456646
715,0.0917037787071725,0.12623340841874037,0.3892961277414662,0.15359232808999584
716,0.0917940845931035,0.12679703910155163,0.39131885645881065,0.15415876042923204
717,0.09178626243913146,0.12718735845322848,0.39307553357960107,0.15471252900529292
718,0.09202044466184339,0.12773416505143273,0.3949021328583428,0.1552747746140148
719,0.0919822956773902,0.12806545694658808,0.3964690293398853,0.1557848129438034
720,0.09193018325936533,0.12816269885889972,0.39781563035588385,0.15624907269896568
721,0.09171303976562478,0.12780251575765952,0.3987765986207725,0.15665414519860799
722,0.0917375657185112,0.12731482062908886,0.3997586133256161,0.1570133679084508
723,0.09196164159894217,0.1269706873067782,0.40104876758224534,0.1573748554320781
724,0.0921559547679991,0.12672897949134757,0.4025667987120434,0.15776744546667
725,0.09229574599435156,0.12651514160003038,0.4041686943399704,0.15821060894021527
726,0.09239215192558474,0.1262697205826449,0.4057450021145768,0.15868682009867757
727,0.09245399249438976,0.1259451385958092,0.40724243623802014,0.15916300745588885
728,0.09248823004014978,0.1255033630597923,0.40864189230281334,0.15962188781696685
729,0.09250041795642602,0.1249143213834276,0.4099409431040048,0.16005730363136475
730,0.09249499523178077,0.12424014371966563,0.41114612047578053,0.1604675871058378
731,0.09247551003498515,0.12405080767490659,0.4122680554458946,0.16085377622667865
732,0.09244479844691048,0.12384690166032623,0.4133184809491444,0.16121827354535434
733,0.09240512733534302,0.1236314298541001,0.4143085573090552,0.16156397996006738
734,0.09235830856525604,0.12340678582919806,0.41524813367251884,0.161893853854902
735,0.0923057902947427,0.12317488125548645,0.4161456419116069,0.16221055989711247
736,0.09224872995355864,0.12293724288438937,0.4170082492391849,0.16251626857152848
737,0.09218805257916662,0.12269509005061496,0.4178420320488389,0.16281272335078256
738,0.09212449744800676,0.1224493965913647,0.41865210769291283,0.16310138693556053
739,0.09205865535038078,0.12220094030771636,0.41944273895709894,0.16338354990800535
740,0.09199099838620958,0.12195034246942991,0.4202174368145075,0.1636603503038346
741,0.09192190378229387,0.12169809936416873,0.4209790674979654,0.1639327553599022
742,0.09185167293063383,0.1214446074911914,0.4217299562236707,0.1642015629622312
743,0.09178054660668748,0.121190183678516,0.4224719808397553,0.16446742216913482
744,0.09170871713405712,0.12093508114564497,0.4232066529693186,0.16473085780046465
745,0.09163633810830228,0.12067950232845526,0.423935186586718,0.16499229271175728
746,0.09156353216964129,0.12042360911857829,0.42465855500048266,0.16525206673749737
747,0.09149039721603461,0.12016753103829134,0.4253775376506865,0.1655104524778417
748,0.09141701136959021,0.11991137176702638,0.4260927582266438,0.16576766829401784
749,0.09134343694643923,0.11965521435178453,0.4268047155331891,0.16602388891470812
750,0.09126972363003834,0.11939912536679181,0.42751380837990105,0.16627925403985222
751,0.09119591100773314,0.11914315823425962,0.4282203555898236,0.166533875289332
752,0.0911220305983462,0.11888735587540862,0.42892461204950943,0.1667878417971535
753,0.09104810747291682,0.11863175282681357,0.4296267815633264,0.16704122470484684
754,0.0909741615502282,0.11837637692989743,0.4303270271367175,0.16729408076472313
755,0.09090020863237652,0.118121250679661,0.43102547919606143,0.1675464552258951
756,0.09082626123254353,0.11786639230137536,0.43172224215545546,0.1677983841438635
757,0.09075232923666743,0.1176118166101044,0.4324173996608128,0.168049896227692
758,0.09067842043234108,0.11735753569686047,0.433111018776574,0.168301014316726
759,0.09060454093157852,0.11710355947636122,0.4338031533276528,0.168551756560808
760,0.09053069550874558,0.11684989612430333,0.43449384656677303,0.16880213736333521
761,0.0904568878706772,0.1165965524264388,0.43518313330324115,0.1690521681347175
762,0.09038312087258817,0.11634353405724435,0.4358710416018466,0.16930185789430363
763,0.09030939669065419,0.11609084580238567,0.43655759413869105,0.16955121375122822
764,0.09023571695995747,0.11583849173631439,0.4372428092832382,0.1698002412885245
765,0.09016208288474666,0.11558647536404834,0.4379267019618926,0.17004894486996058
766,0.09008849532656592,0.11533479973435998,0.4386092843472409,0.17029732788514595
767,0.09001495487469435,0.11508346753014063,0.4392905664081794,0.17054539294532872
768,0.08994146190244483,0.11483248114054502,0.439970556349026,0.170793142039805
769,0.08986801661215978,0.1145818427185911,0.4406492609600445,0.1710405766608662
770,0.08979461907117207,0.1143315542271496,0.4413266858972721,0.1712876979036133
771,0.08972126924054344,0.1140816174756653,0.4420028359059278,0.17153450654569635
772,0.08964796699803013,0.11383203414947968,0.442677714998795,0.17178100311101596
773,0.08957471215643407,0.11358280583324747,0.44335132659866733,0.17202718792061467
774,0.0895015044782651,0.11333393402963887,0.4440236736521149,0.17227306113333313
775,0.08942834368745499,0.1130854201742781,0.444694758720358,0.1725186227782915
776,0.08935522947871444,0.11283726564767761,0.4453645840518696,0.17276387278083896
777,0.08928216152500634,0.11258947178477446,0.44603315164039264,0.17300881098328527
778,0.08920913948351303,0.11234203988255181,0.4467004632713157,0.17325343716146346
779,0.08913616300039992,0.11209497120613265,0.4473665205587556,0.17349775103796233
780,0.08906323171461691,0.11184826699365347,0.4480313249752196,0.173741752292698
781,0.08899034526093094,0.11160192846016413,0.44869487787534545,0.17398544057135928
782,0.08891750327234356,0.11135595680075039,0.4493571805149117,0.17422881549215477
783,0.08884470538201736,0.11111035319303608,0.4500182340660727,0.174471876651203
784,0.08877195122480964,0.11086511879918952,0.45067803962957753,0.17471462362683782
785,0.08869924043849202,0.11062025476753504,0.45133659824458155,0.1749570559830476
786,0.08862657266471931,0.11037576223384851,0.4519939108965347,0.17519917327222265
787,0.08855394754979794,0.11013164232240087,0.4526499785235324,0.17544097503734857
788,0.08848136474529394,0.10988789614680078,0.4533048020214409,0.1756824608137585
789,0.08840882390851296,0.1096445248106764,0.45395838224803986,0.17592363013053153
790,0.08833632470287789,0.1094015294082292,0.4546107200263824,0.17616448251160924
791,0.08826386679822482,0.10915891102468517,0.45526181614752737,0.17640501747668663
792,0.08819144987103349,0.10891667073666479,0.45591167137277094,0.1766452345419226
793,0.08811907360460562,0.10867480961248718,0.4565602864354765,0.17688513322050659
794,0.08804673768920163,0.10843332871242271,0.4572076620425842,0.17712471302311025
795,0.08797444182214384,0.10819222908890365,0.457853798875862,0.17736397345824628
796,0.0879021857078933,0.10795151178670183,0.4584986975929518,0.17760291403255474
797,0.08782996905810532,0.10771117784307971,0.45914235882824933,0.1778415342510299
798,0.087757791591668,0.10747122828792038,0.459784783193651,0.17807983361720023
799,0.0876856530347273,0.10723166414384049,0.460425971279194,0.1783178116332705
800,0.08761355312070145,0.10699248642628967,0.46106592365361027,0.17855546780023446
801,0.0875414915902865,0.10675369614363947,0.461704640864811,0.1787928016179628
802,0.08746946819145542,0.10651529429726328,0.46234212344031383,0.179029812585272
803,0.08739748267945147,0.10627728188160955,0.4629783718876259,0.17926650019997814
804,0.0873255348167774,0.10603965988426949,0.463613386694588,0.17950286395893766
805,0.08725362437318135,0.10580242928604032,0.46424716832968926,0.1797389033580789
806,0.08718175112563967,0.10556559106098506,0.4648797172423566,0.17997461789242533
807,0.08710991485833816,0.1053291461764894,0.465511033863223,0.1802100070561124
808,0.08703811536265119,0.10509309559331646,0.4661411186043791,0.18044507034239948
809,0.08696635243711975,0.10485744026565946,0.4667699718596102,0.18067980724367727
810,0.08689462588742852,0.10462218114119327,0.4673975940046208,0.18091421725147255
811,0.08682293552638194,0.10438731916112445,0.4680239853972485,0.18114829985644942
812,0.08675128117388002,0.10415285526024066,0.4686491463776703,0.1813820545484092
813,0.08667966265689349,0.10391879036695914,0.4692730772685994,0.18161548081628776
814,0.08660807980943855,0.10368512540337443,0.4698957783754761,0.18184857814815197
815,0.0865365324725518,0.10345186128530597,0.4705172499866524,0.18208134603119497
816,0.08646502049426462,0.1032189989223449,0.471137492373571,0.18231378395172987
817,0.08639354372957765,0.10298653921790082,0.47175650579093986,0.18254589139518343
818,0.08632210204043525,0.102754483069248,0.47237429047690094,0.18277766784608873
819,0.08625069529569997,0.10252283136757172,0.47299084665319674,0.18300911278807688
820,0.0861793233711269,0.10229158499801402,0.4736061745253305,0.18324022570386894
821,0.08610798614933836,0.10206074483971954,0.4742202742827248,0.18347100607526703
822,0.08603668351979853,0.10183031176588121,0.47483314609887534,0.18370145338314509
823,0.08596541537878809,0.10160028664378576,0.47544479013150204,0.18393156710743933
824,0.08589418162937919,0.10137067033485914,0.47605520652269634,0.18416134672713855
825,0.08582298218141039,0.10114146369471184,0.476664395399066,0.18439079172027434
826,0.0857518169514618,0.1009126675731842,0.47727235687187625,0.1846199015639103
827,0.08568068586283037,0.10068428281439165,0.47787909103718884,0.18484867573413208
828,0.0856095888455053,0.10045631025676965,0.4784845979759974,0.18507711370603624
829,0.08553852583614367,0.10022875073311907,0.47908887775436093,0.18530521495371985
830,0.08546749677804602,0.1000016050706509,0.47969193042353386,0.18553297895026905
831,0.08539650162113253,0.0997748740910315,0.4802937560200935,0.18576040516774817
832,0.08532554032191887,0.09954855861042729,0.4808943545660655,0.1859874930771881
833,0.08525461284349256,0.09932265943954982,0.4814937260690466,0.18621424214857502
834,0.08518371915548927,0.09909717738370064,0.4820918705223243,0.18644065185083822
835,0.08511285923406955,0.09887211324281593,0.4826887879049943,0.1866667216518389
836,0.08504203306189557,0.09864746781151136,0.483284478182077,0.18689245101835777
837,0.08497124062810785,0.09842324187912686,0.48387894130462844,0.18711783941608273
838,0.08490048192830262,0.09819943622977126,0.48447217720985236,0.18734288630959714
839,0.08482975696450899,0.09797605164236704,0.4850641858212082,0.18756759116236676
840,0.08475906574516652,0.09775308889069492,0.4856549670485166,0.18779195343672758
841,0.0846884082851027,0.09753054874343835,0.48624452078806346,0.18801597259387287
842,0.08461778460551089,0.09730843196422825,0.48683284692270146,0.1882396480938402
843,0.0845471947339283,0.09708673931168743,0.4874199453219497,0.1884629793954987
844,0.08447663870421421,0.09686547153947522,0.4880058158420909,0.18868596595653558
845,0.08440611655652833,0.0966446293963318,0.4885904583262661,0.188908607233443
846,0.08433562833730929,0.09642421362612272,0.4891738726045687,0.18913090268150434
847,0.08426517409925352,0.09620422496788344,0.48975605849413484,0.18935285175478095
848,0.084194753901294,0.0959846641558635,0.49033701579923256,0.18957445390609803
849,0.08412436780857957,0.09576553191957102,0.4909167443113489,0.18979570858703088
850,0.08405401589245402,0.09554682898381706,0.4914952438092756,0.19001661524789065
851,0.08398369823043568,0.09532855606875981,0.4920725140591911,0.19023717333771056
852,0.08391341490619711,0.09511071388994916,0.4926485548147429,0.19045738230423104
853,0.08384316600954489,0.09489330315837066,0.49322336581712617,0.19067724159388538
854,0.08377295163639978,0.09467632458048995,0.49379694679516173,0.19089675065178532
855,0.08370277188877674,0.09445977885829693,0.4943692974653716,0.1911159089217059
856,0.08363262687476555,0.09424366668934991,0.49494041753205253,0.19133471584607067
857,0.08356251670851135,0.09402798876681985,0.49551030668734847,0.19155317086593665
858,0.08349244151019539,0.09381274577953463,0.4960789646113207,0.19177127342097897
859,0.08342240140601616,0.09359793841202302,0.4966463909720164,0.1919890229494754
860,0.08335239652817036,0.09338356734455877,0.49721258542553526,0.192206418888291
861,0.08328242701483458,0.09316963325320492,0.4977775476160948,0.19242346067286226
862,0.0832124930101465,0.09295613680985773,0.4983412771760935,0.1926401477371813
863,0.0831425946641869,0.09274307868229076,0.49890377372617273,0.19285647951378004
864,0.08307273213296157,0.09253045953419897,0.499465036875277,0.19307245543371365
865,0.0830029055783834,0.09231828002524267,0.5000250662207121,0.19328807492654457
866,0.08293311516825475,0.09210654081109168,0.5005838613482015,0.19350333742032588
867,0.08286336107624999,0.09189524254346917,0.5011414218319431,0.19371824234158475
868,0.08279364348189822,0.09168438587019577,0.5016977472346611,0.19393278911530581
869,0.08272396257056619,0.09147397143523348,0.5022528371076593,0.19414697716491397
870,0.08265431853344139,0.09126399987872963,0.5028066909908714,0.19436080591225752
871,0.08258471156751548,0.09105447183706089,0.5033593084129097,0.19457427477759082
872,0.08251514187556765,0.09084538794287714,0.5039106888911127,0.194787383179557
873,0.08244560966614842,0.09063674882514539,0.5044608319315917,0.19500013053517035
874,0.08237611515356351,0.09042855510919379,0.505009737029275,0.1952125162597987
875,0.08230665855785803,0.09022080741675546,0.5055574036679509,0.19542453976714536
876,0.08223724010480066,0.0900135063660124,0.5061038313203089,0.19563620046923136
877,0.08216786002586818,0.0898066525716393,0.5066490194479818,0.1958474977763773
878,0.08209851855823026,0.08960024664484759,0.5071929675015822,0.1960584310971848
879,0.08202921594473431,0.08939428919342923,0.5077356749207412,0.19626899983851803
880,0.08195995243389051,0.08918878082180051,0.5082771411341446,0.1964792034054853
881,0.08189072827985726,0.08898372213104601,0.5088173655595669,0.19668904120142014
882,0.08182154374242653,0.08877911371896241,0.5093563476039049,0.19689851262786223
883,0.08175239908700964,0.08857495618010236,0.50989408666321,0.19710761708453844
884,0.0816832945846232,0.08837125010581827,0.5104305821227183,0.19731635396934352
885,0.08161423051187511,0.0881679960843062,0.5109658333568804,0.19752472267832047
886,0.08154520715095101,0.08796519470064984,0.5114998397293886,0.1977327226056413
887,0.08147622478960065,0.08776284653686403,0.5120326005932051,0.19794035314358677
888,0.08140728372112474,0.08756095217193886,0.5125641152905861,0.198147613682527
889,0.08133838424436172,0.08735951218188344,0.5130943831531064,0.19835450361090085
890,0.08126952666367505,0.0871585271397697,0.5136234035016829,0.198561022315196
891,0.08120071128894038,0.08695799761577624,0.5141511756465951,0.19876716917992854
892,0.08113193843553321,0.08675792417723226,0.5146776988875067,0.19897294358762221
893,0.08106320842431657,0.08655830738866126,0.5152029725134843,0.19917834491878758
894,0.08099452158162891,0.08635914781182497,0.5157269958030155,0.1993833725519014
895,0.08092587823927234,0.08616044600576711,0.5162497680240254,0.19958802586338534
896,0.08085727873450091,0.08596220252685756,0.5167712884338931,0.1997923042275847
897,0.08078872341000927,0.08576441792883566,0.5172915562794652,0.19999620701674725
898,0.08072021261392132,0.08556709276285457,0.5178105707970694,0.20019973360100107
899,0.08065174669977923,0.08537022757752488,0.518328331212527,0.20040288334833345
900,0.08058332602653265,0.08517382291895859,0.5188448367411632,0.20060565562456856
901,0.08051495095852801,0.084977879330813,0.5193600865878175,0.20080804979334538
902,0.08044662186549827,0.08478239735433445,0.5198740799468524,0.20101006521609563
903,0.08037833912255252,0.08458737752840242,0.5203868160021603,0.20121170125202115
904,0.08031010311016616,0.08439282038957335,0.5208982939271707,0.2014129572580713
905,0.0802419142141711,0.08419872647212448,0.5214085128848552,0.20161383258892016
906,0.08017377282574606,0.08400509630809785,0.5219174720277322,0.20181432659694368
907,0.08010567934140739,0.08381193042734437,0.5224251704978691,0.2020144386321965
908,0.0800376341629997,0.08361922935756753,0.5229316074268859,0.20221416804238848
909,0.07996963769768714,0.08342699362436753,0.5234367819359547,0.20241351417286155
910,0.07990169035794459,0.08323522375128517,0.5239406931358008,0.20261247636656576
911,0.07983379256154906,0.08304392025984586,0.524443340126701,0.20281105396403562
912,0.07976594473157146,0.0828530836696037,0.524944721998482,0.20300924630336592
913,0.07969814729636848,0.08266271449818538,0.5254448378305163,0.20320705272018771
914,0.07963040068957472,0.0824728132613343,0.5259436866917195,0.20340447254764388
915,0.07956270535009494,0.08228338047295455,0.5264412676405434,0.2036015051163647
916,0.0794950617220967,0.08209441664515513,0.5269375797249714,0.20379814975444296
917,0.07942747025500299,0.0819059222882938,0.5274326219825096,0.20399440578740913
918,0.07935993140348532,0.08171789791102135,0.5279263934401802,0.20419027253820632
919,0.07929244562745678,0.0815303440203257,0.5284188931145115,0.20438574932716502
920,0.07922501339206546,0.08134326112157601,0.5289101200115274,0.2045808354719776
921,0.07915763516768805,0.08115664971856684,0.5294000731267368,0.2047755302876729
922,0.07909031142992362,0.08097051031356234,0.5298887514451209,0.20496983308659017
923,0.07902304265958769,0.08078484340734043,0.5303761539411208,0.20516374317835315
924,0.07895582934270648,0.08059964949923709,0.5308622795786225,0.20535725986984416
925,0.07888867197051122,0.0804149290871905,0.5313471273109429,0.20555038246517743
926,0.07882157103943296,0.0802306826677854,0.5318306960808126,0.20574311026567282
927,0.0787545270510974,0.0800469107362973,0.5323129848203599,0.20593544256982882
928,0.07868754051231996,0.07986361378673691,0.5327939924510928,0.2061273786732961
929,0.07862061193510109,0.0796807923118943,0.53327371788388,0.20631891786885004
930,0.0785537418366218,0.07949844680338344,0.5337521600189314,0.20651005944636364
931,0.07848693073923936,0.07931657775168649,0.5342293177457771,0.20670080269278002
932,0.07842017917048333,0.07913518564619823,0.5347051899432462,0.20689114689208493
933,0.07835348766305159,0.0789542709752705,0.535179775479444,0.20708109132527866
934,0.07828685675480683,0.0787738342262567,0.5356530732117294,0.2072706352703484
935,0.0782202869887731,0.07859387588555619,0.5361250819866896,0.20745977800223958
936,0.07815377891313266,0.07841439643865893,0.536595800640116,0.20764851879282792
937,0.07808733308122287,0.07823539637018995,0.5370652279969776,0.2078368569108907
938,0.07802095005153359,0.07805687616395392,0.537533362871394,0.20802479162207788
939,0.07795463038770452,0.0778788363029799,0.5380002040666079,0.20821232218888347
940,0.07788837465852294,0.07770127726956576,0.5384657503749564,0.20839944787061598
941,0.07782218343792156,0.07752419954532298,0.5389300005778419,0.20858616792336943
942,0.07775605730497662,0.07734760361122134,0.539392953445701,0.2087724815999938
943,0.07768999684390623,0.07717148994763362,0.5398546077379737,0.20895838815006507
944,0.07762400264406882,0.07699585903438036,0.5403149622030713,0.2091438868198556
945,0.07755807529996206,0.0768207113507747,0.5407740155783436,0.2093289768523039
946,0.07749221541122162,0.07664604737566713,0.541231766590045,0.20951365748698442
947,0.07742642358262049,0.07647186758749044,0.5416882139532999,0.20969792796007705
948,0.07736070042406835,0.07629817246430454,0.5421433563720677,0.2098817875043365
949,0.07729504655061115,0.07612496248384136,0.5425971925391055,0.21006523534906146
950,0.07722946258243094,0.07595223812354988,0.543049721135933,0.21024827072006325
951,0.07716394914484598,0.07577999986064116,0.5435009408327923,0.21043089283963506
952,0.07709850686831085,0.07560824817213321,0.543950850288611,0.2106131009265203
953,0.07703313638841715,0.07543698353489621,0.5443994481509616,0.21079489419588082
954,0.076967838345894,0.07526620642569753,0.5448467330560226,0.2109762718592653
955,0.0769026133866091,0.07509591732124694,0.5452927036285353,0.21115723312457713
956,0.07683746216156966,0.07492611669824159,0.5457373584817642,0.2113377771960422
957,0.07677238532692396,0.07475680503341142,0.5461806962174527,0.21151790327417658
958,0.07670738354396278,0.07458798280356438,0.5466227154257803,0.21169761055575384
959,0.07664245747912123,0.07441965048563161,0.5470634146853187,0.21187689823377232
960,0.07657760780398065,0.07425180855671282,0.5475027925629857,0.21205576549742194
961,0.07651283519527093,0.07408445749412165,0.5479408476140006,0.2122342115320513
962,0.07644814033487288,0.07391759777543108,0.5483775783818374,0.21241223551913407
963,0.07638352390982085,0.07375122987851873,0.5488129833981764,0.2125898366362356
964,0.07631898661230566,0.07358535428161253,0.5492470611828577,0.21276701405697893
965,0.07625452913967752,0.07341997146333613,0.5496798102438315,0.21294376695101097
966,0.07619015219444947,0.0732550819027544,0.5501112290771084,0.21312009448396832
967,0.07612585648430079,0.07309068607941911,0.5505413161667099,0.21329599581744282
968,0.07606164272208077,0.07292678447341445,0.5509700699846161,0.2134714701089471
969,0.07599751162581253,0.07276337756540284,0.5513974889907151,0.2136465165118797
970,0.07593346391869733,0.07260046583667046,0.5518235716327495,0.21382113417549017
971,0.07586950032911874,0.07243804976917313,0.5522483163462641,0.21399532224484402
972,0.07580562159064737,0.07227612984558204,0.5526717215545506,0.2141690798607871
973,0.0757418284420456,0.07211470654932955,0.5530937856685942,0.21434240615991035
974,0.07567812162727251,0.07195378036465513,0.5535145070870173,0.214515300274514
975,0.07561450189548921,0.07179335177665117,0.5539338841960235,0.21468776133257128
976,0.07555097000106417,0.07163342127130899,0.5543519153693413,0.21485978845769282
977,0.07548752670357894,0.07147398933556473,0.5547685989681652,0.21503138076908995
978,0.07542417276783392,0.07131505645734551,0.5551839333410993,0.21520253738153838
979,0.07536090896385444,0.07115662312561541,0.5555979168240959,0.21537325740534113
980,0.07529773606689714,0.07099868983042155,0.5560105477403986,0.215543539946292
981,0.07523465485745631,0.0708412570629403,0.5564218244004794,0.21571338410563828
982,0.07517166612127069,0.07068432531552335,0.5568317451019793,0.21588278898004348
983,0.07510877064933028,0.0705278950817441,0.5572403081296459,0.21605175366154963
984,0.07504596923788358,0.07037196685644377,0.5576475117552707,0.21622027723753984
985,0.07498326268844487,0.07021654113577776,0.558053354237627,0.21638835879070012
986,0.07492065180780172,0.070061618417262,0.5584578338224048,0.2165559973989816
987,0.07485813740802272,0.06990719919981933,0.5588609487421476,0.21672319213556196
988,0.07479572030646559,0.06975328398382588,0.5592626972161865,0.21688994206880707
989,0.07473340132578511,0.06959987327115758,0.5596630774505745,0.2170562462622322
990,0.07467118129394176,0.06944696756523655,0.5600620876380206,0.21722210377446327
991,0.07460906104421003,0.06929456737107784,0.5604597259578221,0.21738751365919767
992,0.07454704141518742,0.06914267319533576,0.5608559905757974,0.21755247496516503
993,0.07448512325080334,0.06899128554635066,0.5612508796442172,0.21771698673608778
994,0.07442330740032832,0.06884040493419552,0.5616443913017359,0.21788104801064162
995,0.07436159471838345,0.06869003187072262,0.5620365236733219,0.21804465782241517
996,0.07429998606494993,0.06854016686961026,0.5624272748701871,0.21820781519987065
997,0.07423848230537895,0.06839081044640963,0.5628166429897158,0.2183705191663031
998,0.07417708431040165,0.06824196311859143,0.5632046261153942,0.2185327687398002
999,0.07411579295613943,0.06809362540559277,0.5635912223167374,0.2186945629332016
1000,0.07405460912411423,0.0679457978288641,0.5639764296492167,0.21885590075405809
1001,0.07399353370125926,0.06779848091191604,0.5643602461541867,0.2190167812045907
1002,0.07393256757992986,0.06765167518036631,0.5647426698588112,0.21917720328164952
1003,0.07387171165791437,0.06750538116198676,0.5651236987759881,0.21933716597667208
1004,0.07381096683844551,0.06735959938675029,0.5655033309042756,0.21949666827564226
1005,0.07375033403021175,0.06721433038687796,0.5658815642278147,0.21965570915904806
1006,0.07368981414736886,0.06706957469688597,0.5662583967162547,0.21981428760184007
1007,0.07362940810955187,0.06692533285363284,0.5666338263246748,0.2199724025733891
1008,0.0735691168418869,0.06678160539636649,0.5670078509935081,0.22013005303744404
1009,0.07350894127500351,0.06663839286677144,0.567380468648462,0.2202872379520893
1010,0.07344888234504707,0.06649569580901593,0.567751677200441,0.2204439562697022
1011,0.07338894099369128,0.06635351476979914,0.5681214745454664,0.22060020693691024
1012,0.07332911816815108,0.0662118502983985,0.5684898585645977,0.22075598889454767
1013,0.07326941482119548,0.06607070294671695,0.5688568271238515,0.2209113010776128
1014,0.0732098319111609,0.06593007326933009,0.5692223780741216,0.2210661424152244
1015,0.07315037040196427,0.0657899618235337,0.5695865092510963,0.22122051183057811
1016,0.07309103126311686,0.06565036916939097,0.5699492184751779,0.2213744082409028
1017,0.07303181546973789,0.06551129586977988,0.5703105035513998,0.2215278305574166
1018,0.0729727240025683,0.06537274249044053,0.5706703622693433,0.22168077768528285
1019,0.07291375784798508,0.06523470960002273,0.5710287924030547,0.2218332485235659
1020,0.07285491799801543,0.0650971977701332,0.5713857917109612,0.2219852419651867
1021,0.07279620545035126,0.06496020757538318,0.571741357935786,0.222136756896878
1022,0.07273762120836376,0.06482373959343583,0.5720954888044643,0.22228779219914008
1023,0.07267916628111834,0.06468779440505368,0.572448182028057,0.22243834674619523
1024,0.07262084168338959,0.06455237259414619,0.5727994353016653,0.22258841940594312
1025,0.07256264843567635,0.06441747474781721,0.5731492463043443,0.2227380090399153
1026,0.07250458756421725,0.06428310145641256,0.5734976126990157,0.22288711450323007
1027,0.07244666010100609,0.06414925331356747,0.5738445321323812,0.2230357346445465
1028,0.07238886708380758,0.06401593091625417,0.574190002234834,0.22318386830601916
1029,0.07233120955617328,0.0638831348648295,0.574534020620371,0.22333151432325188
1030,0.07227368856745754,0.06375086576308232,0.574876584886504,0.22347867152525192
1031,0.07221630517283377,0.06361912421828123,0.5752176926141704,0.22362533873438362
1032,0.07215906043331072,0.06348791084122202,0.5755573413676446,0.2237715147663223
1033,0.07210195541574914,0.06335722624627534,0.5758955286944463,0.2239171984300075
1034,0.07204499119287847,0.06322707105143414,0.5762322521252513,0.22406238852759655
1035,0.07198816884331355,0.06309744587836132,0.5765675091738008,0.22420708385441773
1036,0.07193148945157185,0.06296835135243728,0.5769012973368096,0.22435128319892322
1037,0.07187495410809047,0.0628397881028075,0.5772336140938746,0.22449498534264223
1038,0.07181856390924359,0.06271175676243002,0.5775644569073832,0.22463818906013366
1039,0.07176231995735986,0.06258425796812302,0.5778938232224207,0.22478089311893892
1040,0.07170622336074013,0.06245729236061239,0.5782217104666769,0.22492309627953433
1041,0.07165027523367518,0.062330860584579206,0.5785481160503543,0.22506479729528345
1042,0.07159447669646363,0.06220496328870722,0.5788730373660733,0.22520599491238946
1043,0.07153882887543012,0.062079601125730396,0.5791964717887796,0.22534668786984746
1044,0.07148333290294348,0.061954774752480325,0.579518416675649,0.22548687489939612
1045,0.07142798991743499,0.061830484829933696,0.5798388693659936,0.22562655472546986
1046,0.07137280106341708,0.06170673202325971,0.5801578271811664,0.2257657260651505
1047,0.07131776749150177,0.0615835170018675,0.5804752874244669,0.22590438762811915
1048,0.07126289035841965,0.06146084043945349,0.5807912473810448,0.2260425381166073
1049,0.07120817082703858,0.06133870301404871,0.5811057043178052,0.22618017622534892
1050,0.07115361006638285,0.06121710540806608,0.5814186554833118,0.22631730064153105
1051,0.07109920925165235,0.061096048308347785,0.5817300981076912,0.22645391004474566
1052,0.0710449695642418,0.060975532406212375,0.5820400294025356,0.22659000310694047
1053,0.07099089219176014,0.060855558397501994,0.5823484465608071,0.2267255784923701
1054,0.07093697832805015,0.06073612698262959,0.5826553467567394,0.22686063485754687
1055,0.07088322917320801,0.06061723886662595,0.5829607271457413,0.22699517085119186
1056,0.07082964593360308,0.06049889475918673,0.5832645848642993,0.22712918511418556
1057,0.07077622982189782,0.06038109537471951,0.583566917029879,0.22726267627951843
1058,0.07072298205706772,0.06026384143239067,0.5838677207408278,0.2273956429722419
1059,0.07066990386442132,0.060147133656172344,0.5841669930762772,0.2275280838094184
1060,0.0706169964756205,0.06003097277488917,0.584464731096043,0.2276599974000722
1061,0.07056426112870082,0.05991535952226507,0.5847609318405282,0.22779138234513957
1062,0.07051169906809164,0.05980029463696996,0.5850555923306242,0.22792223723741922
1063,0.0704593115446369,0.05968577886266632,0.5853487095676108,0.22805256066152252
1064,0.07040709981561546,0.05957181294805575,0.5856402805330587,0.22818235119382385
1065,0.0703550651447619,0.05945839764692545,0.5859303021887298,0.22831160740241047
1066,0.07030320880228712,0.05934553371819459,0.5862187714764775,0.22844032784703278
1067,0.07025153206489926,0.05923322192596055,0.5865056853181487,0.22856851107905446
1068,0.07020003621582452,0.059121463039545206,0.5867910406154838,0.22869615564140247
1069,0.07014872254482818,0.05901025783354097,0.5870748342500159,0.22882326006851694
1070,0.07009759234823557,0.05889960708785683,0.5873570630829739,0.22894982288630134
1071,0.07004664692895324,0.058789511587764284,0.5876377239551809,0.229075842612072
1072,0.06999588759648998,0.05867997212394309,0.5879168136869555,0.22920131775450855
1073,0.06994531566697823,0.058570989492527016,0.5881943290780115,0.22932624681360353
1074,0.0698949324631952,0.05846256449514937,0.5884702669073598,0.2294506282806124
1075,0.06984473931458422,0.058354697938988495,0.5887446239332067,0.2295744606380033
1076,0.06979473755727611,0.0582473906368131,0.5890173968928558,0.22969774235940693
1077,0.06974492853411066,0.0581406434070275,0.589288582502608,0.2298204719095668
1078,0.06969531359465789,0.05803445707371666,0.5895581774576618,0.2299426477442887
1079,0.06964589409523979,0.05792883246669116,0.5898261784320143,0.23006426831039084
1080,0.0695966713989516,0.057823770421532014,0.5900925820783619,0.23018533204565386
1081,0.06954764687568342,0.05771927177963527,0.590357385028,0.23030583737877064
1082,0.0694988219021418,0.057615337388256645,0.5906205838907248,0.23042578272929648
1083,0.06945019786187122,0.057511968100555734,0.5908821752547346,0.23054516650759915
1084,0.06940177614527572,0.05740916477564033,0.5911421556865302,0.2306639871148089
1085,0.06935355814964055,0.057306928278610336,0.5914005217308158,0.23078224294276856
1086,0.06930554527915356,0.05720525948060173,0.5916572699104019,0.23089993237398396
1087,0.06925773894492701,0.05710415925883019,0.591912396726106,0.2310170537815741
1088,0.06921014056501895,0.05700362849663456,0.5921658986566543,0.23113360552922163
1089,0.06916275156445488,0.05690366808352026,0.5924177721585846,0.23124958597112308
1090,0.06911557337524932,0.056804278915202316,0.5926680136661482,0.2313649934519396
1091,0.06906860743642712,0.056705461893648314,0.5929166195912123,0.23147982630674746
1092,0.0690218551940452,0.056607217927121124,0.5931635863231638,0.23159408286098881
1093,0.06897531810121389,0.056509547930221365,0.5934089102288116,0.2317077614304226
1094,0.06892899761811824,0.05641245282392975,0.5936525876522903,0.23182086032107532
1095,0.06888289521203954,0.0563159335356491,0.5938946149149652,0.2319333778291923
1096,0.06883701235737652,0.056219990999246204,0.5941349883153351,0.23204531224118885
1097,0.06879135053566661,0.05612462615509341,0.5943737041289378,0.2321566618336016
1098,0.06874591123560714,0.056029839950109954,0.5946107586082551,0.2322674248730398
1099,0.0687006959530765,0.05593563333780312,0.594846147982618,0.2323775996161374
1100,0.06865570619115512,0.055842007278309055,0.5950798684581136,0.23248718430950455
1101,0.06861094346014637,0.055748962738433355,0.5953119162174897,0.2325961771896795
1102,0.06856640927759758,0.0556565006916914,0.595542287420064,0.2327045764830812
1103,0.06852210516832065,0.05556462211834838,0.5957709782016297,0.23281238040596125
1104,0.06847803266441277,0.055473328005459024,0.5959979846743644,0.23291958716435657
1105,0.06843419330527703,0.05538261934690718,0.5962233029267385,0.23302619495404228
1106,0.06839058863764276,0.05529249714344483,0.5964469290234243,0.23313220196048465
1107,0.06834722021558597,0.05520296240273105,0.5966688590052056,0.23323760635879418
1108,0.06830408960054946,0.05511401613937049,0.596889088888888,0.2333424063136791
1109,0.06826119836136277,0.05502565937495166,0.5971076146672107,0.23344659997939926
1110,0.06821854807426234,0.05493789313808473,0.5973244323087572,0.2335501854997198
1111,0.06817614032291106,0.054850718464439216,0.5975395377578683,0.23365316100786557
1112,0.06813397669841789,0.0547641363967811,0.5977529269345553,0.23375552462647547
1113,0.06809205879935738,0.054678147985009654,0.5979645957344137,0.2338572744675574
1114,0.06805038823178881,0.05459275428619398,0.598174540028538,0.23395840863244324
1115,0.06800896660927536,0.05450795636460911,0.598382755663437,0.23405892521174415
1116,0.06796779555290292,0.05442375529177176,0.5985892384609509,0.23415882228530638
1117,0.06792687669129878,0.05434015214647563,0.5987939842181675,0.23425809792216734
1118,0.06788621166065018,0.05425714801482644,0.5989969887073413,0.23435675018051194
1119,0.06784580210472244,0.05417474399027633,0.5991982476758119,0.2344547771076292
1120,0.06780564967487705,0.05409294117365805,0.5993977568459241,0.2345521767398696
1121,0.06776575603008958,0.054011740673218706,0.5995955119149494,0.23464894710260234
1122,0.06772612283696708,0.053931143604652905,0.5997915085550072,0.23474508621017312
1123,0.06768675176976544,0.05385115109113565,0.5999857424129886,0.23484059206586255
1124,0.06764764451040647,0.053771764263354636,0.6001782091104806,0.23493546266184495
1125,0.06760880274849473,0.05369298425954221,0.6003689042436899,0.23502969597914725
1126,0.06757022818133387,0.053614812225506674,0.6005578233833716,0.23512328998760837
1127,0.0675319225139431,0.05353724931466324,0.6007449620747546,0.23521624264583962
1128,0.06749388745907285,0.053460296688064526,0.6009303158374715,0.2353085519011848
1129,0.0674561247372205,0.05338395551443037,0.6011138801654883,0.23540021568968128
1130,0.06741863607664576,0.0533082269701773,0.6012956505270359,0.23549123193602145
1131,0.06738142321338556,0.05323311223944737,0.601475622364542,0.23558159855351452
1132,0.06734448789126861,0.05315861251413641,0.6016537910945652,0.235671313444049
1133,0.06730783186192985,0.053084728993921915,0.6018301521077312,0.2357603744980557
1134,0.06727145688482428,0.05301146288629016,0.6020047007686681,0.23584877959447137
1135,0.06723536472724052,0.05293881540656292,0.6021774324159449,0.23593652660070244
1136,0.0671995571643141,0.052866787777923405,0.6023483423620118,0.23602361337259015
1137,0.06716403597904008,0.05279538123144175,0.6025174258931407,0.23611003775437533
1138,0.06712880296228564,0.05272459700609981,0.6026846782693674,0.2361957975786648
1139,0.06709385991280191,0.05265443634881545,0.6028500947244366,0.2362808906663972
1140,0.0670592086372356,0.05258490051446601,0.6030136704657475,0.23636531482681078
1141,0.06702485095014019,0.05251599076591127,0.6031754006743013,0.23644906785741068
1142,0.06699078867398639,0.052447708374015696,0.6033352805046505,0.23653214754393764
1143,0.06695702363917264,0.05238005461767,0.6034933050848494,0.23661455166033696
1144,0.06692355768403464,0.05231303078381207,0.6036494695164081,0.23669627796872864
1145,0.06689039265485482,0.05224663816744708,0.6038037688742453,0.2367773242193777
1146,0.06685753040587089,0.052180878071667054,0.6039561982066461,0.2368576881506655
1147,0.06682497279928425,0.05211575180766953,0.6041067525352204,0.2369373674890618
1148,0.06679272170526775,0.052051260694775635,0.6042554268548621,0.23701635994909775
1149,0.06676077900197278,0.05198740606044721,0.6044022161337127,0.23709466323333944
1150,0.06672914657553608,0.05192418924030337,0.6045471153131246,0.23717227503236216
1151,0.06669782632008575,0.05186161157813617,0.6046901193076284,0.2372491930247259
1152,0.06666682013774686,0.051799674425925465,0.6048312230049004,0.23732541487695138
1153,0.06663612993864629,0.05173837914385297,0.6049704212657349,0.23740093824349695
1154,0.06660575764091724,0.05167772710031552,0.6051077089240153,0.23747576076673654
1155,0.06657570517070285,0.0516177196719374,0.6052430807866912,0.23754988007693842
1156,0.06654597446215929,0.051558358243581945,0.605376531633754,0.2376232937922449
1157,0.06651656745745832,0.05149964420836215,0.6055080562182188,0.23769599951865286
1158,0.0664874861067891,0.051441578967650406,0.6056376492661045,0.23776799484999545
1159,0.06645873236835921,0.0513841639310874,0.6057653054764209,0.23783927736792465
1160,0.06643030820839527,0.05132740051658996,0.6058910195211541,0.2379098446418949
1161,0.06640221560114254,0.051271290150358105,0.606014786045257,0.2379796942291477
1162,0.06637445652886408,0.05121583426688099,0.6061365996666418,0.23804882367469704
1163,0.066347032981839,0.05116103430894207,0.6062564549761751,0.2381172305113165
1164,0.06631994695836008,0.05110689172762302,0.6063743465376754,0.23818491225952687
1165,0.06629320046473042,0.05105340798230687,0.6064902688879138,0.23825186642758517
1166,0.0662667955152597,0.05100058454067997,0.6066042165366174,0.23831809051147454
1167,0.06624073413225919,0.050948422878732996,0.6067161839664756,0.23838358199489568
1168,0.06621501834603628,0.05089692448076086,0.6068261656331486,0.23844833834925921
1169,0.06618965019488807,0.05084609083936155,0.6069341559652807,0.23851235703367918
1170,0.06616463172509407,0.05079592345543382,0.6070401493645143,0.23857563549496802
1171,0.06613996499090816,0.0507464238381739,0.6071441402055088,0.2386381711676325
1172,0.06611565205454954,0.05069759350507085,0.6072461228359616,0.23869996147387132
1173,0.06609169498619286,0.05064943398190099,0.6073460915766332,0.23876100382357363
1174,0.06606809586395744,0.05060194680272104,0.6074440407213741,0.23882129561431897
1175,0.06604485677389557,0.05055513350986006,0.6075399645371573,0.2388808342313788
1176,0.06602197980997979,0.050508995653910246,0.6076338572641113,0.23893961704771896
1177,0.06599946707408927,0.050463534793716396,0.6077257131155592,0.23899764142400398
1178,0.06597732067599522,0.05041875249636424,0.6078155262780598,0.2390549047086026
1179,0.06595554273334528,0.0503746503371674,0.6079032909114521,0.23911140423759475
1180,0.06593413537164682,0.050331229899653135,0.607989001148905,0.2391671373347799
1181,0.0659131007242493,0.05028849277554672,0.6080726510969687,0.23922210131168725
1182,0.06589244093232559,0.05024644056475456,0.6081542348356309,0.2392762934675871
1183,0.06587215814485203,0.05020507487534585,0.6082337464183769,0.2393297110895039
1184,0.06585225451858767,0.0501643973235329,0.6083111798722535,0.23938235145223102
1185,0.0658327322180521,0.05012440953365019,0.6083865291979356,0.23943421181834687
1186,0.06581359341550247,0.050085113138131784,0.6084597883697991,0.239485289438233
1187,0.065794840290909,0.050046509777487536,0.6085309513359963,0.23953558155009344
1188,0.06577647503192964,0.050008601100277626,0.6086000120185351,0.23958508537997625
1189,0.06575849983388328,0.04997138876308577,0.608666964313364,0.23963379814179628
1190,0.06574091689972192,0.04993487443049083,0.6087318020904591,0.2396817170373602
1191,0.06572372844000146,0.04989905977503701,0.6087945191939186,0.2397288392563927
1192,0.06570693667285146,0.04986394647720238,0.6088551094420579,0.2397751619765654
1193,0.0656905438239433,0.04982953622536583,0.6089135666275126,0.23982068236352638
1194,0.06567455212645736,0.04979583071577259,0.6089698845173437,0.23986539757093298
1195,0.06565896382104855,0.04976283165249794,0.6090240568531488,0.23990930474048525
1196,0.0656437811558109,0.04973054074740936,0.6090760773511769,0.23995240100196227
1197,0.06562900638624042,0.049698959720127056,0.6091259397024493,0.23999468347325986
1198,0.06561464177519669,0.049668090297982734,0.6091736375728841,0.2400361492604307
1199,0.06560068959286322,0.049637934215976676,0.6092191646034253,0.24007679545772612
