,0,1
0,0.0,0.0
1,0.0,0.0
2,0.0,0.0
3,0.0,0.0
4,0.0,0.0
5,0.0,0.0
6,5.30874714683077e-07,0.0
7,0.00012178508132636987,0.0
8,0.004001733852637608,1.6839490109061049e-12
9,0.03805111554527914,2.489625334920643e-09
10,0.12536626611070883,3.624249715699748e-07
11,0.1255552725793153,1.5250456355624054e-05
12,0.1253048158494521,0.0002655335003178505
13,0.12470527032430248,0.0022654569071924777
14,0.1243761923827227,0.009941554641832492
15,0.12453192341125349,0.02126650174424498
16,0.12477117247584237,0.02129963728645164
17,0.1247332202234429,0.021332690214168955
18,0.12455575200943453,0.02136556487247099
19,0.12418107313858734,0.02139828511625356
20,0.1242045328374737,0.021431081408127387
21,0.12458295115233692,0.02146433652975761
22,0.12468098669530692,0.021498054934076014
23,0.124472376349078,0.021532091990682005
24,0.12451668881049445,0.02156647262013185
25,0.12457150611504267,0.021601251316474196
26,0.12455812297111242,0.021636431972382707
27,0.12416906715223838,0.021671855781472852
28,0.12441040280821052,0.021707633893937876
29,0.12461202073471522,0.02174372773280716
30,0.12452746831163432,0.021780075052333127
31,0.12435205517889847,0.02181670961963799
32,0.12437197170639051,0.021853719311865197
33,0.12434003549395395,0.02189106618784662
34,0.12451441671867151,0.02192872090416111
35,0.12426552077693243,0.021966538690607905
36,0.12445116374245446,0.022004721520357977
37,0.12427922788986705,0.022043178454860233
38,0.1245776011819137,0.022082018462669536
39,0.1246252729566507,0.02212118023310459
40,0.1247129996147226,0.02216071140102772
41,0.12476554874572468,0.022200587923086535
42,0.1251106764443866,0.02224081925637094
43,0.12481841082915039,0.022281207308905822
44,0.12521935767671233,0.022322099463941723
45,0.12518778187932994,0.02236323775377127
46,0.12461988115987593,0.022404494747583725
47,0.12426480223039972,0.022445986239745717
48,0.12444659528434461,0.02248783551675978
49,0.12449269384956692,0.022530019517739662
50,0.1243113271177382,0.022572420093710806
51,0.1247457663366294,0.02261525249212219
52,0.12475848016190494,0.02265832940062007
53,0.1248383775863914,0.02270170768962997
54,0.1243804295120077,0.022745188087950695
55,0.12478620735926634,0.02278906529561417
56,0.12455069958339178,0.02283313362370971
57,0.12457751900988676,0.022877514536420757
58,0.12426241829237879,0.022922054686026785
59,0.1242339791794284,0.02296700074213913
60,0.12471051450841592,0.023012518341969997
61,0.12468982117957264,0.02305832447559967
62,0.12443053410758753,0.023104299102517937
63,0.12430761309340062,0.023150518695584554
64,0.12429846076335399,0.023196991947655364
65,0.12456325822900266,0.02324378357876843
66,0.12458043690076753,0.02329088095448718
67,0.12477186173808848,0.02333838104182346
68,0.12450573327845257,0.02338609837328241
69,0.12461321856610971,0.023434120184356835
70,0.1244516621168966,0.02348242385000703
71,0.124698335855757,0.02353115830703546
72,0.12463806285442025,0.023580191038887817
73,0.12461827409033079,0.023629440502848792
74,0.12458863273258902,0.02367891121008345
75,0.12457825158637004,0.02372872138696183
76,0.12446948188364944,0.023778838861669836
77,0.12452013958619822,0.023829271854143148
78,0.12459395034796,0.023879979527889714
79,0.1245994897530594,0.023930923429206132
80,0.12455157886016646,0.02398211789562011
81,0.12481663064287338,0.02403371908671547
82,0.12495534394204737,0.02408570090283914
83,0.12500889886274422,0.024137989032144366
84,0.12453497822295406,0.024190351027283858
85,0.12431828686703034,0.02424288425707798
86,0.1245105698050074,0.02429580095789153
87,0.12481922873407486,0.024349147378451633
88,0.12484035867542602,0.02440280460343403
89,0.1246229972416422,0.024456671181172895
90,0.12477936157353736,0.024510894958935003
91,0.12460841456444545,0.024565308759048082
92,0.12469421582015215,0.02462003208148343
93,0.12443353954693384,0.024674909427956457
94,0.12441002861269468,0.02473000764082192
95,0.12473108050012115,0.024785468272470988
96,0.12457807804741812,0.024841154757896312
97,0.12473403386235982,0.024897289748858617
98,0.12442712863813367,0.02495366339502971
99,0.12459749764328563,0.02501036763868922
100,0.1245053814591794,0.02506722508901849
101,0.12463585160082262,0.025124387490392263
102,0.12476046426890497,0.025181916888239553
103,0.12456032428097402,0.025239653741599373
104,0.1242678774527412,0.025297540745491124
105,0.1246976918254266,0.025355943537360183
106,0.12460147377431233,0.02541461553567484
107,0.12434250725694893,0.02547346347380295
108,0.12460575011713738,0.02553266826217983
109,0.12446609483475055,0.02559205746992721
110,0.12454698168721262,0.025651783529634178
111,0.12451721166641828,0.025711796311212048
112,0.12474698090616952,0.025772218676070886
113,0.12447881903959807,0.025832765904621337
114,0.12447006951412172,0.025893567009592344
115,0.12473218233925458,0.025954755723743148
116,0.125145378502796,0.026016469375438854
117,0.12509607911810666,0.026078414166500995
118,0.12481515865611202,0.026140493866211464
119,0.12444726806214067,0.026202691235148255
120,0.12434861894001512,0.026265157300905274
121,0.1247649053305861,0.026328106173449002
122,0.12479853439310673,0.026391329577077016
123,0.1244580824189623,0.026454656267280004
124,0.12459753594705102,0.02651830427843783
125,0.12485506475048659,0.026582345438199435
126,0.12438357684898421,0.02664643232832623
127,0.12469183645075946,0.026710948172785742
128,0.12467975231549124,0.026775632729257003
129,0.1250866214647831,0.02684070798334478
130,0.12477050157704836,0.026905866928994424
131,0.12465880453657484,0.026971398297041
132,0.1244002088823982,0.027037154146595625
133,0.12447157778527435,0.02710322541271688
134,0.12411894935858689,0.02716930913590098
135,0.12427313817996,0.027235715853524273
136,0.12448097502751199,0.027302547404760746
137,0.12427246472390749,0.027369534708409693
138,0.12477269230836249,0.027437036063088015
139,0.12497374024108643,0.027504941986014893
140,0.1248603626293672,0.027573039838854264
141,0.1243523598618849,0.02764104832680916
142,0.12452573010168826,0.02770938780035848
143,0.1255085799824546,0.027778587114761492
144,0.12534662808086552,0.027847782116323844
145,0.1250259937370888,0.027917225265089465
146,0.12522912307910342,0.027987288342649137
147,0.1249671492054599,0.028057399392434304
148,0.12486091839554575,0.02812783271825606
149,0.12484125288177889,0.028198460189017446
150,0.12467756380031253,0.028269194294030547
151,0.12460040154299996,0.028340040214480996
152,0.12468609126014932,0.028411132361798
153,0.12465640517109233,0.028482534533072285
154,0.12416172219220423,0.02855396884959176
155,0.125204027635793,0.028626168289966933
156,0.12550412115366363,0.02869855362591596
157,0.12528357037715526,0.028770935052764693
158,0.12476101851742354,0.02884345614785545
159,0.12437227962568595,0.028916141879566374
160,0.12498116826608274,0.028989472251418336
161,0.12497224847147695,0.02906309956967641
162,0.1244819180372281,0.029136718413408938
163,0.12493587946825165,0.029210914523417012
164,0.12546143356732511,0.029285713389470766
165,0.12538444146320346,0.02936046572885584
166,0.1250609840984139,0.02943534720259544
167,0.12491486172184153,0.02951051737587125
168,0.12462954209946822,0.029585648677658134
169,0.12487993424219362,0.029661165394614962
170,0.12454913983887833,0.029736900945581866
171,0.12446123054075617,0.029812941609768287
172,0.12446858315197723,0.029889191894839746
173,0.1239576231980313,0.02996528289563358
174,0.12490229002884279,0.03004219580774338
175,0.12450459010603049,0.03011911367401616
176,0.12384837243964059,0.030195767807069857
177,0.12480239953810668,0.03027321162610931
178,0.12470993697872987,0.03035095502060344
179,0.12436764827917496,0.03042882980077257
180,0.12513625441945764,0.03050745291747959
181,0.1253945432263615,0.030586417971333848
182,0.12498552365637262,0.03066525285751791
183,0.12413922801089775,0.030744122901525194
184,0.12453548273399233,0.030823576491213284
185,0.12436205443516829,0.03090320679697729
186,0.1246325116453133,0.030983228472197328
187,0.12494088518560768,0.03106365297935101
188,0.12492376095200121,0.031144367399560224
189,0.12482504450364844,0.03122526963353635
190,0.12497841219231304,0.03130639886851572
191,0.12460393321121702,0.03138746055505759
192,0.12431632986450097,0.031468505076801864
193,0.12475540710372911,0.03154998327108309
194,0.12444086948197569,0.0316315794706814
195,0.12423489656979392,0.031713485053725926
196,0.12455896190016848,0.031795936301763625
197,0.12474665494442569,0.0318787096022722
198,0.124688333989339,0.03196159930182941
199,0.12555485317254464,0.03204519759761884
200,0.12530564343622363,0.03212842032103427
201,0.12480333654546608,0.03221171164418128
202,0.1247623701997695,0.03229544612878312
203,0.12449921029102501,0.03237932806418114
204,0.12390541134574147,0.032463142130957745
205,0.12509023881956455,0.03254803301689402
206,0.12551076358850569,0.032633402387537036
207,0.12524126457538304,0.03271858063676322
208,0.12485419901353728,0.03280388824518894
209,0.12520362261284274,0.032889715547760726
210,0.1251639466305654,0.03297548315401194
211,0.12551743804022722,0.03306165709128562
212,0.12609761151717264,0.03314825861069887
213,0.12515486421994768,0.03323420263240182
214,0.12438742193384192,0.03332056742854246
215,0.1239573431853008,0.033407040181068416
216,0.12426852266408094,0.033493983319847515
217,0.12483663848891657,0.03358139310365684
218,0.12505248829895668,0.03366898831388604
219,0.12517318185515933,0.03375687382219516
220,0.12536732495939026,0.033845120034065916
221,0.1254470164324023,0.03393346123811081
222,0.1246783197644514,0.03402132004961442
223,0.12414931900843694,0.03410927498262122
224,0.12417170229859627,0.03419756453035057
225,0.12464234056860603,0.03428670748099558
226,0.12452637119298635,0.03437627868304428
227,0.12563979712056683,0.03446694334055687
228,0.12602212011287822,0.03455751845401792
229,0.12530800241027745,0.03464732837723003
230,0.1254040319884538,0.03473770089664607
231,0.12500759488127391,0.03482784818500152
232,0.12477049345963244,0.03491834829269247
233,0.12602898119104652,0.03501015196349455
234,0.1260407117246776,0.035101687207049974
235,0.12517825272990316,0.03519302216532619
236,0.1236585045404234,0.03528397262773791
237,0.1243997506576567,0.03537569420106313
238,0.1251980320855448,0.03546800352393263
239,0.1248035287627419,0.0355598946259084
240,0.1247428921431048,0.035652110571340725
241,0.12591729620739295,0.03574557970255371
242,0.12554803907381787,0.03583838563084776
243,0.1235487122253031,0.03593015790201072
244,0.12360077757212919,0.03602238807980964
245,0.12473566324270002,0.03611559753182408
246,0.12495439024159567,0.036209395911443086
247,0.12530225799095118,0.03630409474530869
248,0.12566737967413294,0.036399233608060896
249,0.12569837513428278,0.03649414625557989
250,0.12510812523482348,0.036588545575374415
251,0.12441402479347528,0.036682915250233795
252,0.1254338904156977,0.03677828081095898
253,0.12506359685620919,0.036873290289521105
254,0.12441403360873224,0.03696869457056721
255,0.12366593507363532,0.03706418438162609
256,0.1247551502588995,0.03716065736293372
257,0.12494601247665074,0.03725707095613044
258,0.12492209465261404,0.03735331962122476
259,0.12578109700304416,0.03745027671962037
260,0.12562850318363777,0.03754675155010605
261,0.12553437553485128,0.0376437028212382
262,0.12464857262431538,0.03774035583449645
263,0.12374404505174351,0.03783687619262549
264,0.12418222977371694,0.037933902154219656
265,0.12410894485048925,0.0380312075622662
266,0.12500990998532213,0.0381296408111165
267,0.12641728281951695,0.038229382295096266
268,0.12654195212025424,0.03832808119835401
269,0.1252005609018419,0.03842574282224852
270,0.12462524136620043,0.03852370532374278
271,0.1246012074892667,0.03862210520895994
272,0.12403554460860919,0.038720464952180955
273,0.12462602678037843,0.0388197959172542
274,0.12453667626970477,0.03891953167206136
275,0.12538977614858532,0.039020253549643426
276,0.1262359870988321,0.03912139986787329
277,0.12642345242059175,0.039221888280684646
278,0.12518578460652816,0.039321082142334186
279,0.12460076242723389,0.039420664138005976
280,0.1245977306573961,0.039521085060085955
281,0.12460052649907881,0.03962206523718907
282,0.12493871369215336,0.03972355237887627
283,0.12534663319263342,0.0398255212012028
284,0.12577004154611318,0.03992768781151789
285,0.12598304259981252,0.0400297250187318
286,0.12561166066062138,0.04013120371635346
287,0.12459950811220248,0.04023204054668293
288,0.12355175688537899,0.040332742493535384
289,0.12464571552565726,0.04043495882493168
290,0.12482210596005804,0.04053776063740534
291,0.12523177664330673,0.04064105030452893
292,0.12513634226770207,0.0407440977732568
293,0.12492395825784569,0.04084704901303369
294,0.12478776015184924,0.04094996720595373
295,0.12517001949319218,0.04105325958910319
296,0.1249452270500379,0.04115648027472345
297,0.12417086432358598,0.04125966598227784
298,0.12367682208292649,0.041362984753390106
299,0.1243493111010836,0.041467236503988175
300,0.12502725180175378,0.04157209177306099
301,0.125010598178204,0.04167676751948394
302,0.12515254042593832,0.04178152580077209
303,0.12513617542803454,0.04188628643275697
304,0.12463454002764107,0.041990867023647425
305,0.12484383331564802,0.04209591635973769
306,0.12502736210594684,0.042201285619837145
307,0.1247236335095812,0.042306673140776054
308,0.12447710181028294,0.042412323507546056
309,0.12448139216107298,0.04251833356531022
310,0.1248672161879851,0.042624723527484136
311,0.12461618463866285,0.04273076367660297
312,0.12441720579635823,0.042836568563441965
313,0.12448958117743242,0.042942530959761346
314,0.12451871271918183,0.04304874746078288
315,0.12486916400667504,0.043155522505899914
316,0.12460260840264342,0.04326223974825567
317,0.12431114639727998,0.04336884377782891
318,0.12464209461154213,0.043475955485150666
319,0.12482847882176451,0.043583489520227135
320,0.1246475985199527,0.04369104454579087
321,0.12473914773672648,0.043798797849310844
322,0.12472601673360417,0.04390671624564136
323,0.12457256722880536,0.04401472401950219
324,0.12437820933196823,0.044122733712751945
325,0.12448213472455641,0.04423092724556173
326,0.12459702946395636,0.04433932197594379
327,0.12484107838761749,0.04444811703674678
328,0.12488529524458893,0.04455714469719964
329,0.12495360206013369,0.044666333903236745
330,0.12478353645730357,0.04477544937141776
331,0.12468175047263488,0.04488459787914089
332,0.12466119129217806,0.04499388174133898
333,0.12467323328562839,0.045103361332045434
334,0.12472643221508872,0.04521311163189315
335,0.12474064462994988,0.04532307861201591
336,0.12472256136256994,0.04543314919151662
337,0.12467856446675286,0.04554322163790939
338,0.12461381116677978,0.04565325920877997
339,0.12453250417531678,0.04576328952260968
340,0.12443801815129583,0.04587337383813374
341,0.1243330322601069,0.045983560711753725
342,0.12421965347652411,0.04609384691959774
343,0.12409954069004336,0.046204190601130644
344,0.12397401408569239,0.046314550540167226
345,0.12384412880731056,0.046424908894616354
346,0.12371072826087237,0.04653527254674894
347,0.12357448664075575,0.04664566052392401
348,0.1234359429186977,0.04675609212749425
349,0.12329552800801302,0.046866583096552325
350,0.12315358647258576,0.04697714580567134
351,0.12301039387562726,0.047087789950177074
352,0.12286617064359463,0.04719852309384449
353,0.1227210931450357,0.047309351102259124
354,0.12257530254369063,0.047420278486543385
355,0.12242891187290068,0.047531308676520105
356,0.12228201168861559,0.04764244423814022
357,0.12213467458654301,0.0477536870467653
358,0.12198695881163578,0.047865038425408075
359,0.12183891114227706,0.04797649925510709
360,0.12169056919489155,0.04808807006311011
361,0.12154196326543606,0.048199751093365356
362,0.1213931178008266,0.04831154236289394
363,0.12124405257466253,0.048423443706886976
364,0.12109478362666853,0.04853545481479296
365,0.12094532401333466,0.0486475752592022
366,0.12079568440769553,0.0487598045189704
367,0.12064587357856513,0.04887214199773413
368,0.12049589877345168,0.048984587038738134
369,0.12034576602451001,0.04909713893671166
370,0.1201954803929977,0.04920979694738194
371,0.12004504616459422,0.04932256029509664
372,0.11989446700545837,0.0494354281789319
373,0.11974374608691427,0.04954839977758801
374,0.11959288618507107,0.04966147425331417
375,0.11944188976041428,0.049774650755055966
376,0.11929075902139388,0.04988792842098021
377,0.11913949597522566,0.05000130638050124
378,0.11898810246847571,0.050114783755908034
379,0.11883658021948182,0.050228359663671576
380,0.11868493084425205,0.050342033215496185
381,0.11853315587715188,0.050455803519165704
382,0.11838125678742727,0.05056966967922562
383,0.11822923499240051,0.05068363079753356
384,0.11807709186800784,0.05079768597370456
385,0.11792482875721295,0.050911834305471915
386,0.11777244697672355,0.051026074888980553
387,0.1176199478223518,0.051140406819026235
388,0.11746733257329137,0.051254829189251505
389,0.11731460249552908,0.05136934109230701
390,0.11716175884456471,0.05148394161998488
391,0.11700880286757817,0.05159862986333003
392,0.11685573580515551,0.051713404912733484
393,0.11670255889266176,0.05182826585801156
394,0.11654927336133217,0.051943211788473595
395,0.11639588043913825,0.0520582417929805
396,0.11624238135147384,0.05217335495999595
397,0.11608877732169756,0.052288550377631804
398,0.11593506957156026,0.052403827133688685
399,0.11578125932154086,0.05251918431569288
400,0.1156273477911088,0.052634621010930256
401,0.115473336198928,0.05275013630647761
402,0.11531922576301419,0.05286572928923221
403,0.11516501770085445,0.05298139904593965
404,0.11501071322949745,0.0530971446632206
405,0.11485631356561928,0.053212965227596394
406,0.11470181992557088,0.053328859825513907
407,0.11454723352540974,0.05344482754336974
408,0.11439255558091971,0.05356086746753383
409,0.11423778730762113,0.053676978684372725
410,0.11408292992077308,0.05379316028027241
411,0.11392798463536974,0.05390941134166086
412,0.11377295266613147,0.054025730955030424
413,0.11361783522749241,0.054142118206959924
414,0.1134626335335846,0.05425857218413668
415,0.11330734879821987,0.05437509197337822
416,0.1131519822348695,0.05449167666165407
417,0.11299653505664267,0.05460832533610735
418,0.11284100847626334,0.05472503708407621
419,0.11268540370604649,0.05484181099311529
420,0.11252972195787324,0.05495864615101706
421,0.11237396444316575,0.05507554164583306
422,0.11221813237286142,0.055192496565895074
423,0.11206222695738673,0.05530950999983633
424,0.111906249406631,0.05542658103661249
425,0.11175020092991983,0.05554370876552264
426,0.11159408273598839,0.05566089227623036
427,0.1114378960329546,0.055778130658784425
428,0.1112816420282925,0.05589542300363973
429,0.11112532192880506,0.05601276840167804
430,0.11096893694059776,0.05613016594422866
431,0.11081248826905132,0.05624761472308909
432,0.11065597711879525,0.05636511383054557
433,0.11049940469368078,0.056482662359393615
434,0.1103427721967544,0.05660025940295839
435,0.11018608083023101,0.05671790405511519
436,0.11002933179546757,0.056835595410309636
437,0.10987252629293645,0.056953332563578
438,0.109715665522199,0.05707111461056731
439,0.10955875068187937,0.05718894064755549
440,0.10940178296963816,0.05730680977147138
441,0.10924476358214641,0.057424721079914656
442,0.10908769371505941,0.057542673671175736
443,0.10893057456299088,0.05766066664425558
444,0.10877340731948715,0.057778699098885375
445,0.1086161931770013,0.057896770135546255
446,0.10845893332686782,0.058014878855488825
447,0.10830162895927684,0.058133024360752614
448,0.10814428126324895,0.0582512057541855
449,0.10798689142660978,0.058369422139463105
450,0.10782946063596491,0.05848767262110793
451,0.10767199007667483,0.05860595630450856
452,0.10751448093283009,0.058724272295938684
453,0.10735693438722643,0.05884261970257611
454,0.1071993516213401,0.058960997632521675
455,0.10704173381530334,0.05907940519481794
456,0.10688408214788002,0.059197841499468024
457,0.10672639779644129,0.05931630565745413
458,0.10656868193694143,0.0594347967807561
459,0.10641093574389385,0.059553313982369835
460,0.10625316039034712,0.05967185637632562
461,0.1060953570478613,0.059790423077706364
462,0.10593752688648425,0.0599090132026657
463,0.10577967107472813,0.060027625868446115
464,0.10562179077954613,0.060146260193396764
465,0.10546388716630915,0.06026491529699141
466,0.10530596139878283,0.06038359029984611
467,0.10514801463910442,0.06050228432373684
468,0.10499004804776026,0.06062099649161705
469,0.1048320627835629,0.06073972592763509
470,0.1046740600036287,0.060858471757151485
471,0.10451604086335546,0.06097723310675619
472,0.1043580065164002,0.06109600910428569
473,0.10419995811465711,0.06121479887883999
474,0.10404189680823561,0.061333601560799506
475,0.10388382374543861,0.06145241628184185
476,0.10372574007274084,0.061571242174958477
477,0.10356764693476747,0.06169007837447123
478,0.1034095454742727,0.06180892401604883
479,0.10325143683211875,0.06192777823672319
480,0.10309332214725472,0.06204664017490562
481,0.10293520255669583,0.06216550897040293
482,0.10277707919550266,0.062284383764433404
483,0.10261895319676073,0.062403263699642705
484,0.10246082569156004,0.06252214792011962
485,0.1023026978089749,0.06264103557141165
486,0.10214457067604386,0.06275992580054059
487,0.10198644541774982,0.06287881775601789
488,0.10182832315700038,0.06299771058785995
489,0.10167020501460815,0.06311660344760325
490,0.10151209210927144,0.06323549548831944
491,0.10135398555755504,0.06335438586463021
492,0.10119588647387108,0.0634732737327221
493,0.10103779597046017,0.0635921582503612
494,0.10087971515737269,0.0637110385769076
495,0.10072164514245018,0.06382991387332994
496,0.10056358703130691,0.06394878330221959
497,0.10040554192731177,0.06406764602780496
498,0.1002475109315701,0.06418650121596542
499,0.10008949514290581,0.06430534803424529
500,0.09993149565784373,0.06442418565186761
501,0.099773513570592,0.06454301323974787
502,0.09961554997302466,0.0646618299705074
503,0.09945760595466452,0.06478063501848697
504,0.09929968260266613,0.06489942755975994
505,0.09914178100179886,0.06501820677214548
506,0.09898390223443024,0.0651369718352216
507,0.09882604738050944,0.06525572193033799
508,0.098668217517551,0.06537445624062879
509,0.09851041372061861,0.06549317395102536
510,0.09835263706230908,0.0656118742482686
511,0.09819488861273665,0.06573055632092145
512,0.09803716943951728,0.0658492193593811
513,0.09787948060775314,0.06596786255589099
514,0.09772182318001751,0.06608648510455303
515,0.09756419821633946,0.06620508620133925
516,0.09740660677418911,0.06632366504410354
517,0.09724904990846275,0.06644222083259327
518,0.09709152867146839,0.06656075276846077
519,0.09693404411291129,0.06667926005527455
520,0.09677659727987972,0.0667977418985306
521,0.09661918921683108,0.06691619750566327
522,0.09646182096557787,0.06703462608605633
523,0.09630449356527415,0.06715302685105376
524,0.09614720805240196,0.06727139901397022
525,0.09598996546075804,0.06738974179010172
526,0.09583276682144073,0.067508054396736
527,0.095675613162837,0.06762633605316262
528,0.0955185055106096,0.0677445859806832
529,0.0953614448876846,0.06786280340262134
530,0.09520443231423883,0.06798098754433246
531,0.09504746880768782,0.06809913763321351
532,0.09489055538267364,0.0682172528987125
533,0.09473369305105296,0.06833533257233797
534,0.09457688282188553,0.06845337588766823
535,0.09442012570142258,0.06857138208036057
536,0.09426342269309541,0.06868935038816021
537,0.09410677479750444,0.0688072800509093
538,0.09395018301240807,0.06892517031055553
539,0.09379364833271196,0.06904302041116087
540,0.09363717175045835,0.06916082959890996
541,0.09348075425481576,0.06927859712211844
542,0.09332439683206865,0.06939632223124129
543,0.09316810046560739,0.06951400417888073
544,0.09301186613591833,0.06963164221979429
545,0.0928556948205741,0.06974923561090253
546,0.09269958749422412,0.06986678361129671
547,0.0925435451285852,0.06998428548224633
548,0.09238756869243248,0.07010174048720663
549,0.09223165915159016,0.07021914789182565
550,0.09207581746892309,0.07033650696395148
551,0.09192004460432779,0.07045381697363925
552,0.09176434151472418,0.07057107719315794
553,0.09160870915404717,0.07068828689699717
554,0.09145314847323874,0.07080544536187368
555,0.09129766042023982,0.07092255186673788
556,0.09114224593998262,0.07103960569278009
557,0.09098690597438315,0.07115660612343684
558,0.0908316414623337,0.07127355244439679
559,0.09067645333969561,0.07139044394360672
560,0.09052134253929238,0.0715072799112773
561,0.09036630999090267,0.07162405963988873
562,0.0902113566212536,0.07174078242419632
563,0.09005648335401428,0.07185744756123577
564,0.0899016911097896,0.07197405435032851
565,0.08974698080611376,0.07209060209308685
566,0.08959235335744449,0.0722070900934188
567,0.08943780967515721,0.07232351765753317
568,0.0892833506675393,0.07243988409394414
569,0.0891289772397847,0.07255618871347587
570,0.08897469029398858,0.07267243082926703
571,0.08882049072914214,0.07278860975677512
572,0.08866637944112782,0.07290472481378063
573,0.08851235732271423,0.07302077532039117
574,0.08835842526355181,0.07313676059904543
575,0.08820458415016817,0.07325267997451695
576,0.08805083486596399,0.07336853277391786
577,0.08789717829120866,0.07348431832670241
578,0.08774361530303657,0.07360003596467046
579,0.08759014677544319,0.07371568502197072
580,0.08743677357928145,0.07383126483510402
581,0.08728349658225837,0.07394677474292628
582,0.08713031664893173,0.07406221408665152
583,0.08697723464070692,0.07417758220985457
584,0.08682425141583403,0.07429287845847389
585,0.08667136782940504,0.074408102180814
586,0.08651858473335124,0.07452325272754798
587,0.08636590297644062,0.07463832945171973
588,0.08621332340427575,0.07475333170874622
589,0.08606084685929151,0.07486825885641951
590,0.08590847418075313,0.07498311025490868
591,0.08575620620475438,0.07509788526676171
592,0.08560404376421597,0.07521258325690708
593,0.08545198768888393,0.0753272035926554
594,0.08530003880532833,0.07544174564370093
595,0.08514819793694206,0.07555620878212274
596,0.08499646590393986,0.07567059238238613
597,0.08484484352335737,0.07578489582134357
598,0.08469333160905038,0.07589911847823577
599,0.08454193097169435,0.07601325973469246
600,0.08439064241878405,0.0761273189747332
601,0.08423946675463309,0.07624129558476798
602,0.08408840478037401,0.07635518895359775
603,0.08393745729395824,0.07646899847241473
604,0.08378662509015623,0.07658272353480282
605,0.08363590896055795,0.07669636353673759
606,0.08348530969357326,0.07680991787658652
607,0.08333482807443268,0.0769233859551088
608,0.08318446488518796,0.0770367671754552
609,0.08303422090471323,0.07715006094316769
610,0.08288409690870605,0.07726326666617919
611,0.0827340936696885,0.07737638375481293
612,0.08258421195700871,0.0774894116217819
613,0.08243445253684237,0.077602349682188
614,0.08228481617219428,0.07771519735352136
615,0.08213530362290025,0.07782795405565923
616,0.08198591564562904,0.07794061921086495
617,0.0818366529938844,0.07805319224378683
618,0.0816875164180074,0.07816567258145682
619,0.08153850666517863,0.07827805965328911
620,0.08138962447942087,0.07839035289107871
621,0.0812408706016017,0.0785025517289997
622,0.08109224576943617,0.07861465560360373
623,0.08094375071748992,0.07872666395381803
624,0.08079538617718203,0.07883857622094351
625,0.08064715287678832,0.07895039184865281
626,0.08049905154144471,0.07906211028298821
627,0.08035108289315054,0.07917373097235927
628,0.08020324765077226,0.07928525336754064
629,0.08005554653004715,0.0793966769216695
630,0.07990798024358715,0.0795080010902432
631,0.07976054950088288,0.07961922533111641
632,0.07961325500830757,0.07973034910449864
633,0.07946609746912156,0.07984137187295118
634,0.07931907758347652,0.07995229310138433
635,0.07917219604841992,0.08006311225705434
636,0.07902545355789975,0.08017382880956027
637,0.07887885080276913,0.08028444223084077
638,0.07873238847079134,0.08039495199517083
639,0.07858606724664463,0.08050535757915829
640,0.07843988781192748,0.0806156584617404
641,0.07829385084516371,0.08072585412418021
642,0.07814795702180798,0.08083594405006285
643,0.0780022070142511,0.08094592772529183
644,0.07785660149182579,0.0810558046380851
645,0.07771114112081219,0.08116557427897109
646,0.0775658265644439,0.08127523614078468
647,0.0774206584829138,0.08138478971866309
648,0.07727563753338008,0.08149423451004158
649,0.07713076436997256,0.08160357001464917
650,0.07698603964379885,0.08171279573450424
651,0.07684146400295079,0.08182191117390995
652,0.07669703809251098,0.08193091583944981
653,0.07655276255455941,0.0820398092399829
654,0.07640863802818017,0.08214859088663909
655,0.07626466514946831,0.0822572602928143
656,0.07612084455153675,0.08236581697416552
657,0.07597717686452353,0.0824742604486058
658,0.07583366271559872,0.08258259023629916
659,0.07569030272897184,0.08269080585965545
660,0.07554709752589928,0.08279890684332507
661,0.07540404772469167,0.08290689271419362
662,0.07526115394072158,0.08301476300137649
663,0.07511841678643118,0.08312251723621338
664,0.07497583687134002,0.08323015495226274
665,0.07483341480205295,0.08333767568529608
666,0.0746911511822681,0.0834450789732922
667,0.07454904661278507,0.08355236435643154
668,0.07440710169151293,0.08365953137709005
669,0.07426531701347876,0.08376657957983344
670,0.07412369317083589,0.08387350851141105
671,0.07398223075287251,0.08398031772074974
672,0.07384093034602007,0.0840870067589477
673,0.07369979253386216,0.08419357517926819
674,0.07355881789714322,0.08430002253713323
675,0.07341800701377738,0.08440634839011715
676,0.07327736045885747,0.08451255229794018
677,0.07313687880466405,0.08461863382246175
678,0.07299656262067458,0.08472459252767407
679,0.07285641247357266,0.08483042797969531
680,0.07271642892725734,0.08493613974676281
681,0.07257661254285258,0.08504172739922637
682,0.07243696387871669,0.08514719050954123
683,0.07229748349045197,0.08525252865226116
684,0.0721581719309144,0.08535774140403145
685,0.07201902975022337,0.08546282834358178
686,0.07188005749577159,0.085567789051719
687,0.07174125571223496,0.08567262311131994
688,0.07160262494158262,0.0857773301073242
689,0.07146416572308707,0.08588190962672668
690,0.07132587859333435,0.0859863612585701
691,0.07118776408623426,0.08609068459393761
692,0.07104982273303077,0.08619487922594528
693,0.07091205506231243,0.08629894474973436
694,0.07077446160002288,0.08640288076246369
695,0.07063704286947137,0.08650668686330189
696,0.07049979939134354,0.08661036265341966
697,0.0703627316837121,0.08671390773598184
698,0.0702258402620476,0.0868173217161395
699,0.07008912563922945,0.08692060420102199
700,0.06995258832555673,0.08702375479972894
701,0.06981622882875936,0.08712677312332207
702,0.06968004765400918,0.08722965878481709
703,0.06954404530393107,0.08733241139917551
704,0.06940822227861435,0.08743503058329638
705,0.06927257907562397,0.08753751595600792
706,0.06913711619001203,0.0876398671380592
707,0.06900183411432916,0.08774208375211165
708,0.06886673333863613,0.08784416542273066
709,0.06873181435051544,0.08794611177637697
710,0.06859707763508302,0.08804792244139811
711,0.06846252367499993,0.08814959704801975
712,0.06832815295048422,0.088251135228337
713,0.06819396593932281,0.08835253661630565
714,0.06805996311688345,0.0884538008477335
715,0.06792614495612669,0.08855492756027122
716,0.06779251192761798,0.08865591639340376
717,0.06765906449953986,0.08875676698844125
718,0.06752580313770407,0.08885747898851
719,0.0673927283055639,0.0889580520385435
720,0.0672598404642265,0.08905848578527326
721,0.06712714007246529,0.08915877987721972
722,0.06699462758673232,0.08925893396468305
723,0.06686230346117089,0.08935894769973393
724,0.06673016814762812,0.08945882073620418
725,0.0665982220956675,0.0895585527296775
726,0.0664664657525817,0.0896581433374801
727,0.06633489956340519,0.08975759221867127
728,0.06620352397092712,0.08985689903403386
729,0.06607233941570423,0.08995606344606483
730,0.06594134633607367,0.09005508511896565
731,0.06581054516816606,0.09015396371863271
732,0.06567993634591844,0.09025269891264778
733,0.06554952030108746,0.09035129037026808
734,0.06541929746326242,0.09044973776241685
735,0.06528926825987857,0.09054804076167335
736,0.06515943311623029,0.09064619904226312
737,0.06502979245548438,0.09074421228004821
738,0.06490034669869342,0.09084208015251716
739,0.06477109626480929,0.09093980233877513
740,0.06464204157069646,0.09103737851953396
741,0.06451318303114562,0.09113480837710203
742,0.06438452105888717,0.09123209159537438
743,0.0642560560646049,0.09132922785982248
744,0.06412778845694952,0.09142621685748414
745,0.06399971864255255,0.09152305827695338
746,0.06387184702603992,0.09161975180837018
747,0.06374417401004587,0.09171629714341023
748,0.06361669999522675,0.09181269397527472
749,0.06348942538027495,0.09190894199867991
750,0.06336235056193285,0.09200504090984686
751,0.06323547593500677,0.09210099040649103
752,0.06310880189238108,0.0921967901878118
753,0.06298232882503221,0.09229243995448203
754,0.06285605712204287,0.09238793940863768
755,0.06272998717061615,0.09248328825386709
756,0.0626041193560897,0.0925784861952005
757,0.062478454061950184,0.09267353293909947
758,0.06235299166984738,0.09276842819344619
759,0.062227732559608666,0.09286317166753291
760,0.06210267710925332,0.09295776307205111
761,0.061977825695007,0.09305220211908087
762,0.06185317869131627,0.09314648852207999
763,0.061728736470863056,0.09324062199587337
764,0.06160449940457924,0.0933346022566419
765,0.06148046786166127,0.09342842902191195
766,0.06135664220958473,0.09352210201054416
767,0.061233022814119166,0.09361562094272266
768,0.06110961003934268,0.09370898553994414
769,0.06098640424765678,0.09380219552500668
770,0.06086340579980115,0.093895250621999
771,0.06074061505486851,0.09398815055628917
772,0.06061803237031947,0.09408089505451368
773,0.06049565810199751,0.0941734838445662
774,0.060373492604143895,0.09426591665558659
775,0.0602515362294127,0.09435819321794958
776,0.060129789328885824,0.09445031326325368
777,0.06000825225208807,0.09454227652430991
778,0.05988692534700232,0.09463408273513046
779,0.05976580896008459,0.09472573163091763
780,0.05964490343627927,0.09481722294805225
781,0.05952420911903433,0.0949085564240825
782,0.05940372635031664,0.0949997317977124
783,0.05928345547062718,0.09509074880879069
784,0.05916339681901643,0.09518160719829905
785,0.05904355073309971,0.09527230670834083
786,0.058923917549072606,0.09536284708212964
787,0.058804497601726395,0.09545322806397763
788,0.05868529122446353,0.09554344939928419
789,0.05856629874931317,0.0956335108345241
790,0.05844752050694664,0.09572341211723623
791,0.058328956826693125,0.09581315299601179
792,0.05821060803655522,0.09590273322048265
793,0.05809247446322459,0.09599215254130977
794,0.05797455643209765,0.0960814107101714
795,0.057856854267291286,0.0961705074797514
796,0.05773936829165857,0.09625944260372751
797,0.057622098826804635,0.09634821583675965
798,0.0575050461931024,0.09643682693447786
799,0.057388210709708475,0.0965252756534708
800,0.057271592694578995,0.09661356175127367
801,0.057155192464485575,0.09670168498635652
802,0.05703901033503127,0.09678964511811214
803,0.05692304662066654,0.09687744190684425
804,0.056807301634705216,0.0969650751137556
805,0.05669177568934067,0.0970525445009359
806,0.05657646909566174,0.09713984983134984
807,0.05646138216366902,0.09722699086882514
808,0.056346515202290816,0.09731396737804038
809,0.056231868519399465,0.09740077912451303
810,0.05611744242182751,0.09748742587458728
811,0.05600323721538386,0.097573907395422
812,0.055889253204870204,0.09766022345497849
813,0.05577549069409722,0.09774637382200838
814,0.05566194998590092,0.09783235826604139
815,0.05554863138215904,0.09791817655737323
816,0.05543553518380744,0.09800382846705313
817,0.05532266169085652,0.0980893137668718
818,0.055210011202407705,0.0981746322293491
819,0.055097584016669914,0.09825978362772153
820,0.05498538043097613,0.09834476773593012
821,0.0548734007417999,0.09842958432860802
822,0.05476164524477198,0.09851423318106797
823,0.05465011423469687,0.09859871406929008
824,0.05453880800556962,0.09868302676990934
825,0.05442772685059237,0.098767171060203
826,0.0543168710621911,0.09885114671807838
827,0.054206240932032426,0.09893495352206017
828,0.054095836751040335,0.09901859125127788
829,0.05398565880941299,0.09910205968545344
830,0.053875707396639605,0.09918535860488847
831,0.05376598280151726,0.09926848779045179
832,0.053656485312167906,0.09935144702356677
833,0.05354721521605518,0.09943423608619861
834,0.05343817280000144,0.09951685476084182
835,0.053329358350204754,0.09959930283050734
836,0.05322077215225593,0.09968158007871004
837,0.05311241449115558,0.09976368628945578
838,0.05300428565133115,0.09984562124722873
839,0.05289638591665414,0.09992738473697864
840,0.05278871557045723,0.10000897654410787
841,0.052681274895551425,0.10009039645445879
842,0.052574064174243304,0.10017164425430072
843,0.05246708368835228,0.1002527197303171
844,0.05236033371922787,0.10033362266959261
845,0.05225381454776701,0.10041435285960026
846,0.052147526454431395,0.10049491008818837
847,0.05204146971926488,0.10057529414356764
848,0.051935644621910845,0.10065550481429814
849,0.05183005144162969,0.1007355418892763
850,0.051724690457316286,0.10081540515772182
851,0.05161956194751749,0.10089509440916458
852,0.051514666190449664,0.1009746094334317
853,0.05141000346401625,0.10105395002063422
854,0.0513055740458254,0.10113311596115396
855,0.05120137821320761,0.10121210704563052
856,0.05109741624323336,0.101290923064948
857,0.050993688412730824,0.10136956381022173
858,0.05089019499830366,0.10144802907278504
859,0.0507869362763487,0.10152631864417601
860,0.05068391252307377,0.10160443231612429
861,0.05058112401451559,0.10168236988053754
862,0.05047857102655756,0.10176013112948828
863,0.05037625383494772,0.10183771585520049
864,0.050274172715316645,0.10191512385003614
865,0.05017232794319544,0.10199235490648184
866,0.05007071979403372,0.10206940881713543
867,0.04996934854321769,0.10214628537469238
868,0.04986821446608816,0.10222298437193245
869,0.049767317837958694,0.10229950560170603
870,0.04966665893413371,0.10237584885692072
871,0.049566238029926706,0.10245201393052777
872,0.04946605540067841,0.10252800061550832
873,0.04936611132177507,0.10260380870485991
874,0.049266406068666724,0.10267943799158277
875,0.04916693991688547,0.10275488826866633
876,0.04906771314206385,0.10283015932907522
877,0.048968726019953265,0.10290525096573579
878,0.0488699788264423,0.10298016297152224
879,0.04877147183757528,0.10305489513924286
880,0.04867320532957069,0.10312944726162626
881,0.048575179578839715,0.10320381913130755
882,0.048477394862004836,0.10327801054081445
883,0.048379851455918374,0.10335202128255333
884,0.04828254963768113,0.10342585114879549
885,0.04818548968466112,0.10349949993166309
886,0.048088671874512164,0.10357296742311517
887,0.04799209648519275,0.10364625341493372
888,0.04789576379498474,0.10371935769870969
889,0.04779967408251217,0.10379228006582884
890,0.04770382762676016,0.10386502030745778
891,0.047608224707093805,0.1039375782145298
892,0.047512865603276985,0.10400995357773077
893,0.0474177505954915,0.10408214618748496
894,0.04732287996435593,0.10415415583394086
895,0.047228253990944734,0.10422598230695702
896,0.04713387295680735,0.10429762539608778
897,0.04703973714398725,0.10436908489056895
898,0.04694584683504113,0.10444036057930359
899,0.0468522023130581,0.10451145225084767
900,0.04675880386167887,0.10458235969339572
901,0.046665651765115085,0.10465308269476642
902,0.04657274630816855,0.10472362104238825
903,0.046480087776250664,0.10479397452328493
904,0.04638767645540172,0.10486414292406107
905,0.046295512632310375,0.1049341260308877
906,0.04620359659433309,0.10500392362948766
907,0.04611192862951362,0.10507353550512102
908,0.04602050902660258,0.10514296144257068
909,0.045929338075077,0.10521220122612752
910,0.04583841606515997,0.10528125463957591
911,0.045747743287840245,0.10535012146617896
912,0.04565732003489197,0.105418801488664
913,0.045567146598894444,0.10548729448920763
914,0.04547722327325185,0.10555560024942101
915,0.04538755035221306,0.1056237185503352
916,0.04529812813089159,0.10569164917238613
917,0.045208956905285334,0.10575939189540001
918,0.04512003697229664,0.10582694649857827
919,0.045031368629752225,0.10589431276048263
920,0.044942952176423176,0.10596149045902034
921,0.04485478791204504,0.10602847937142909
922,0.04476687613733791,0.10609527927426196
923,0.044679217154026576,0.1061618899433725
924,0.044591811264860656,0.10622831115389961
925,0.04450465877363485,0.10629454268025251
926,0.044417759985209214,0.10636058429609556
927,0.044331115205529396,0.10642643577433311
928,0.044244724741647076,0.10649209688709438
929,0.04415858890174022,0.10655756740571823
930,0.04407270799513365,0.10662284710073783
931,0.043987082332319356,0.10668793574186555
932,0.04390171222497708,0.10675283309797744
933,0.043816597985994896,0.10681753893709817
934,0.04373173992948971,0.1068820530263854
935,0.043647138370827926,0.10694637513211458
936,0.043562793626646154,0.10701050501966342
937,0.043478706014871804,0.10707444245349643
938,0.043394875854743956,0.10713818719714953
939,0.043311303466834095,0.10720173901321445
940,0.04322798917306693,0.10726509766332316
941,0.04314493329674129,0.10732826290813241
942,0.043062136162551015,0.10739123450730793
943,0.04297959809660592,0.10745401221950902
944,0.0428973194264528,0.10751659580237269
945,0.04281530048109643,0.10757898501249805
946,0.04273354159102064,0.1076411796054306
947,0.042652043088209496,0.10770317933564631
948,0.042570805306168365,0.10776498395653608
949,0.04248982857994517,0.10782659322038966
950,0.04240911324615154,0.10788800687837999
951,0.04232865964298424,0.10794922468054724
952,0.042248468110246296,0.1080102463757829
953,0.04216853898936853,0.10807107171181377
954,0.04208887262343077,0.10813170043518609
955,0.04200946935718346,0.10819213229124951
956,0.04193032953706897,0.108252367024141
957,0.04185145351124324,0.10831240437676887
958,0.041772841629597254,0.10837224409079665
959,0.04169449424377862,0.10843188590662686
960,0.041616411707213245,0.10849132956338503
961,0.04153859437512697,0.10855057479890338
962,0.04146104260456723,0.1086096213497047
963,0.0413837567544249,0.10866846895098609
964,0.041306737185455966,0.10872711733660265
965,0.04122998426030339,0.1087855662390512
966,0.04115349834351892,0.10884381538945398
967,0.04107727980158504,0.10890186451754227
968,0.04100132900293685,0.10895971335164009
969,0.04092564631798401,0.10901736161864767
970,0.04085023211913275,0.10907480904402503
971,0.04077508678080793,0.10913205535177561
972,0.04070021067947503,0.10918910026442968
973,0.040625604193662346,0.1092459435030279
974,0.04055126770398299,0.10930258478710472
975,0.04047720159315721,0.10935902383467183
976,0.04040340624603444,0.1094152603622016
977,0.04032988204961564,0.10947129408461034
978,0.04025662939307551,0.10952712471524179
979,0.040183648667784774,0.10958275196585043
980,0.04011094026733251,0.10963817554658466
981,0.04003850458754855,0.10969339516597021
982,0.03996634202652581,0.10974841053089335
983,0.03989445298464271,0.10980322134658406
984,0.03982283786458568,0.1098578273165994
985,0.039751497071371544,0.1099122281428065
986,0.03968043101237008,0.10996642352536581
987,0.03960964009732651,0.11002041316271433
988,0.03953912473838411,0.11007419675154853
989,0.0394688853501067,0.11012777398680769
990,0.03939892234950136,0.11018114456165673
991,0.03932923615604096,0.11023430816746937
992,0.03925982719168687,0.11028726449381128
993,0.03919069588091159,0.1103400132284229
994,0.03912184265072151,0.11039255405720266
995,0.039053267930679564,0.11044488666418967
996,0.03898497215292803,0.1104970107315469
997,0.038916955752211234,0.11054892593954416
998,0.038849219165898355,0.11060063196654082
999,0.038781762834006236,0.11065212848896899
1000,0.03871458719922216,0.11070341518131611
1001,0.03864769270692673,0.11075449171610811
1002,0.038581079805216634,0.11080535776389214
1003,0.03851474894492757,0.11085601299321943
1004,0.03844870057965714,0.11090645707062818
1005,0.038382935165787634,0.11095668966062637
1006,0.03831745316250902,0.11100671042567455
1007,0.03825225503184181,0.11105651902616874
1008,0.03818734123865997,0.1111061151204231
1009,0.038122712250713855,0.11115549836465285
1010,0.038058368538653124,0.11120466841295691
1011,0.03799431057604969,0.11125362491730091
1012,0.03793053883942063,0.1113023675274997
1013,0.03786705380825117,0.1113508958912002
1014,0.03780385596501757,0.1113992096538643
1015,0.03774094579521014,0.11144730845875142
1016,0.03767832378735611,0.11149519194690136
1017,0.03761599043304261,0.11154285975711704
1018,0.0375539462269396,0.11159031152594727
1019,0.03749219166682275,0.11163754688766939
1020,0.03743072725359649,0.1116845654742722
1021,0.037369553491316765,0.11173136691543864
1022,0.03730867088721409,0.11177795083852844
1023,0.037248079951716306,0.11182431686856098
1024,0.037187781198471576,0.11187046462819811
1025,0.03712777514437119,0.1119163937377268
1026,0.03706806230957243,0.11196210381504199
1027,0.03700864321752141,0.11200759447562939
1028,0.03694951839497588,0.1120528653325482
1029,0.036890688372028,0.11209791599641408
1030,0.03683215368212717,0.11214274607538177
1031,0.0367739148621027,0.1121873551751281
1032,0.03671597245218655,0.1122317428988347
1033,0.03665832699603606,0.11227590884717101
1034,0.03660097904075654,0.11231985261827701
1035,0.036543929136923954,0.11236357380774631
1036,0.03648717783860744,0.11240707200860894
1037,0.03643072570339192,0.1124503468113143
1038,0.036374573292400604,0.11249339780371423
1039,0.03631872117031744,0.11253622457104592
1040,0.036263169905409516,0.11257882669591494
1041,0.03620792006954951,0.11262120375827836
1042,0.036152972238237976,0.1126633553354278
1043,0.03609832699062564,0.11270528100197252
1044,0.03604398490953563,0.1127469803298226
1045,0.0359899465814856,0.11278845288817202
1046,0.035936212596709934,0.11282969824348207
1047,0.035882783549181764,0.11287071595946455
1048,0.0358296600366349,0.11291150559706484
1049,0.03577684266058588,0.11295206671444563
1050,0.03572433202635571,0.11299239886696998
1051,0.0356721287430917,0.11303250160718495
1052,0.03562023342378919,0.11307237448480498
1053,0.03556864668531318,0.1131120170466954
1054,0.03551736914841985,0.11315142883685608
1055,0.035466401437778086,0.11319060939640518
1056,0.035415744181990824,0.11322955826356249
1057,0.03536539801361638,0.11326827497363354
1058,0.03531536356918964,0.11330675905899326
1059,0.0352656414892432,0.1133450100490698
1060,0.035216232418328317,0.11338302747032858
1061,0.0351671370050359,0.11342081084625624
1062,0.03511835590201727,0.11345835969734477
1063,0.035069889766004864,0.11349567354107554
1064,0.035021739257832835,0.1135327518919036
1065,0.03497390504245754,0.11356959426124205
1066,0.03492638778897786,0.11360620015744628
1067,0.03487918817065546,0.11364256908579859
1068,0.03483230686493488,0.1136787005484925
1069,0.03478574455346352,0.11371459404461765
1070,0.03473950192211148,0.11375024907014432
1071,0.034693579660991264,0.11378566511790844
1072,0.03464797846447737,0.11382084167759629
1073,0.03460269903122566,0.11385577823572965
1074,0.03455774206419269,0.11389047427565087
1075,0.03451310827065477,0.11392492927750805
1076,0.034468798362226945,0.11395914271824051
1077,0.03442481305488182,0.11399311407156401
1078,0.034381153068968134,0.11402684280795643
1079,0.034337819129229286,0.11406032839464342
1080,0.03429481196482156,0.11409357029558412
1081,0.03425213230933227,0.11412656797145718
1082,0.034209780900797675,0.1141593208796467
1083,0.03416775848172067,0.1141918284742284
1084,0.034126065799088404,0.11422409020595592
1085,0.034084703604389525,0.1142561055222473
1086,0.03404367265363139,0.11428787386717144
1087,0.03400297370735695,0.11431939468143493
1088,0.03396260753066149,0.1143506674023688
1089,0.033922574893209136,0.11438169146391566
1090,0.03388287656924903,0.11441246629661676
1091,0.0338435133376315,0.11444299132759937
1092,0.03380448598182382,0.11447326598056415
1093,0.03376579528992573,0.11450328967577295
1094,0.03372744205468482,0.11453306183003657
1095,0.033689427073511566,0.11456258185670272
1096,0.03365175114849415,0.11459184916564424
1097,0.033614415086413024,0.1146208631632474
1098,0.033577419698755176,0.11464962325240052
1099,0.03354076580172815,0.11467812883248257
1100,0.03350445421627375,0.11470637929935219
1101,0.03346848576808151,0.11473437404533683
1102,0.03343286128760181,0.11476211245922198
1103,0.03339758161005879,0.1147895939262408
1104,0.0333626475754628,0.11481681782806379
1105,0.033328060028622694,0.11484378354278879
1106,0.033293819819157716,0.11487049044493117
1107,0.03325992780150909,0.11489693790541416
1108,0.03322638483495131,0.11492312529155965
1109,0.03319319178360301,0.11494905196707891
1110,0.033160349516437565,0.11497471729206378
1111,0.03312785890729326,0.11500012062297801
1112,0.03309572083488323,0.11502526131264892
1113,0.03306393618280487,0.1150501387102592
1114,0.03303250583954906,0.11507475216133914
1115,0.03300143069850872,0.11509910100775891
1116,0.03297071165798736,0.11512318458772133
1117,0.03294034962120688,0.11514700223575478
1118,0.03291034549631519,0.1151705532827064
1119,0.032880700196393345,0.11519383705573571
1120,0.03285141463946218,0.11521685287830832
1121,0.0328224897484887,0.11523960007019009
1122,0.03279392645139184,0.11526207794744156
1123,0.03276572568104794,0.11528428582241265
1124,0.03273788837529565,0.11530622300373783
1125,0.03271041547694043,0.11532788879633124
1126,0.03268330793375857,0.11534928250138268
1127,0.03265656669850075,0.11537040341635345
1128,0.03263019272889506,0.11539125083497284
1129,0.03260418698764961,0.11541182404723485
1130,0.03257855044245453,0.11543212233939523
1131,0.032553284065983554,0.11545214499396893
1132,0.03252838883589504,0.11547189128972798
1133,0.03250386573483238,0.11549136050169963
1134,0.03247971575042409,0.11551055190116488
1135,0.03245593987528308,0.11552946475565759
1136,0.03243253910700551,0.1155480983289637
1137,0.03240951444816913,0.115566451881121
1138,0.03238686690633087,0.11558452466841923
1139,0.032364597494024004,0.11560231594340098
1140,0.03234270722875461,0.11561982495486234
1141,0.03232119713299746,0.11563705094785441
1142,0.032300068234191334,0.11565399316368535
1143,0.03227932156473358,0.11567065083992253
1144,0.03225895816197415,0.11568702321039531
1145,0.03223897906820895,0.11570310950519844
1146,0.03221938533067257,0.11571890895069553
1147,0.032200178001530175,0.11573442076952341
1148,0.03218135813786894,0.11574964418059672
1149,0.03216292680168864,0.11576457839911306
1150,0.03214488505989159,0.11577922263655858
1151,0.03212723398427182,0.11579357610071438
1152,0.032109974651503656,0.11580763799566288
1153,0.032093108143129365,0.11582140752179526
1154,0.03207663554554616,0.11583488387581906
1155,0.03206055794999251,0.11584806625076649
1156,0.032044876452533504,0.11586095383600335
1157,0.032029592154045584,0.11587354581723827
1158,0.032014706160200385,0.11588584137653274
1159,0.03200021958144784,0.11589783969231163
1160,0.031986133532998354,0.1159095399393743
1161,0.03197244913480428,0.1159209412889064
1162,0.03195916751154043,0.1159320429084919
1163,0.03194628979258381,0.11594284396212642
1164,0.03193381711199239,0.11595334361023044
1165,0.03192175060848316,0.11596354100966359
1166,0.03191009142540902,0.11597343531373952
1167,0.03189884071073508,0.11598302567224124
1168,0.03188799961701371,0.11599231123143736
1169,0.031877569301358974,0.11600129113409881
1170,0.031867550925419805,0.11600996451951628
1171,0.031857945655352465,0.11601833052351856
1172,0.03184875466179193,0.1160263882784911
1173,0.03183997911982217,0.11603413691339579
1174,0.031831620208945685,0.11604157555379116
1175,0.0318236791130518,0.1160487033218534
1176,0.03181615702038401,0.11605551933639809
1177,0.03180905512350625,0.1160620227129027
1178,0.03180237461926821,0.11606821256352988
1179,0.03179611670876939,0.11607408799715135
1180,0.03179028259732223,0.1160796481193728
1181,0.03178487349441412,0.11608489203255952
1182,0.031779890613668135,0.11608981883586265
1183,0.03177533517280286,0.11609442762524647
1184,0.031771208393590905,0.11609871749351643
1185,0.031767511501816365,0.11610268753034793
1186,0.031764245727230994,0.11610633682231603
1187,0.03176141230350929,0.11610966445292602
1188,0.031759012468202376,0.11611266950264491
1189,0.031757047462690535,0.11611535104893353
1190,0.03175551853213464,0.1161177081662799
1191,0.03175442692542629,0.11611973992623316
1192,0.031753773895136686,0.11612144539743866
1193,0.03175356069746416,0.11612282364567378
1194,0.03175378859218057,0.11612387373388486
1195,0.031754458842576154,0.11612459472222492
1196,0.031755572715403274,0.11612498566809236
1197,0.031757131480818684,0.11612504562617079
1198,0.03175913641232445,0.11612477364846961
1199,0.031761588786707595,0.11612416878436568
