5.355741168481186198e-01, 4.644258831518814912e-01
5.339934844063825015e-01, 4.660065155936175540e-01
5.324087959278345217e-01, 4.675912040721654228e-01
5.308200931643205500e-01, 4.691799068356794500e-01
5.292274179021579927e-01, 4.707725820978420073e-01
5.276308119719328449e-01, 4.723691880280672661e-01
5.260303172581973774e-01, 4.739696827418026226e-01
5.244259757090745655e-01, 4.755740242909255455e-01
5.228178293457670378e-01, 4.771821706542330732e-01
5.212059202719788731e-01, 4.787940797280211824e-01
5.195902906832445822e-01, 4.804097093167554733e-01
5.179709828761741575e-01, 4.820290171238258425e-01
5.163480392576128564e-01, 4.836519607423871991e-01
5.147215023537169420e-01, 4.852784976462830580e-01
5.130914148189512636e-01, 4.869085851810487919e-01
5.114578194450059012e-01, 4.885421805549940988e-01
5.098207591696380936e-01, 4.901792408303619619e-01
5.081802770854377815e-01, 4.918197229145621630e-01
5.065364164485216536e-01, 4.934635835514784574e-01
5.048892206871549160e-01, 4.951107793128450285e-01
5.032387334103057830e-01, 4.967612665896942170e-01
5.015849984161308006e-01, 4.984150015838692549e-01
4.999280597003957771e-01, 5.000719402996042229e-01
4.982679614648333200e-01, 5.017320385351665690e-01
4.966047481254374785e-01, 5.033952518745624660e-01
4.949384643206987122e-01, 5.050615356793013433e-01
4.932691549197802949e-01, 5.067308450802197051e-01
4.915968650306377641e-01, 5.084031349693621804e-01
4.899216400080831924e-01, 5.100783599919167521e-01
4.882435254617955023e-01, 5.117564745382046087e-01
4.865625672642783228e-01, 5.134374327357217327e-01
4.848788115587690517e-01, 5.151211884412308928e-01
4.831923047670962923e-01, 5.168076952329038187e-01
4.815030935974909942e-01, 5.184969064025088947e-01
4.798112250523519084e-01, 5.201887749476480360e-01
4.781167464359647457e-01, 5.218832535640351988e-01
4.764197053621788691e-01, 5.235802946378210754e-01
4.747201497620419097e-01, 5.252798502379579793e-01
4.730181278913929144e-01, 5.269818721086070301e-01
4.713136883384161369e-01, 5.286863116615838631e-01
4.696068800311570257e-01, 5.303931199688429743e-01
4.678977522450001314e-01, 5.321022477549999241e-01
4.661863546101113753e-01, 5.338136453898886247e-01
4.644727371188459020e-01, 5.355272628811541535e-01
4.627569501331214585e-01, 5.372430498668785415e-01
4.610390443917585235e-01, 5.389609556082415320e-01
4.593190710177901259e-01, 5.406809289822097631e-01
4.575970815257398572e-01, 5.424029184742600318e-01
4.558731278288695177e-01, 5.441268721711304268e-01
4.541472622463990083e-01, 5.458527377536009917e-01
4.524195375106969674e-01, 5.475804624893029215e-01
4.506900067744447069e-01, 5.493099932255552931e-01
4.489587236177734475e-01, 5.510412763822265525e-01
4.472257420553752416e-01, 5.527742579446247584e-01
4.454911165435894160e-01, 5.545088834564105840e-01
4.437549019874642009e-01, 5.562450980125357436e-01
4.420171537477940449e-01, 5.579828462522058441e-01
4.402779276481345594e-01, 5.597220723518653296e-01
4.385372799817934819e-01, 5.614627200182066291e-01
4.367952675187997125e-01, 5.632047324812001765e-01
4.350519475128515889e-01, 5.649480524871483000e-01
4.333073777082412925e-01, 5.666926222917587630e-01
4.315616163467598243e-01, 5.684383836532401757e-01
4.298147221745808322e-01, 5.701852778254191678e-01
4.280667544491230658e-01, 5.719332455508768787e-01
4.263177729458931808e-01, 5.736822270541068747e-01
4.245678379653077816e-01, 5.754321620346922739e-01
4.228170103394947588e-01, 5.771829896605051857e-01
4.210653514390758634e-01, 5.789346485609242476e-01
4.193129231799277434e-01, 5.806870768200723676e-01
4.175597880299234399e-01, 5.824402119700765601e-01
4.158060090156536770e-01, 5.841939909843463230e-01
4.140516497291266695e-01, 5.859483502708732194e-01
4.122967743344493896e-01, 5.877032256655505549e-01
4.105414475744849634e-01, 5.894585524255151476e-01
4.087857347774910832e-01, 5.912142652225089723e-01
4.070297018637363262e-01, 5.929702981362635628e-01
4.052734153520940463e-01, 5.947265846479059537e-01
4.035169423666133959e-01, 5.964830576333866041e-01
4.017603506430676985e-01, 5.982396493569321905e-01
4.000037085354798405e-01, 5.999962914645201595e-01
3.982470850226214054e-01, 6.017529149773787056e-01
3.964905497144887159e-01, 6.035094502855112841e-01
3.947341728587516196e-01, 6.052658271412484359e-01
3.929780253471761298e-01, 6.070219746528238147e-01
3.912221787220188096e-01, 6.087778212779811904e-01
3.894667051823936244e-01, 6.105332948176063201e-01
3.877116775906079837e-01, 6.122883224093921273e-01
3.859571694784677542e-01, 6.140428305215323013e-01
3.842032550535521840e-01, 6.157967449464478715e-01
3.824500092054524680e-01, 6.175499907945474209e-01
3.806975075119790053e-01, 6.193024924880210502e-01
3.789458262453297421e-01, 6.210541737546703134e-01
3.771950423782232109e-01, 6.228049576217767891e-01
3.754452335899912674e-01, 6.245547664100086216e-01
3.736964782726313605e-01, 6.263035217273685840e-01
3.719488555368173355e-01, 6.280511444631827755e-01
3.702024452178643288e-01, 6.297975547821356157e-01
3.684573278816499209e-01, 6.315426721183501346e-01
3.667135848304853840e-01, 6.332864151695145605e-01
3.649712981089380248e-01, 6.350287018910619752e-01
3.632305505096018461e-01, 6.367694494903982649e-01
3.614914255788126973e-01, 6.385085744211873582e-01
3.597540076223081917e-01, 6.402459923776917528e-01
3.580183817108285593e-01, 6.419816182891715517e-01
3.562846336856553275e-01, 6.437153663143446725e-01
3.545528501640882180e-01, 6.454471498359118931e-01
3.528231185448534868e-01, 6.471768814551466242e-01
3.510955270134445416e-01, 6.489044729865554029e-01
3.493701645473910600e-01, 6.506298354526088845e-01
3.476471209214516134e-01, 6.523528790785483311e-01
3.459264867127309628e-01, 6.540735132872690372e-01
3.442083533057147537e-01, 6.557916466942851352e-01
3.424928128972215546e-01, 6.575071871027784454e-01
3.407799585012671328e-01, 6.592200414987329227e-01
3.390698839538380804e-01, 6.609301160461619196e-01
3.373626839175729586e-01, 6.626373160824270414e-01
3.356584538863440770e-01, 6.643415461136559230e-01
3.339572901897396306e-01, 6.660427098102604804e-01
3.322592899974405323e-01, 6.677407100025594122e-01
3.305645513234892197e-01, 6.694354486765107248e-01
3.288731730304442213e-01, 6.711268269695557231e-01
3.271852548334208133e-01, 6.728147451665792422e-01
3.255008973040090514e-01, 6.744991026959908931e-01
3.238202018740671817e-01, 6.761797981259327628e-01
3.221432708393868194e-01, 6.778567291606131251e-01
3.204702073632230142e-01, 6.795297926367769303e-01
3.188011154796875357e-01, 6.811988845203125198e-01
3.171361000969983301e-01, 6.828638999030016699e-01
3.154752670005816495e-01, 6.845247329994184060e-01
3.138187228560223585e-01, 6.861812771439776970e-01
3.121665752118558679e-01, 6.878334247881441321e-01
3.105189325021985858e-01, 6.894810674978014697e-01
3.088759040492101704e-01, 6.911240959507898296e-01
3.072376000653833650e-01, 6.927623999346166350e-01
3.056041316556555865e-01, 6.943958683443444135e-01
3.039756108193364947e-01, 6.960243891806634497e-01
3.023521504518474345e-01, 6.976478495481525099e-01
3.007338643462642569e-01, 6.992661356537357431e-01
2.991208671946615216e-01, 7.008791328053384229e-01
2.975132745892486996e-01, 7.024867254107511894e-01
2.959112030232946000e-01, 7.040887969767053445e-01
2.943147698918333055e-01, 7.056852301081666390e-01
2.927240934921451765e-01, 7.072759065078547680e-01
2.911392930240070953e-01, 7.088607069759929047e-01
2.895604885897052894e-01, 7.104395114102947106e-01
2.879878011938047377e-01, 7.120121988061952623e-01
2.864213527426680561e-01, 7.135786472573319994e-01
2.848612660437173649e-01, 7.151387339562826906e-01
2.833076648044330903e-01, 7.166923351955668542e-01
2.817606736310817039e-01, 7.182393263689182961e-01
2.802204180271665734e-01, 7.197795819728334266e-01
2.786870243915944845e-01, 7.213129756084054600e-01
2.771606200165507849e-01, 7.228393799834492706e-01
2.756413330850758237e-01, 7.243586669149242319e-01
2.741292926683365216e-01, 7.258707073316634784e-01
2.726246287225840281e-01, 7.273753712774159164e-01
2.711274720857917431e-01, 7.288725279142082014e-01
2.696379544739653245e-01, 7.303620455260346755e-01
2.681562084771177967e-01, 7.318437915228822588e-01
2.666823675549013783e-01, 7.333176324450986217e-01
2.652165660318901441e-01, 7.347834339681098559e-01
2.637589390925033639e-01, 7.362410609074965251e-01
2.623096227755639109e-01, 7.376903772244360891e-01
2.608687539684836909e-01, 7.391312460315162536e-01
2.594364704010666545e-01, 7.405635295989333455e-01
2.580129106389241200e-01, 7.419870893610758245e-01
2.565982140764928587e-01, 7.434017859235071413e-01
2.551925209296478925e-01, 7.448074790703521630e-01
2.537959722279037877e-01, 7.462040277720961567e-01
2.524087098061943979e-01, 7.475912901938056576e-01
2.510308762962247808e-01, 7.489691237037753302e-01
2.496626151173869379e-01, 7.503373848826130343e-01
2.483040704672315191e-01, 7.516959295327684254e-01
2.469553873114855025e-01, 7.530446126885145253e-01
2.456167113736129892e-01, 7.543832886263870385e-01
2.442881891239052083e-01, 7.557118108760948472e-01
2.429699677680967340e-01, 7.570300322319032382e-01
2.416621952354968683e-01, 7.583378047645030762e-01
2.403650201666304720e-01, 7.596349798333695835e-01
2.390785919003794446e-01, 7.609214080996204999e-01
2.378030604606173604e-01, 7.621969395393826119e-01
2.365385765423303477e-01, 7.634614234576696523e-01
2.352852914972151932e-01, 7.647147085027847790e-01
2.340433573187493677e-01, 7.659566426812505213e-01
2.328129266267232877e-01, 7.671870733732767400e-01
2.315941526512297066e-01, 7.684058473487702656e-01
2.303871892161009627e-01, 7.696128107838990928e-01
2.291921907217897292e-01, 7.708078092782103541e-01
2.280093121276828005e-01, 7.719906878723172827e-01
2.268387089338449736e-01, 7.731612910661549432e-01
2.256805371621837808e-01, 7.743194628378162747e-01
2.245349533370288864e-01, 7.754650466629711136e-01
2.234021144651213708e-01, 7.765978855348786292e-01
2.222821780150049942e-01, 7.777178219849950613e-01
2.211753018958145245e-01, 7.788246981041855310e-01
2.200816444354550816e-01, 7.799183555645450294e-01
2.190013643581666669e-01, 7.809986356418333608e-01
2.179346207614691611e-01, 7.820653792385309222e-01
2.168815730924819885e-01, 7.831184269075180948e-01
2.158423811236143408e-01, 7.841576188763856869e-01
2.148172049276203255e-01, 7.851827950723796468e-01
2.138062048520161518e-01, 7.861937951479838205e-01
2.128095414928532214e-01, 7.871904585071467508e-01
2.118273756678455411e-01, 7.881726243321545144e-01
2.108598683888461278e-01, 7.891401316111538167e-01
2.099071808336703815e-01, 7.900928191663295630e-01
2.089694743172630376e-01, 7.910305256827370179e-01
2.080469102622056754e-01, 7.919530897377942136e-01
2.071396501685641711e-01, 7.928603498314357179e-01
2.062478555830719873e-01, 7.937521444169279849e-01
2.053716880676494938e-01, 7.946283119323505062e-01
2.045113091672578487e-01, 7.954886908327422068e-01
2.036668803770859959e-01, 7.963331196229139763e-01
2.028385631090714181e-01, 7.971614368909285542e-01
2.020265186577537841e-01, 7.979734813422462159e-01
2.012309081654628518e-01, 7.987690918345371482e-01
2.004518925868409018e-01, 7.995481074131591814e-01
1.996896326527012600e-01, 8.003103673472987678e-01
1.989442888332252357e-01, 8.010557111667747643e-01
1.982160213004987015e-01, 8.017839786995012430e-01
1.975049898903920853e-01, 8.024950101096078869e-01
1.968113540637866643e-01, 8.031886459362133079e-01
1.961352728671508783e-01, 8.038647271328491772e-01
1.954769048924707708e-01, 8.045230951075291737e-01
1.948364082365401095e-01, 8.051635917634598627e-01
1.942139404596143482e-01, 8.057860595403856241e-01
1.936096585434353701e-01, 8.063903414565645189e-01
1.930237188486326472e-01, 8.069762811513674361e-01
1.924562770715082249e-01, 8.075437229284917473e-01
1.919074882002131388e-01, 8.080925117997868057e-01
1.913775064703226447e-01, 8.086224935296772998e-01
1.908664853198201172e-01, 8.091335146801799105e-01
1.903745773434976640e-01, 8.096254226565023915e-01
1.899019342467843652e-01, 8.100980657532156348e-01
1.894487067990118789e-01, 8.105512932009880656e-01
1.890150447861286276e-01, 8.109849552138713724e-01
1.886010969628751088e-01, 8.113989030371249189e-01
1.882070110044309630e-01, 8.117929889955690648e-01
1.878329334575482568e-01, 8.121670665424517432e-01
1.874790096911845283e-01, 8.125209903088155272e-01
1.871453838466474728e-01, 8.128546161533524161e-01
1.868321987872702261e-01, 8.131678012127298016e-01
1.865395960476281811e-01, 8.134604039523718466e-01
1.862677157823170726e-01, 8.137322842176829552e-01
1.860166967143068451e-01, 8.139833032856931272e-01
1.857866760828893182e-01, 8.142133239171106540e-01
1.855777895912381903e-01, 8.144222104087618375e-01
1.853901713535990592e-01, 8.146098286464009686e-01
1.852239538421292797e-01, 8.147760461578706925e-01
1.850792678334075847e-01, 8.149207321665924431e-01
1.849562423546334544e-01, 8.150437576453665178e-01
1.848550046295381055e-01, 8.151449953704619222e-01
1.847756800240279440e-01, 8.152243199759720005e-01
1.847183919915837136e-01, 8.152816080084163142e-01
1.846832620184377105e-01, 8.153167379815623450e-01
1.846704095685526292e-01, 8.153295904314473708e-01
1.846799520284260476e-01, 8.153200479715739801e-01
1.847120046517457814e-01, 8.152879953482541353e-01
1.847666805039210047e-01, 8.152333194960789120e-01
1.848440904065140056e-01, 8.151559095934860499e-01
1.849443428816005264e-01, 8.150556571183995569e-01
1.850675440960846685e-01, 8.149324559039152760e-01
1.852137978059952839e-01, 8.147862021940046606e-01
1.853832053007921643e-01, 8.146167946992077802e-01
1.855758653477108111e-01, 8.144241346522891334e-01
1.857918741361727633e-01, 8.142081258638272923e-01
1.860313252222932923e-01, 8.139686747777067355e-01
1.862943094735136362e-01, 8.137056905264864470e-01
1.865809150133887484e-01, 8.134190849866113071e-01
1.868912271665614522e-01, 8.131087728334386311e-01
1.872253284039525068e-01, 8.127746715960475488e-01
1.875832982881988076e-01, 8.124167017118012479e-01
1.879652134193699475e-01, 8.120347865806299970e-01
1.883711473809957515e-01, 8.116288526190041930e-01
1.888011706864359540e-01, 8.111988293135640182e-01
1.892553507256243273e-01, 8.107446492743756172e-01
1.897337517122199557e-01, 8.102662482877800443e-01
1.902364346311972154e-01, 8.097635653688027846e-01
1.907634571869076812e-01, 8.092365428130922078e-01
1.913148737516471021e-01, 8.086851262483528702e-01
1.918907353147588091e-01, 8.081092646852411354e-01
1.924910894323076660e-01, 8.075089105676923618e-01
1.931159801773574825e-01, 8.068840198226424620e-01
1.937654480908832244e-01, 8.062345519091168589e-01
1.944395301333524118e-01, 8.055604698666476438e-01
1.951382596370077327e-01, 8.048617403629922951e-01
1.958616662588836266e-01, 8.041383337411164289e-01
1.966097759345881713e-01, 8.033902240654117177e-01
1.973826108328849693e-01, 8.026173891671150029e-01
1.981801893111040103e-01, 8.018198106888959620e-01
1.990025258714150924e-01, 8.009974741285849076e-01
1.998496311179958906e-01, 8.001503688820040816e-01
2.007215117151228689e-01, 7.992784882848771311e-01
2.016181703462192609e-01, 7.983818296537806836e-01
2.025396056738875961e-01, 7.974603943261123762e-01
2.034858123009583297e-01, 7.965141876990416980e-01
2.044567807325834152e-01, 7.955432192674166680e-01
2.054524973394034892e-01, 7.945475026605965940e-01
2.064729443218167870e-01, 7.935270556781831575e-01
2.075180996753787921e-01, 7.924819003246212912e-01
2.085879371573571839e-01, 7.914120628426428716e-01
2.096824262544715323e-01, 7.903175737455285788e-01
2.108015321518409702e-01, 7.891984678481589466e-01
2.119452157031653239e-01, 7.880547842968346206e-01
2.131134334021648757e-01, 7.868865665978350687e-01
2.143061373553012405e-01, 7.856938626446988705e-01
2.155232752558013942e-01, 7.844767247441986058e-01
2.167647903590078917e-01, 7.832352096409920250e-01
2.180306214590739533e-01, 7.819693785409259634e-01
2.193207028670257630e-01, 7.806792971329743480e-01
2.206349643902075774e-01, 7.793650356097925336e-01
2.219733313131301289e-01, 7.780266686868698711e-01
2.233357243797377545e-01, 7.766642756202621900e-01
2.247220597771095174e-01, 7.752779402228904271e-01
2.261322491206100849e-01, 7.738677508793899706e-01
2.275661994405021316e-01, 7.724338005594978407e-01
2.290238131700340074e-01, 7.709761868299660481e-01
2.305049881350128282e-01, 7.694950118649870330e-01
2.320096175448732034e-01, 7.679903824551267411e-01
2.335375899852499271e-01, 7.664624100147501284e-01
2.350887894120621824e-01, 7.649112105879377621e-01
2.366630951471158928e-01, 7.633369048528840795e-01
2.382603818752279945e-01, 7.617396181247720888e-01
2.398805196428764608e-01, 7.601194803571235115e-01
2.415233738583799361e-01, 7.584766261416200361e-01
2.431888052936048983e-01, 7.568111947063951295e-01
2.448766700872026525e-01, 7.551233299127974030e-01
2.465868197493725489e-01, 7.534131802506274234e-01
2.483191011681499805e-01, 7.516808988318500750e-01
2.500733566172122502e-01, 7.499266433827878053e-01
2.518494237651991985e-01, 7.481505762348007460e-01
2.536471356865394045e-01, 7.463528643134607066e-01
2.554663208737740221e-01, 7.445336791262260334e-01
2.573068032513683989e-01, 7.426931967486315456e-01
2.591684021909999025e-01, 7.408315978090000975e-01
2.610509325283092985e-01, 7.389490674716906460e-01
2.629542045811019135e-01, 7.370457954188981420e-01
2.648780241689825954e-01, 7.351219758310174601e-01
2.668221926344083728e-01, 7.331778073655916828e-01
2.687865068651405509e-01, 7.312134931348593936e-01
2.707707593180763705e-01, 7.292292406819237405e-01
2.727747380444400793e-01, 7.272252619555598097e-01
2.747982267163123771e-01, 7.252017732836876229e-01
2.768410046544724779e-01, 7.231589953455275221e-01
2.789028468575311948e-01, 7.210971531424686942e-01
2.809835240323277916e-01, 7.190164759676722639e-01
2.830828026255640673e-01, 7.169171973744358217e-01
2.852004448566478612e-01, 7.147995551433521388e-01
2.873362087517171148e-01, 7.126637912482829407e-01
2.894898481788135136e-01, 7.105101518211865974e-01
2.916611128841756218e-01, 7.083388871158244893e-01
2.938497485296178713e-01, 7.061502514703820177e-01
2.960554967309635410e-01, 7.039445032690365700e-01
2.982780950974958656e-01, 7.017219049025040789e-01
3.005172772723939123e-01, 6.994827227276061432e-01
3.027727729741157003e-01, 6.972272270258843552e-01
3.050443080386925354e-01, 6.949556919613074646e-01
3.073316044628968680e-01, 6.926683955371030210e-01
3.096343804482450390e-01, 6.903656195517550165e-01
3.119523504457951679e-01, 6.880476495542047211e-01
3.142852252017026560e-01, 6.857147747982973440e-01
3.166327118034898414e-01, 6.833672881965102697e-01
3.189945137269920572e-01, 6.810054862730079428e-01
3.213703308839359618e-01, 6.786296691160639272e-01
3.237598596701106723e-01, 6.762401403298892166e-01
3.261627930140875153e-01, 6.738372069859125402e-01
3.285788204264471490e-01, 6.714211795735529620e-01
3.310076280494707590e-01, 6.689923719505291855e-01
3.334488987072526389e-01, 6.665511012927474166e-01
3.359023119561895254e-01, 6.640976880438105301e-01
3.383675441358060532e-01, 6.616324558641939468e-01
3.408442684198695338e-01, 6.591557315801305217e-01
3.433321548677536472e-01, 6.566678451322464083e-01
3.458308704760066910e-01, 6.541691295239933090e-01
3.483400792300800908e-01, 6.516599207699198537e-01
3.508594421561760379e-01, 6.491405578438238511e-01
3.533886173731701774e-01, 6.466113826268298226e-01
3.559272601445672146e-01, 6.440727398554327854e-01
3.584750229304485836e-01, 6.415249770695514719e-01
3.610315554393681015e-01, 6.389684445606319541e-01
3.635965046801568068e-01, 6.364034953198431932e-01
3.661695150135952925e-01, 6.338304849864047075e-01
3.687502282039131218e-01, 6.312497717960867671e-01
3.713382834700784119e-01, 6.286617165299216436e-01
3.739333175368347306e-01, 6.260666824631652139e-01
3.765349646854525001e-01, 6.234650353145474444e-01
3.791428568041548264e-01, 6.208571431958451736e-01
3.817566234381818968e-01, 6.182433765618180477e-01
3.843758918394612478e-01, 6.156241081605386967e-01
3.870002870158473218e-01, 6.129997129841527892e-01
3.896294317798985052e-01, 6.103705682201014948e-01
3.922629467971612827e-01, 6.077370532028386618e-01
3.949004506339293119e-01, 6.050995493660706881e-01
3.975415598044474419e-01, 6.024584401955526136e-01
4.001858888175366946e-01, 5.998141111824633054e-01
4.028330502226091792e-01, 5.971669497773908208e-01
4.054826546550512889e-01, 5.945173453449488221e-01
4.081343108809490916e-01, 5.918656891190509084e-01
4.107876258411368720e-01, 5.892123741588630725e-01
4.134422046945454010e-01, 5.865577953054544880e-01
4.160976508608338342e-01, 5.839023491391661658e-01
4.187535660622851985e-01, 5.812464339377148015e-01
4.214095503649549768e-01, 5.785904496350450232e-01
4.240652022190539716e-01, 5.759347977809459174e-01
4.267201184985576212e-01, 5.732798815014423788e-01
4.293738945400307205e-01, 5.706261054599692795e-01
4.320261241806597763e-01, 5.679738758193402237e-01
4.346763997954882219e-01, 5.653236002045118891e-01
4.373243123338489413e-01, 5.626756876661511697e-01
4.399694513549949892e-01, 5.600305486450050108e-01
4.426114050629266217e-01, 5.573885949370733783e-01
4.452497603404194093e-01, 5.547502396595805907e-01
4.478841027822565990e-01, 5.521158972177434565e-01
4.505140167276738827e-01, 5.494859832723261173e-01
4.531390852920261780e-01, 5.468609147079738220e-01
4.557588903976870776e-01, 5.442411096023129780e-01
4.583730128041958451e-01, 5.416269871958042659e-01
4.609810321376685005e-01, 5.390189678623313885e-01
4.635825269194918663e-01, 5.364174730805081337e-01
4.661770745943210614e-01, 5.338229254056788831e-01
4.687642515574049207e-01, 5.312357484425952459e-01
4.713436331812655422e-01, 5.286563668187345133e-01
4.739147938417621608e-01, 5.260852061582379502e-01
4.764773069435658814e-01, 5.235226930564340631e-01
4.790307449450871835e-01, 5.209692550549127610e-01
4.815746793828838412e-01, 5.184253206171161033e-01
4.841086808955952780e-01, 5.158913191044046664e-01
4.866323192474411585e-01, 5.133676807525586749e-01
4.891451633513312913e-01, 5.108548366486688197e-01
4.916467812916295310e-01, 5.083532187083704690e-01
4.941367403466283559e-01, 5.058632596533716441e-01
4.966146070107779198e-01, 5.033853929892219137e-01
4.990799470167325835e-01, 5.009200529832674720e-01
5.015323253572657736e-01, 4.984676746427341154e-01
5.039713063071195043e-01, 4.960286936928804402e-01
5.063964534448467392e-01, 4.936035465551532608e-01
5.088073296747145369e-01, 4.911926703252854631e-01
5.112034972487374818e-01, 4.887965027512625182e-01
5.135845177889076796e-01, 4.864154822110922649e-01
5.159499523097015317e-01, 4.840500476902985239e-01
5.182993612409337869e-01, 4.817006387590662686e-01
5.206323044510406950e-01, 4.793676955489594160e-01
5.229483412708720858e-01, 4.770516587291279142e-01
5.252470305180783061e-01, 4.747529694819217494e-01
5.275279305221750592e-01, 4.724720694778248853e-01
5.297905991503796264e-01, 4.702094008496203736e-01
5.320345938343039593e-01, 4.679654061656962072e-01
5.342594715976038966e-01, 4.657405284023959924e-01
5.364647890846784284e-01, 4.635352109153216271e-01
5.386501025905132689e-01, 4.613498974094866756e-01
5.408149680917779811e-01, 4.591850319082219634e-01
5.429589412792700243e-01, 4.570410587207299757e-01
5.450815775918169681e-01, 4.549184224081831429e-01
5.471824322517397921e-01, 4.528175677482602079e-01
5.492610603019892901e-01, 4.507389396980107654e-01
5.513170166450619414e-01, 4.486829833549381141e-01
5.533498560838104874e-01, 4.466501439161895126e-01
5.553591333642631245e-01, 4.446408666357368200e-01
5.573444032205644438e-01, 4.426555967794356672e-01
5.593052204221562462e-01, 4.406947795778437538e-01
5.612411398233178028e-01, 4.387588601766821972e-01
5.631517164151811361e-01, 4.368482835848189194e-01
5.650365053803449999e-01, 4.349634946196550001e-01
5.668950621502065745e-01, 4.331049378497934810e-01
5.687269424651337779e-01, 4.312730575348662221e-01
5.705317024375994306e-01, 4.294682975624005694e-01
5.723088986184013960e-01, 4.276911013815986040e-01
5.740580880660903773e-01, 4.259419119339097337e-01
5.757788284197284945e-01, 4.242211715802715610e-01
5.774706779751017649e-01, 4.225293220248983461e-01
5.791331957645085016e-01, 4.208668042354915539e-01
5.807659416402448649e-01, 4.192340583597551351e-01
5.823684763619092486e-01, 4.176315236380907514e-01
5.839403616876432945e-01, 4.160596383123567610e-01
5.854811604694299954e-01, 4.145188395305700046e-01
5.869904367525647926e-01, 4.130095632474352074e-01
5.884677558794122465e-01, 4.115322441205876980e-01
5.899126845975654065e-01, 4.100873154024345935e-01
5.913247911725123540e-01, 4.086752088274877015e-01
5.927036455049213837e-01, 4.072963544950785608e-01
5.940488192526486300e-01, 4.059511807473514255e-01
5.953598859575649493e-01, 4.046401140424349396e-01
5.966364211773056425e-01, 4.033635788226944130e-01
5.978780026220281707e-01, 4.021219973779718293e-01
5.990842102962744553e-01, 4.009157897037254892e-01
6.002546266460144775e-01, 3.997453733539855225e-01
6.013888367109525568e-01, 3.986111632890474432e-01
6.024864282821706940e-01, 3.975135717178292505e-01
6.035469920651719278e-01, 3.964530079348280167e-01
6.045701218483885420e-01, 3.954298781516114580e-01
6.055554146772045288e-01, 3.944445853227954157e-01
6.065024710335428226e-01, 3.934975289664571219e-01
6.074108950210532765e-01, 3.925891049789467790e-01
6.082802945559339092e-01, 3.917197054440660908e-01
6.091102815634079626e-01, 3.908897184365919264e-01
6.099004721798689799e-01, 3.900995278201310201e-01
6.106504869606984576e-01, 3.893495130393015424e-01
6.113599510937534065e-01, 3.886400489062465935e-01
6.120284946185040598e-01, 3.879715053814959402e-01
6.126557526507969698e-01, 3.873442473492030858e-01
6.132413656132076341e-01, 3.867586343867923104e-01
6.137849794709323570e-01, 3.862150205290675875e-01
6.142862459731575075e-01, 3.857137540268424925e-01
6.147448228998362296e-01, 3.852551771001637704e-01
6.151603743137832314e-01, 3.848396256862167131e-01
6.155325708179923971e-01, 3.844674291820074918e-01
6.158610898180609805e-01, 3.841389101819389640e-01
6.161456157895957020e-01, 3.838543842104042980e-01
6.163858405504626381e-01, 3.836141594495374174e-01
6.165814635377199204e-01, 3.834185364622800241e-01
6.167321920890700415e-01, 3.832678079109299030e-01
6.168377417286386999e-01, 3.831622582713612446e-01
6.168978364568874495e-01, 3.831021635431124950e-01
6.169122090444365547e-01, 3.830877909555635008e-01
6.168806013295694557e-01, 3.831193986704305998e-01
6.168027645191695996e-01, 3.831972354808304004e-01
6.166784594928225172e-01, 3.833215405071774828e-01
6.165074571098039247e-01, 3.834925428901961308e-01
6.162895385186539787e-01, 3.837104614813459658e-01
6.160244954690241581e-01, 3.839755045309758419e-01
6.157121306254654813e-01, 3.842878693745345742e-01
6.153522578828066747e-01, 3.846477421171933253e-01
6.149447026827649099e-01, 3.850552973172352011e-01
6.144893023313997560e-01, 3.855106976686001885e-01
6.139859063170205467e-01, 3.860140936829795089e-01
6.134343766281284971e-01, 3.865656233718715584e-01
6.128345880709692439e-01, 3.871654119290306451e-01
6.121864285862490540e-01, 3.878135714137508905e-01
6.114897995645554030e-01, 3.885102004354446525e-01
6.107446161600098566e-01, 3.892553838399901989e-01
6.099508076016653124e-01, 3.900491923983346321e-01
6.091083175021455576e-01, 3.908916824978543869e-01
6.082171041630133335e-01, 3.917828958369867220e-01
6.072771408763421030e-01, 3.927228591236578414e-01
6.062884162219532858e-01, 3.937115837780467142e-01
6.052509343597711755e-01, 3.947490656402287690e-01
6.041647153167389872e-01, 3.958352846832611238e-01
6.030297952677268203e-01, 3.969702047322731797e-01
6.018462268098631052e-01, 3.981537731901368948e-01
6.006140792297037789e-01, 3.993859207702962211e-01
5.993334387626563231e-01, 4.006665612373437324e-01
5.980044088440678030e-01, 4.019955911559322526e-01
5.966271103513837160e-01, 4.033728896486162285e-01
5.952016818367840134e-01, 4.047983181632158756e-01
5.937282797496982178e-01, 4.062717202503018932e-01
5.922070786486091087e-01, 4.077929213513908913e-01
5.906382714015523394e-01, 4.093617285984477161e-01
5.890220693747233449e-01, 4.109779306252767106e-01
5.873587026086115603e-01, 4.126412973913884397e-01
5.856484199810868541e-01, 4.143515800189131459e-01
5.838914893568721842e-01, 4.161085106431279268e-01
5.820881977228473669e-01, 4.179118022771526886e-01
5.802388513086417232e-01, 4.197611486913583323e-01
5.783437756919856954e-01, 4.216562243080143602e-01
5.764033158883066221e-01, 4.235966841116933224e-01
5.744178364240759560e-01, 4.255821635759240440e-01
5.723877213934246422e-01, 4.276122786065753023e-01
5.703133744975762420e-01, 4.296866255024238135e-01
5.681952190666572644e-01, 4.318047809333426801e-01
5.660336980634796955e-01, 4.339663019365204155e-01
5.638292740689044846e-01, 4.361707259310954599e-01
5.615824292484353775e-01, 4.384175707515645670e-01
5.592936652997074765e-01, 4.407063347002924125e-01
5.569635033805757640e-01, 4.430364966194242915e-01
5.545924840175353587e-01, 4.454075159824646413e-01
5.521811669942399137e-01, 4.478188330057600308e-01
5.497301312199185386e-01, 4.502698687800813504e-01
5.472399745775262669e-01, 4.527600254224736220e-01
5.447113137515040560e-01, 4.552886862484959440e-01
5.421447840350553937e-01, 4.578552159649445508e-01
5.395410391168941056e-01, 4.604589608831060055e-01
5.369007508474471502e-01, 4.630992491525528498e-01
5.342246089845492651e-01, 4.657753910154507904e-01
5.315133209186934105e-01, 4.684866790813066451e-01
5.287676113779566922e-01, 4.712323886220433078e-01
5.259882221127525348e-01, 4.740117778872474652e-01
5.231759115606074984e-01, 4.768240884393924461e-01
5.203314544912044370e-01, 4.796685455087956740e-01
5.174556416319711083e-01, 4.825443583680288917e-01
5.145492792745431920e-01, 4.854507207254568080e-01
5.116131888624643187e-01, 4.883868111375355703e-01
5.086482065605365532e-01, 4.913517934394633913e-01
5.056551828062656462e-01, 4.943448171937343538e-01
5.026349818438970996e-01, 4.973650181561029004e-01
4.995884812415705145e-01, 5.004115187584293745e-01
4.965165713921591006e-01, 5.034834286078407883e-01
4.934201549984043589e-01, 5.065798450015956966e-01
4.903001465429863148e-01, 5.096998534570136297e-01
4.871574717442087032e-01, 5.128425282557913523e-01
4.839930669980077038e-01, 5.160069330019922962e-01
4.808078788070312970e-01, 5.191921211929687585e-01
4.776028631975581806e-01, 5.223971368024418194e-01
4.743789851250629352e-01, 5.256210148749371758e-01
4.711372178692492252e-01, 5.288627821307506638e-01
4.678785424194107367e-01, 5.321214575805891522e-01
4.646039468509879367e-01, 5.353960531490120633e-01
4.613144256942193211e-01, 5.386855743057805679e-01
4.580109792957981485e-01, 5.419890207042018515e-01
4.546946131744620256e-01, 5.453053868255379744e-01
4.513663373714573157e-01, 5.486336626285427398e-01
4.480271657968276089e-01, 5.519728342031723356e-01
4.446781155724884305e-01, 5.553218844275115140e-01
4.413202063730490843e-01, 5.586797936269509712e-01
4.379544597653530213e-01, 5.620455402346469231e-01
4.345818985477035712e-01, 5.654181014522963178e-01
4.312035460897394312e-01, 5.687964539102605688e-01
4.278204256739254197e-01, 5.721795743260746914e-01
4.244335598396093423e-01, 5.755664401603906022e-01
4.210439697305920492e-01, 5.789560302694080063e-01
4.176526744471432129e-01, 5.823473255528568426e-01
4.142606904033809267e-01, 5.857393095966191288e-01
4.108690306909188461e-01, 5.891309693090812649e-01
4.074787044496635535e-01, 5.925212955503363910e-01
4.040907162466231828e-01, 5.959092837533767062e-01
4.007060654635689612e-01, 5.992939345364309833e-01
3.973257456943628529e-01, 6.026742543056371471e-01
3.939507441527381748e-01, 6.060492558472617697e-01
3.905820410912944074e-01, 6.094179589087056481e-01
3.872206092324307347e-01, 6.127793907675691543e-01
3.838674132119203608e-01, 6.161325867880795837e-01
3.805234090357836330e-01, 6.194765909642164781e-01
3.771895435510931316e-01, 6.228104564489067574e-01
3.738667539313023092e-01, 6.261332460686976908e-01
3.705559671766531782e-01, 6.294440328233468218e-01
3.672580996301847422e-01, 6.327419003698152578e-01
3.639740565098207870e-01, 6.360259434901792686e-01
3.607047314569778451e-01, 6.392952685430222104e-01
3.574510061020987894e-01, 6.425489938979013216e-01
3.542137496474701552e-01, 6.457862503525297893e-01
3.509938184676483219e-01, 6.490061815323516781e-01
3.477920557277748292e-01, 6.522079442722251708e-01
3.446092910200242443e-01, 6.553907089799757557e-01
3.414463400183843089e-01, 6.585536599816156356e-01
3.383040041519315699e-01, 6.616959958480683746e-01
3.351830702967264486e-01, 6.648169297032735514e-01
3.320843104864079076e-01, 6.679156895135921479e-01
3.290084816415387858e-01, 6.709915183584612697e-01
3.259563253177045206e-01, 6.740436746822955350e-01
3.229285674723410549e-01, 6.770714325276590007e-01
3.199259182502253718e-01, 6.800740817497745727e-01
3.169490717875302899e-01, 6.830509282124697101e-01
3.139987060343114034e-01, 6.860012939656886521e-01
3.110754825952600777e-01, 6.889245174047398113e-01
3.081800465885274898e-01, 6.918199534114725102e-01
3.053130265223906736e-01, 6.946869734776094374e-01
3.024750341895082184e-01, 6.975249658104918371e-01
2.996666645784820115e-01, 7.003333354215179885e-01
2.968884958024157195e-01, 7.031115041975843916e-01
2.941410890441392700e-01, 7.058589109558607300e-01
2.914249885177410682e-01, 7.085750114822588763e-01
2.887407214460342986e-01, 7.112592785539656459e-01
2.860887980535568031e-01, 7.139112019464431969e-01
2.834697115746921958e-01, 7.165302884253077487e-01
2.808839382764783399e-01, 7.191160617235216046e-01
2.783319374956566006e-01, 7.216680625043434549e-01
2.758141516895015188e-01, 7.241858483104984812e-01
2.733310064999567857e-01, 7.266689935000432143e-01
2.708829108305944589e-01, 7.291170891694055411e-01
2.684702569359043167e-01, 7.315297430640956833e-01
2.660934205224123050e-01, 7.339065794775876395e-01
2.637527608611227592e-01, 7.362472391388772408e-01
2.614486209107710346e-01, 7.385513790892289654e-01
2.591813274513722343e-01, 7.408186725486277657e-01
2.569511912275487253e-01, 7.430488087724512747e-01
2.547585071011184144e-01, 7.452414928988816412e-01
2.526035542124256406e-01, 7.473964457875742484e-01
2.504865961498990434e-01, 7.495134038501010121e-01
2.484078811273221499e-01, 7.515921188726778501e-01
2.463676421683092532e-01, 7.536323578316906913e-01
2.443660972974783241e-01, 7.556339027025217314e-01
2.424034497378256825e-01, 7.575965502621743175e-01
2.404798881138083266e-01, 7.595201118861916179e-01
2.385955866596504715e-01, 7.614044133403495840e-01
2.367507054323976234e-01, 7.632492945676023766e-01
2.349453905292529510e-01, 7.650546094707469935e-01
2.331797743087384023e-01, 7.668202256912616255e-01
2.314539756152348970e-01, 7.685460243847650474e-01
2.297681000064682733e-01, 7.702318999935318100e-01
2.281222399835159675e-01, 7.718777600164840047e-01
2.265164752229262835e-01, 7.734835247770737165e-01
2.249508728105517885e-01, 7.750491271894482948e-01
2.234254874767124532e-01, 7.765745125232875745e-01
2.219403618323177729e-01, 7.780596381676823103e-01
2.204955266055908802e-01, 7.795044733944090920e-01
2.190910008790523389e-01, 7.809089991209475778e-01
2.177267923264342431e-01, 7.822732076735657847e-01
2.164028974492109014e-01, 7.835971025507890708e-01
2.151193018124471779e-01, 7.848806981875527944e-01
2.138759802796786069e-01, 7.861240197203214208e-01
2.126728972465547762e-01, 7.873271027534451960e-01
2.115100068729882377e-01, 7.884899931270118456e-01
2.103872533135719702e-01, 7.896127466864281130e-01
2.093045709460353287e-01, 7.906954290539647268e-01
2.082618845975304778e-01, 7.917381154024695222e-01
2.072591097685501094e-01, 7.927408902314500017e-01
2.062961528542948952e-01, 7.937038471457051880e-01
2.053729113633217251e-01, 7.946270886366783026e-01
2.044892741333176056e-01, 7.955107258666823666e-01
2.036451215438590812e-01, 7.963548784561408356e-01
2.028403257260282533e-01, 7.971596742739717190e-01
2.020747507687721267e-01, 7.979252492312278733e-01
2.013482529219029482e-01, 7.986517470780970518e-01
2.006606807956500538e-01, 7.993393192043498630e-01
2.000118755566879236e-01, 7.999881244433121319e-01
1.994016711205731374e-01, 8.005983288794269459e-01
1.988298943405384378e-01, 8.011701056594615622e-01
1.982963651926026027e-01, 8.017036348073973695e-01
1.978008969569613196e-01, 8.021991030430387637e-01
1.973432963956421038e-01, 8.026567036043579240e-01
1.969233639264098557e-01, 8.030766360735900333e-01
1.965408937929226940e-01, 8.034591062070773893e-01
1.961956742311464497e-01, 8.038043257688535226e-01
1.958874876320449709e-01, 8.041125123679550013e-01
1.956161107005707778e-01, 8.043838892994292777e-01
1.953813146109915078e-01, 8.046186853890084922e-01
1.951828651585911234e-01, 8.048171348414088211e-01
1.950205229077978386e-01, 8.049794770922020781e-01
1.948940433367904457e-01, 8.051059566632094988e-01
1.948031769786486012e-01, 8.051968230213513156e-01
1.947476695591125739e-01, 8.052523304408873983e-01
1.947272621310283669e-01, 8.052727378689716886e-01
1.947416912055549287e-01, 8.052583087944450435e-01
1.947906888802204972e-01, 8.052093111197794473e-01
1.948739829639130616e-01, 8.051260170360869939e-01
1.949912970989009231e-01, 8.050087029010990491e-01
1.951423508799771944e-01, 8.048576491200228888e-01
1.953268599708288811e-01, 8.046731400291711189e-01
1.955445362177342938e-01, 8.044554637822656229e-01
1.957950877606915163e-01, 8.042049122393085669e-01
1.960782191420885334e-01, 8.039217808579115498e-01
1.963936314130223237e-01, 8.036063685869777595e-01
1.967410222373789097e-01, 8.032589777626211180e-01
1.971200859937871919e-01, 8.028799140062127249e-01
1.975305138755585888e-01, 8.024694861244414668e-01
1.979719939887270019e-01, 8.020280060112729981e-01
1.984442114483042363e-01, 8.015557885516958470e-01
1.989468484728625641e-01, 8.010531515271374081e-01
1.994795844775606453e-01, 8.005204155224393547e-01
2.000420961657244368e-01, 7.999579038342755632e-01
2.006340576190961678e-01, 7.993659423809038600e-01
2.012551403868618749e-01, 7.987448596131381251e-01
2.019050135735678819e-01, 7.980949864264321736e-01
2.025833439260328883e-01, 7.974166560739671672e-01
2.032897959193642745e-01, 7.967102040806356422e-01
2.040240318421793486e-01, 7.959759681578206791e-01
2.047857118811357569e-01, 7.952142881188641876e-01
2.055744942048682578e-01, 7.944255057951317145e-01
2.063900350474296430e-01, 7.936099649525703015e-01
2.072319887913275094e-01, 7.927680112086724629e-01
2.081000080502473371e-01, 7.918999919497526907e-01
2.089937437515495267e-01, 7.910062562484504456e-01
2.099128452186224680e-01, 7.900871547813774765e-01
2.108569602531714104e-01, 7.891430397468286451e-01
2.118257352175191011e-01, 7.881742647824808712e-01
2.128188151169904119e-01, 7.871811848830094771e-01
2.138358436824475961e-01, 7.861641563175524317e-01
2.148764634530413165e-01, 7.851235365469586558e-01
2.159403158592354821e-01, 7.840596841407645456e-01
2.170270413061618775e-01, 7.829729586938380947e-01
2.181362792573546816e-01, 7.818637207426453184e-01
2.192676683189118680e-01, 7.807323316810881320e-01
2.204208463241239813e-01, 7.795791536758760465e-01
2.215954504186080365e-01, 7.784045495813919358e-01
2.227911171459801554e-01, 7.772088828540197891e-01
2.240074825340919451e-01, 7.759925174659080271e-01
2.252441821818572942e-01, 7.747558178181427335e-01
2.265008513466853224e-01, 7.734991486533147054e-01
2.277771250325354713e-01, 7.722228749674645565e-01
2.290726380786032856e-01, 7.709273619213966589e-01
2.303870252486416581e-01, 7.696129747513582586e-01
2.317199213209182040e-01, 7.682800786790817682e-01
2.330709611788042146e-01, 7.669290388211957854e-01
2.344397799019874717e-01, 7.655602200980126115e-01
2.358260128582944926e-01, 7.641739871417055907e-01
2.372292957961074367e-01, 7.627707042038925911e-01
2.386492649373512798e-01, 7.613507350626487202e-01
2.400855570710282716e-01, 7.599144429289717007e-01
2.415378096472701186e-01, 7.584621903527298814e-01
2.430056608718729472e-01, 7.569943391281270806e-01
2.444887498012800198e-01, 7.555112501987200080e-01
2.459867164379706261e-01, 7.540132835620294571e-01
2.474992018262116289e-01, 7.525007981737884544e-01
2.490258481481242570e-01, 7.509741518518756598e-01
2.505662988200151320e-01, 7.494337011799848680e-01
2.521201985889189312e-01, 7.478798014110811243e-01
2.536871936292958152e-01, 7.463128063707041848e-01
2.552669316398251675e-01, 7.447330683601748325e-01
2.568590619402328912e-01, 7.431409380597671088e-01
2.584632355680898663e-01, 7.415367644319101892e-01
2.600791053755149296e-01, 7.399208946244850704e-01
2.617063261257140949e-01, 7.382936738742859051e-01
2.633445545892868500e-01, 7.366554454107131500e-01
2.649934496402280848e-01, 7.350065503597719152e-01
2.666526723515521557e-01, 7.333473276484477887e-01
2.683218860904663661e-01, 7.316781139095336339e-01
2.700007566130177006e-01, 7.299992433869822994e-01
2.716889521581375977e-01, 7.283110478418624023e-01
2.733861435410081531e-01, 7.266138564589919024e-01
2.750920042456726500e-01, 7.249079957543274055e-01
2.768062105168136444e-01, 7.231937894831863556e-01
2.785284414506206119e-01, 7.214715585493793881e-01
2.802583790846704948e-01, 7.197416209153294497e-01
2.819957084867446562e-01, 7.180042915132553993e-01
2.837401178425044690e-01, 7.162598821574954755e-01
2.854912985419512106e-01, 7.145087014580487894e-01
2.872489452645948793e-01, 7.127510547354051207e-01
2.890127560632569925e-01, 7.109872439367430630e-01
2.907824324464364785e-01, 7.092175675535635770e-01
2.925576794591654983e-01, 7.074423205408345572e-01
2.943382057622855874e-01, 7.056617942377143571e-01
2.961237237100762809e-01, 7.038762762899237746e-01
2.979139494261685006e-01, 7.020860505738315549e-01
2.997086028776794198e-01, 7.002913971223205802e-01
3.015074079475043023e-01, 6.984925920524956977e-01
3.033100925047057528e-01, 6.966899074952941362e-01
3.051163884729414799e-01, 6.948836115270584646e-01
3.069260318968755064e-01, 6.930739681031246047e-01
3.087387630065171473e-01, 6.912612369934828527e-01
3.105543262794396853e-01, 6.894456737205603147e-01
3.123724705008269487e-01, 6.876275294991729403e-01
3.141929488213053845e-01, 6.858070511786946710e-01
3.160155188125157721e-01, 6.839844811874841168e-01
3.178399425203866646e-01, 6.821600574796132799e-01
3.196659865160714209e-01, 6.803340134839286346e-01
3.214934219445141350e-01, 6.785065780554859760e-01
3.233220245706144302e-01, 6.766779754293854587e-01
3.251515748229614755e-01, 6.748484251770385800e-01
3.269818578351122440e-01, 6.730181421648877560e-01
3.288126634843931972e-01, 6.711873365156066917e-01
3.306437864282039674e-01, 6.693562135717960881e-01
3.324750261378077165e-01, 6.675249738621923390e-01
3.343061869295967936e-01, 6.656938130704032064e-01
3.361370779938201991e-01, 6.638629220061796898e-01
3.379675134207685838e-01, 6.620324865792314162e-01
3.397973122244115629e-01, 6.602026877755884371e-01
3.416262983634852368e-01, 6.583737016365147632e-01
3.434543007600339704e-01, 6.565456992399659741e-01
3.452811533154083734e-01, 6.547188466845916821e-01
3.471066949237270882e-01, 6.528933050762729673e-01
3.489307694828154838e-01, 6.510692305171846828e-01
3.507532259026286958e-01, 6.492467740973711932e-01
3.525739181111792186e-01, 6.474260818888207814e-01
3.543927050579834259e-01, 6.456072949420166296e-01
3.562094507150491696e-01, 6.437905492849508304e-01
3.580240240754259395e-01, 6.419759759245741160e-01
3.598362991493433416e-01, 6.401637008506566584e-01
3.616461549579638168e-01, 6.383538450420360721e-01
3.634534755247794680e-01, 6.365465244752205320e-01
3.652581498646845781e-01, 6.347418501353153664e-01
3.670600719707555193e-01, 6.329399280292445917e-01
3.688591407987737436e-01, 6.311408592012262009e-01
3.706552602495287174e-01, 6.293447397504712271e-01
3.724483391489378792e-01, 6.275516608510621763e-01
3.742382912260235339e-01, 6.257617087739766326e-01
3.760250350887892057e-01, 6.239749649112106278e-01
3.778084941980357492e-01, 6.221915058019641398e-01
3.795885968391608523e-01, 6.204114031608392033e-01
3.813652760919878926e-01, 6.186347239080122185e-01
3.831384697986690013e-01, 6.168615302013310542e-01
3.849081205297084085e-01, 6.150918794702916470e-01
3.866741755481529208e-01, 6.133258244518470237e-01
3.884365867719992704e-01, 6.115634132280006741e-01
3.901953107348634653e-01, 6.098046892651364237e-01
3.919503085449644875e-01, 6.080496914550355125e-01
3.937015458424693581e-01, 6.062984541575305864e-01
3.954489927552493622e-01, 6.045510072447506378e-01
3.971926238530980036e-01, 6.028073761469019409e-01
3.989324181004594294e-01, 6.010675818995405706e-01
4.006683588077170621e-01, 5.993316411922828824e-01
4.024004335810935085e-01, 5.975995664189065470e-01
4.041286342712085422e-01, 5.958713657287914023e-01
4.058529569203481180e-01, 5.941470430796519375e-01
4.075734017084884364e-01, 5.924265982915114526e-01
4.092899728981287399e-01, 5.907100271018711490e-01
4.110026787779765267e-01, 5.889973212220234178e-01
4.127115316055349203e-01, 5.872884683944651352e-01
4.144165475486383254e-01, 5.855834524513616746e-01
4.161177466259822766e-01, 5.838822533740176679e-01
4.178151526466933330e-01, 5.821848473533066670e-01
4.195087931489829836e-01, 5.804912068510169609e-01
4.211986993379299715e-01, 5.788013006620700285e-01
4.228849060224325607e-01, 5.771150939775674393e-01
4.245674515513750968e-01, 5.754325484486250142e-01
4.262463777490458905e-01, 5.737536222509540540e-01
4.279217298498510513e-01, 5.720782701501490042e-01
4.295935564323581923e-01, 5.704064435676418077e-01
4.312619093527119696e-01, 5.687380906472880859e-01
4.329268436774543760e-01, 5.670731563225455130e-01
4.345884176157891465e-01, 5.654115823842108535e-01
4.362466924513200284e-01, 5.637533075486799161e-01
4.379017324733005534e-01, 5.620982675266994466e-01
4.395536049074241225e-01, 5.604463950925759885e-01
4.412023798461855995e-01, 5.587976201538144005e-01
4.428481301788461111e-01, 5.571518698211538334e-01
4.444909315210264777e-01, 5.555090684789735223e-01
4.461308621439578070e-01, 5.538691378560421930e-01
4.477680029034151188e-01, 5.522319970965848812e-01
4.494024371683589258e-01, 5.505975628316411852e-01
4.510342507493073638e-01, 5.489657492506926362e-01
4.526635318264612962e-01, 5.473364681735388704e-01
4.542903708776050431e-01, 5.457096291223948459e-01
4.559148606058009978e-01, 5.440851393941988912e-01
4.575370958668967813e-01, 5.424629041331032742e-01
4.591571735968640877e-01, 5.408428264031358568e-01
4.607751927389862057e-01, 5.392248072610138498e-01
4.623912541709063184e-01, 5.376087458290937926e-01
4.640054606315553998e-01, 5.359945393684446557e-01
4.656179166479708087e-01, 5.343820833520290803e-01
4.672287284620186276e-01, 5.327712715379814279e-01
4.688380039570308466e-01, 5.311619960429692089e-01
4.704458525843701056e-01, 5.295541474156298944e-01
4.720523852899279338e-01, 5.279476147100721217e-01
4.736577144405704765e-01, 5.263422855594294125e-01
4.752619537505360370e-01, 5.247380462494640740e-01
4.768652182077924295e-01, 5.231347817922075150e-01
4.784676240003638559e-01, 5.215323759996360886e-01
4.800692884426298601e-01, 5.199307115573700289e-01
4.816703299016034112e-01, 5.183296700983965888e-01
4.832708677231936090e-01, 5.167291322768062800e-01
4.848710221584571212e-01, 5.151289778415427678e-01
4.864709142898417382e-01, 5.135290857101583173e-01
4.880706659574258754e-01, 5.119293340425741246e-01
4.896703996851593521e-01, 5.103296003148406479e-01
4.912702386071043925e-01, 5.087297613928956075e-01
4.928703063936837325e-01, 5.071296936063162120e-01
4.944707271779358315e-01, 5.055292728220641685e-01
4.960716254817801874e-01, 5.039283745182197016e-01
4.976731261422965846e-01, 5.023268738577033599e-01
4.992753542380175547e-01, 5.007246457619823898e-01
5.008784350152396536e-01, 4.991215649847604574e-01
5.024824938143538366e-01, 4.975175061856462744e-01
5.040876559961990910e-01, 4.959123440038008535e-01
5.056940468684408829e-01, 4.943059531315591726e-01
5.073017916119773041e-01, 4.926982083880226959e-01
5.089110152073791360e-01, 4.910889847926207530e-01
5.105218423613633316e-01, 4.894781576386366684e-01
5.121343974333072424e-01, 4.878656025666927576e-01
5.137488043618075872e-01, 4.862511956381923572e-01
5.153651865912891594e-01, 4.846348134087108406e-01
5.169836669986676014e-01, 4.830163330013322875e-01
5.186043678200771279e-01, 4.813956321799228166e-01
5.202274105776643065e-01, 4.797725894223357490e-01
5.218529160064606653e-01, 4.781470839935393902e-01
5.234810039813406757e-01, 4.765189960186592688e-01
5.251117934440755475e-01, 4.748882065559244525e-01
5.267454023304914967e-01, 4.732545976695084478e-01
5.283819474977461406e-01, 4.716180525022537484e-01
5.300215446517345663e-01, 4.699784553482654337e-01
5.316643082746370652e-01, 4.683356917253630458e-01
5.333103515526250726e-01, 4.666896484473748719e-01
5.349597863037407475e-01, 4.650402136962592525e-01
5.366127229059634018e-01, 4.633872770940365426e-01
5.382692702254866512e-01, 4.617307297745134598e-01
5.399295355452190526e-01, 4.600704644547809474e-01
5.415936244935342092e-01, 4.584063755064657353e-01
5.432616409732869966e-01, 4.567383590267130589e-01
5.449336870911226649e-01, 4.550663129088772796e-01
5.466098630871009112e-01, 4.533901369128990333e-01
5.482902672646605691e-01, 4.517097327353394309e-01
5.499749959209530026e-01, 4.500250040790468864e-01
5.516641432775714060e-01, 4.483358567224285940e-01
5.533578014117059851e-01, 4.466421985882940149e-01
5.550560601877561062e-01, 4.449439398122440048e-01
5.567590071894321646e-01, 4.432409928105678909e-01
5.584667276523803681e-01, 4.415332723476195764e-01
5.601793043973664066e-01, 4.398206956026336489e-01
5.618968177640542017e-01, 4.381031822359458539e-01
5.636193455454175938e-01, 4.363806544545822952e-01
5.653469629228259352e-01, 4.346530370771740648e-01
5.670797424018406696e-01, 4.329202575981593859e-01
5.688177537487707491e-01, 4.311822462512293064e-01
5.705610639280237484e-01, 4.294389360719761961e-01
5.723097370403036344e-01, 4.276902629596964212e-01
5.740638342616953826e-01, 4.259361657383047284e-01
5.758234137836882871e-01, 4.241765862163118239e-01
5.775885307541838154e-01, 4.224114692458162401e-01
5.793592372195383033e-01, 4.206407627804616411e-01
5.811355820676900041e-01, 4.188644179323100514e-01
5.829176109724233390e-01, 4.170823890275767165e-01
5.847053663388231959e-01, 4.152946336611769151e-01
5.864988872499702355e-01, 4.135011127500298755e-01
5.882982094149347141e-01, 4.117017905850653969e-01
5.901033651181210038e-01, 4.098966348818789407e-01
5.919143831700216518e-01, 4.080856168299784037e-01
5.937312888594330484e-01, 4.062687111405668960e-01
5.955541039071940990e-01, 4.044458960928060121e-01
5.973828464215019673e-01, 4.026171535784980882e-01
5.992175308548646218e-01, 4.007824691451353782e-01
6.010581679627464702e-01, 3.989418320372535298e-01
6.029047647639659280e-01, 3.970952352360341275e-01
6.047573245029027600e-01, 3.952426754970971845e-01
6.066158466135745941e-01, 3.933841533864253504e-01
6.084803266856375625e-01, 3.915196733143624930e-01
6.103507564323712442e-01, 3.896492435676288113e-01
6.122271236607045308e-01, 3.877728763392953582e-01
6.141094122433380376e-01, 3.858905877566620179e-01
6.159976020930199025e-01, 3.840023979069800419e-01
6.178916691390309301e-01, 3.821083308609689588e-01
6.197915853059314806e-01, 3.802084146940685194e-01
6.216973184946250619e-01, 3.783026815053750491e-01
6.236088325657904718e-01, 3.763911674342094726e-01
6.255260873257333376e-01, 3.744739126742667179e-01
6.274490385147057925e-01, 3.725509614852941520e-01
6.293776377977438052e-01, 3.706223622022562503e-01
6.313118327580660161e-01, 3.686881672419340394e-01
6.332515668930820407e-01, 3.667484331069179038e-01
6.351967796130492117e-01, 3.648032203869507328e-01
6.371474062424198337e-01, 3.628525937575801108e-01
6.391033780239169237e-01, 3.608966219760830763e-01
6.410646221253756272e-01, 3.589353778746242618e-01
6.430310616493803977e-01, 3.569689383506195468e-01
6.450026156457323578e-01, 3.549973843542676977e-01
6.469791991267724862e-01, 3.530208008732276248e-01
6.489607230855872766e-01, 3.510392769144126124e-01
6.509470945171188516e-01, 3.490529054828812039e-01
6.529382164421971835e-01, 3.470617835578028720e-01
6.549339879345137394e-01, 3.450660120654862606e-01
6.569343041505463221e-01, 3.430656958494536224e-01
6.589390563624459851e-01, 3.410609436375541259e-01
6.609481319938909083e-01, 3.390518680061090362e-01
6.629614146589124513e-01, 3.370385853410875487e-01
6.649787842036869456e-01, 3.350212157963131099e-01
6.670001167512940032e-01, 3.329998832487059968e-01
6.690252847494284616e-01, 3.309747152505715939e-01
6.710541570210548645e-01, 3.289458429789450244e-01
6.730865988179892678e-01, 3.269134011820107877e-01
6.751224718773836120e-01, 3.248775281226163325e-01
6.771616344810952315e-01, 3.228383655189047130e-01
6.792039415179050854e-01, 3.207960584820949701e-01
6.812492445485586190e-01, 3.187507554514414365e-01
6.832973918735897323e-01, 3.167026081264103787e-01
6.853482286038871107e-01, 3.146517713961128893e-01
6.874015967339595079e-01, 3.125984032660404921e-01
6.894573352178511305e-01, 3.105426647821488695e-01
6.915152800476533912e-01, 3.084847199523466643e-01
6.935752643345571844e-01, 3.064247356654428156e-01
6.956371183923863999e-01, 3.043628816076136001e-01
6.977006698235449500e-01, 3.022993301764550500e-01
6.997657436073119186e-01, 3.002342563926880259e-01
7.018321621904124452e-01, 2.981678378095874993e-01
7.038997455797870728e-01, 2.961002544202128717e-01
7.059683114374821766e-01, 2.940316885625178234e-01
7.080376751775774302e-01, 2.919623248224225698e-01
7.101076500650648216e-01, 2.898923499349351229e-01
7.121780473165900682e-01, 2.878219526834098763e-01
7.142486762029633951e-01, 2.857513237970365494e-01
7.163193441533447503e-01, 2.836806558466553052e-01
7.183898568610044277e-01, 2.816101431389955168e-01
7.204600183905596200e-01, 2.795399816094404355e-01
7.225296312865806536e-01, 2.774703687134193464e-01
7.245984966834645435e-01, 2.754015033165354565e-01
7.266664144164644012e-01, 2.733335855835356543e-01
7.287331831337667820e-01, 2.712668168662332180e-01
7.307986004095038401e-01, 2.692013995904962709e-01
7.328624628575869382e-01, 2.671375371424131173e-01
7.349245662462466910e-01, 2.650754337537533645e-01
7.369847056131633156e-01, 2.630152943868367399e-01
7.390426753810682703e-01, 2.609573246189316187e-01
7.410982694737020537e-01, 2.589017305262979463e-01
7.431512814320042626e-01, 2.568487185679957929e-01
7.452015045304219987e-01, 2.547984954695780013e-01
7.472487318932135025e-01, 2.527512681067865530e-01
7.492927566106262205e-01, 2.507072433893737795e-01
7.513333718548349527e-01, 2.486666281451649640e-01
7.533703709955146266e-01, 2.466296290044854844e-01
7.554035477149326772e-01, 2.445964522850672951e-01
7.574326961224449040e-01, 2.425673038775551793e-01
7.594576108682724591e-01, 2.405423891317274576e-01
7.614780872564511638e-01, 2.385219127435488640e-01
7.634939213568330274e-01, 2.365060786431670281e-01
7.655049101160324998e-01, 2.344950898839675557e-01
7.675108514672036586e-01, 2.324891485327962859e-01
7.695115444385410841e-01, 2.304884555614589159e-01
7.715067892603969524e-01, 2.284932107396031031e-01
7.734963874709115395e-01, 2.265036125290884605e-01
7.754801420200551076e-01, 2.245198579799449479e-01
7.774578573719816976e-01, 2.225421426280182746e-01
7.794293396056000134e-01, 2.205706603944000421e-01
7.813943965132669200e-01, 2.186056034867330800e-01
7.833528376975158469e-01, 2.166471623024841808e-01
7.853044746657311670e-01, 2.146955253342687775e-01
7.872491209226880615e-01, 2.127508790773118830e-01
7.891865920608751583e-01, 2.108134079391247862e-01
7.911167058485278902e-01, 2.088832941514720543e-01
7.930392823152967452e-01, 2.069607176847032548e-01
7.949541438354842393e-01, 2.050458561645156774e-01
7.968611152087863303e-01, 2.031388847912135864e-01
7.987600237384756552e-01, 2.012399762615243448e-01
8.006506993069731903e-01, 1.993493006930268097e-01
8.025329744487545991e-01, 1.974670255512454009e-01
8.044066844205419731e-01, 1.955933155794579437e-01
8.062716672687402220e-01, 1.937283327312596670e-01
8.081277638940748131e-01, 1.918722361059251869e-01
8.099748181133981095e-01, 1.900251818866020015e-01
8.118126767186318871e-01, 1.881873232813681962e-01
8.136411895328194976e-01, 1.863588104671805301e-01
8.154602094632638076e-01, 1.845397905367361091e-01
8.172695925517343696e-01, 1.827304074482656859e-01
8.190691980217260637e-01, 1.809308019782740196e-01
8.208588883227637689e-01, 1.791411116772362033e-01
8.226385291717419612e-01, 1.773614708282580388e-01
8.244079895912993505e-01, 1.755920104087005662e-01
8.261671419452313314e-01, 1.738328580547686963e-01
8.279158619709423572e-01, 1.720841380290575873e-01
8.296540288089530035e-01, 1.703459711910470797e-01
8.313815250294683823e-01, 1.686184749705316732e-01
8.330982366560312213e-01, 1.669017633439688619e-01
8.348040531862749303e-01, 1.651959468137250975e-01
8.364988676098037423e-01, 1.635011323901963132e-01
8.381825764232248011e-01, 1.618174235767751989e-01
8.398550796423643883e-01, 1.601449203576355840e-01
8.415162808117006010e-01, 1.584837191882994267e-01
8.431660870110491146e-01, 1.568339129889509409e-01
8.448044088595421108e-01, 1.551955911404579447e-01
8.464311605169415609e-01, 1.535688394830583836e-01
8.480462596823324928e-01, 1.519537403176676182e-01
8.496496275902410966e-01, 1.503503724097589589e-01
8.512411890042316243e-01, 1.487588109957684590e-01
8.528208722080290460e-01, 1.471791277919709540e-01
8.543886089942243078e-01, 1.456113910057756644e-01
8.559443346506169226e-01, 1.440556653493831607e-01
8.574879879442516284e-01, 1.425120120557483439e-01
8.590195111032116193e-01, 1.409804888967884084e-01
8.605388497962238592e-01, 1.394611502037760853e-01
8.620459531101437589e-01, 1.379540468898562411e-01
8.635407735253789463e-01, 1.364592264746209427e-01
8.650232668893195198e-01, 1.349767331106805912e-01
8.664933923878367361e-01, 1.335066076121632639e-01
8.679511125149215189e-01, 1.320488874850784811e-01
8.693963930405246288e-01, 1.306036069594753157e-01
8.708292029766695475e-01, 1.291707970233304525e-01
8.722495145419051354e-01, 1.277504854580948368e-01
8.736573031241673393e-01, 1.263426968758326330e-01
8.750525472421173401e-01, 1.249474527578827016e-01
8.764352285050261981e-01, 1.235647714949738435e-01
8.778053315712747162e-01, 1.221946684287252977e-01
8.791628441055372445e-01, 1.208371558944628249e-01
8.805077567347173728e-01, 1.194922432652825994e-01
8.818400630027053433e-01, 1.181599369972946151e-01
8.831597593240232413e-01, 1.168402406759767170e-01
8.844668449364270213e-01, 1.155331550635730203e-01
8.857613218525306475e-01, 1.142386781474693108e-01
8.870431948105204079e-01, 1.129568051894796615e-01
8.883124712240221266e-01, 1.116875287759778457e-01
8.895691611311892233e-01, 1.104308388688108045e-01
8.908132771430714580e-01, 1.091867228569285281e-01
8.920448343913308653e-01, 1.079551656086691763e-01
8.932638504753629416e-01, 1.067361495246370862e-01
8.944703454088870354e-01, 1.055296545911130618e-01
8.956643415660618945e-01, 1.043356584339380499e-01
8.968458636271884332e-01, 1.031541363728114835e-01
8.980149385240523419e-01, 1.019850614759476443e-01
8.991715953849656051e-01, 1.008284046150344088e-01
9.003158654795602178e-01, 9.968413452043986545e-02
9.014477821633858357e-01, 9.855221783661413659e-02
9.025673808223650951e-01, 9.743261917763498814e-02
9.036746988171534545e-01, 9.632530118284651777e-02
9.047697754274570681e-01, 9.523022457254293194e-02
9.058526517963495506e-01, 9.414734820365043555e-02
9.069233708746394784e-01, 9.307662912536045219e-02
9.079819773653282633e-01, 9.201802263467172283e-02
9.090285176682029178e-01, 9.097148233179708221e-02
9.100630398246050135e-01, 8.993696017539495879e-02
9.110855934624142449e-01, 8.891440653758569956e-02
9.120962297412854580e-01, 8.790377025871455585e-02
9.130950012981748909e-01, 8.690499870182512299e-02
9.140819621931913774e-01, 8.591803780680856706e-02
9.150571678558057087e-01, 8.494283214419440231e-02
9.160206750314479063e-01, 8.397932496855212148e-02
9.169725417285273794e-01, 8.302745827147257895e-02
9.179128271658993921e-01, 8.208717283410052468e-02
9.188415917208091477e-01, 8.115840827919086620e-02
9.197588968773371398e-01, 8.024110312266294343e-02
9.206648051753714146e-01, 7.933519482462851602e-02
9.215593801601300594e-01, 7.844061983987000997e-02
9.224426863322522374e-01, 7.755731366774774871e-02
9.233147890984836348e-01, 7.668521090151628194e-02
9.241757547229695335e-01, 7.582424527703038319e-02
9.250256502791763813e-01, 7.497434972082366034e-02
9.258645436024565134e-01, 7.413545639754352823e-02
9.266925032432723475e-01, 7.330749675672768029e-02
9.275095984210919298e-01, 7.249040157890813962e-02
9.283158989789690452e-01, 7.168410102103105197e-02
9.291114753388194369e-01, 7.088852466118050755e-02
9.298963984574033503e-01, 7.010360154259667742e-02
9.306707397830209505e-01, 6.932926021697898011e-02
9.314345712129329380e-01, 6.856542878706710364e-02
9.321879650515075832e-01, 6.781203494849251390e-02
9.329309939691049491e-01, 6.706900603089507862e-02
9.336637309616998559e-01, 6.633626903830015797e-02
9.343862493112475853e-01, 6.561375068875237304e-02
9.350986225467969870e-01, 6.490137745320302687e-02
9.358009244063498766e-01, 6.419907559365008176e-02
9.364932287994714999e-01, 6.350677120052862501e-02
9.371756097706471778e-01, 6.282439022935275286e-02
9.378481414633912383e-01, 6.215185853660868537e-02
9.385108980850987992e-01, 6.148910191490119387e-02
9.391639538726447300e-01, 6.083604612735515893e-02
9.398073830587246880e-01, 6.019261694127537449e-02
