9.572017614326411294e-02, 9.365502936192000860e-02, 8.106247944948158368e-01
9.571621905013819043e-02, 9.364858774504365713e-02, 8.106351932048181386e-01
9.571400382591829792e-02, 9.364396626142407198e-02, 8.106420299126575468e-01
9.571353216236343220e-02, 9.364116764656460479e-02, 8.106453001910719491e-01
9.571480576648494498e-02, 9.364019465899679762e-02, 8.106449995745182990e-01
9.571782636041249737e-02, 9.364105008016680720e-02, 8.106411235594206399e-01
9.572259568125537910e-02, 9.364373671431656942e-02, 8.106336676044280098e-01
9.572911548095848489e-02, 9.364825738835909352e-02, 8.106226271306824493e-01
9.573738752615333636e-02, 9.365461495174814965e-02, 8.106079975220985556e-01
9.574741359800414964e-02, 9.366281227634264128e-02, 8.105897741256532507e-01
9.575919549204851833e-02, 9.367285225626514888e-02, 8.105679522516863189e-01
9.577273501803336420e-02, 9.368473780775443682e-02, 8.105425271742122684e-01
9.578803399974541999e-02, 9.369847186901293645e-02, 8.105134941312417407e-01
9.580509427483692442e-02, 9.371405740004788709e-02, 8.104808483251152440e-01
9.582391769464589093e-02, 9.373149738250717566e-02, 8.104445849228469889e-01
9.584450612401138048e-02, 9.375079481950895910e-02, 8.104046990564796049e-01
9.586686144108375052e-02, 9.377195273546605481e-02, 8.103611858234501808e-01
9.589098553712929740e-02, 9.379497417590390573e-02, 8.103140402869668524e-01
9.591688031633038847e-02, 9.381986220727320247e-02, 8.102632574763963813e-01
9.594454769557975160e-02, 9.384661991675623260e-02, 8.102088323876640574e-01
9.597398960426990755e-02, 9.387525041206769283e-02, 8.101507599836623719e-01
9.600520798407735645e-02, 9.390575682124925605e-02, 8.100890351946733459e-01
9.603820478874162958e-02, 9.393814229245857350e-02, 8.100236529187997414e-01
9.607298198383883159e-02, 9.397240999375194859e-02, 8.099546080224092615e-01
9.610954154655007575e-02, 9.400856311286112654e-02, 8.098818953405888532e-01
9.614788546542493708e-02, 9.404660485696431094e-02, 8.098055096776106687e-01
9.618801574013920164e-02, 9.408653845245075475e-02, 8.097254458074100159e-01
9.622993438124763377e-02, 9.412836714467967547e-02, 8.096416984740726352e-01
9.627364340993138647e-02, 9.417209419773281409e-02, 8.095542623923358549e-01
9.631914485774002721e-02, 9.421772289416095736e-02, 8.094631322480989599e-01
9.636644076632849831e-02, 9.426525653472452027e-02, 8.093683026989471063e-01
9.641553318718847077e-02, 9.431469843812757825e-02, 8.092697683746840065e-01
9.646642418137460484e-02, 9.436605194074622338e-02, 8.091675238778792689e-01
9.651911581922549555e-02, 9.441932039635028695e-02, 8.090615637844242869e-01
9.657361018007885878e-02, 9.447450717581909463e-02, 8.089518826441020050e-01
9.662990935198223497e-02, 9.453161566685096273e-02, 8.088384749811667884e-01
9.668801543139740606e-02, 9.459064927366633846e-02, 8.087213352949361722e-01
9.674793052289994144e-02, 9.465161141670461187e-02, 8.086004580603954883e-01
9.680965673887344247e-02, 9.471450553231484937e-02, 8.084758377288117082e-01
9.687319619919811109e-02, 9.477933507244003242e-02, 8.083474687283618287e-01
9.693855103093425296e-02, 9.484610350429487080e-02, 8.082153454647708068e-01
9.700572336800020179e-02, 9.491481431003755131e-02, 8.080794623219622608e-01
9.707471535084472025e-02, 9.498547098643465858e-02, 8.079398136627206073e-01
9.714552912611451596e-02, 9.505807704452011453e-02, 8.077963938293654111e-01
9.721816684631563732e-02, 9.513263600924727614e-02, 8.076491971444370588e-01
9.729263066947023419e-02, 9.520915141913517676e-02, 8.074982179113945335e-01
9.736892275876719849e-02, 9.528762682590742605e-02, 8.073434504153254032e-01
9.744704528220791973e-02, 9.536806579412558660e-02, 8.071848889236664659e-01
9.752700041224635075e-02, 9.545047190081523691e-02, 8.070225276869383846e-01
9.760879032542366107e-02, 9.553484873508606701e-02, 8.068563609394902025e-01
9.769241720199764445e-02, 9.562119989774502116e-02, 8.066863829002574038e-01
9.777788322556643652e-02, 9.570952900090319571e-02, 8.065125877735304094e-01
9.786519058268718096e-02, 9.579983966757611713e-02, 8.063349697497367297e-01
9.795434146248886698e-02, 9.589213553127713674e-02, 8.061535230062339963e-01
9.804533805627993481e-02, 9.598642023560456649e-02, 8.059682417081155403e-01
9.813818255715053840e-02, 9.608269743382204242e-02, 8.057791200090274053e-01
9.823287715956915966e-02, 9.618097078843224068e-02, 8.055861520519985719e-01
9.832942405897400484e-02, 9.628124397074389051e-02, 8.053893319702820630e-01
9.842782545135904393e-02, 9.638352066043245903e-02, 8.051886538882085942e-01
9.852808353285415210e-02, 9.648780454509348070e-02, 8.049841119220523256e-01
9.863020049930053268e-02, 9.659409931979000274e-02, 8.047757001809093813e-01
9.873417854582011710e-02, 9.670240868659270295e-02, 8.045634127675871383e-01
9.884001986637999670e-02, 9.681273635411362377e-02, 8.043472437795063934e-01
9.894772665335117845e-02, 9.692508603703303693e-02, 8.041271873096158540e-01
9.905730109706212261e-02, 9.703946145561974379e-02, 8.039032374473180642e-01
9.916874538534678485e-02, 9.715586633524438132e-02, 8.036753882794087644e-01
9.928206170308725986e-02, 9.727430440588620553e-02, 8.034436338910264652e-01
9.939725223175134572e-02, 9.739477940163306091e-02, 8.032079683666155656e-01
9.951431914892412689e-02, 9.751729506017439708e-02, 8.029683857909014622e-01
9.963326462783506088e-02, 9.764185512228794328e-02, 8.027248802498768709e-01
9.975409083687895861e-02, 9.776846333131924971e-02, 8.024774458318016945e-01
9.987679993913207988e-02, 9.789712343265452588e-02, 8.022260766282134359e-01
1.000013940918627192e-01, 9.802783917318666496e-02, 8.019707667349507130e-01
1.001278754460366988e-01, 9.816061430077475947e-02, 8.017115102531885418e-01
1.002562461458173099e-01, 9.829545256369660866e-02, 8.014483012904860537e-01
1.003865083280601200e-01, 9.843235771009425927e-02, 8.011811339618455374e-01
1.005186641218028670e-01, 9.857133348741337064e-02, 8.009100023907838040e-01
1.006527156477491913e-01, 9.871238364183501646e-02, 8.006349007104157645e-01
1.007886650177483162e-01, 9.885551191770146351e-02, 8.003558230645502203e-01
1.009265143342686216e-01, 9.900072205693459526e-02, 8.000727636087968664e-01
1.010662656898666106e-01, 9.914801779844800711e-02, 7.997857165116853961e-01
1.012079211666504219e-01, 9.929740287755212114e-02, 7.994946759557975957e-01
1.013514828357382769e-01, 9.944888102535248686e-02, 7.991996361389092085e-01
1.014969527567119029e-01, 9.960245596814150393e-02, 7.989005912751465655e-01
1.016443329770648357e-01, 9.975813142678349732e-02, 7.985975355961516531e-01
1.017936255316456567e-01, 9.991591111609278431e-02, 7.982904633522616145e-01
1.019448324420960394e-01, 1.000757987442051078e-01, 7.979793688136989083e-01
1.020979557162844109e-01, 1.002377980119428802e-01, 7.976642462717725701e-01
1.022529973477337845e-01, 1.004019126121729333e-01, 7.973450900400933516e-01
1.024099593150451792e-01, 1.005681462291580230e-01, 7.970218944557967422e-01
1.025688435813161825e-01, 1.007365025379020201e-01, 7.966946538807817557e-01
1.027296520935543911e-01, 1.009069852034878423e-01, 7.963633627029577111e-01
1.028923867820861621e-01, 1.010795978804091971e-01, 7.960280153375046686e-01
1.030570495599605896e-01, 1.012543442118957193e-01, 7.956886062281436356e-01
1.032236423223485827e-01, 1.014312278292313491e-01, 7.953451298484199850e-01
1.033921669459373499e-01, 1.016102523510664102e-01, 7.949975807029961983e-01
1.035626252883201370e-01, 1.017914213827229575e-01, 7.946459533289568222e-01
1.037350191873814276e-01, 1.019747385154940317e-01, 7.942902422971246379e-01
1.039093504606773966e-01, 1.021602073259358368e-01, 7.939304422133867112e-01
1.040856209048119652e-01, 1.023478313751543939e-01, 7.935665477200335438e-01
1.042638322948081925e-01, 1.025376142080848541e-01, 7.931985534971068841e-01
1.044439863834753512e-01, 1.027295593527651207e-01, 7.928264542637595280e-01
1.046260849007715488e-01, 1.029236703196029501e-01, 7.924502447796254456e-01
1.048101295531618238e-01, 1.031199506006368616e-01, 7.920699198462013424e-01
1.049961220229724268e-01, 1.033184036687906093e-01, 7.916854743082369916e-01
1.051840639677400907e-01, 1.035190329771217832e-01, 7.912969030551381122e-01
1.053739570195578318e-01, 1.037218419580639428e-01, 7.909042010223781283e-01
1.055658027844161712e-01, 1.039268340226628812e-01, 7.905073631929209199e-01
1.057596028415404288e-01, 1.041340125598066851e-01, 7.901063845986527889e-01
1.059553587427238680e-01, 1.043433809354499670e-01, 7.897012603218261928e-01
1.061530720116572041e-01, 1.045549424918320036e-01, 7.892919854965106952e-01
1.063527441432537413e-01, 1.047687005466889781e-01, 7.888785553100573500e-01
1.065543766029709433e-01, 1.049846583924602395e-01, 7.884609650045687479e-01
1.067579708261283955e-01, 1.052028192954893721e-01, 7.880392098783821631e-01
1.069635282172216040e-01, 1.054231864952186043e-01, 7.876132852875596946e-01
1.071710501492325607e-01, 1.056457632033783317e-01, 7.871831866473890660e-01
1.073805379629367285e-01, 1.058705526031707422e-01, 7.867489094338925293e-01
1.075919929662061542e-01, 1.060975578484476961e-01, 7.863104491853460942e-01
1.078054164333096671e-01, 1.063267820628834709e-01, 7.858678015038069731e-01
1.080208096042093446e-01, 1.065582283391419000e-01, 7.854209620566489081e-01
1.082381736838540220e-01, 1.067918997380382234e-01, 7.849699265781078239e-01
1.084575098414693323e-01, 1.070277992876955547e-01, 7.845146908708350297e-01
1.086788192098450123e-01, 1.072659299826967394e-01, 7.840552508074583038e-01
1.089021028846187122e-01, 1.075062947832297888e-01, 7.835916023321515267e-01
1.091273619235572645e-01, 1.077488966142299276e-01, 7.831237414622127524e-01
1.093545973458350390e-01, 1.079937383645153681e-01, 7.826516642896496068e-01
1.095838101313094393e-01, 1.082408228859188803e-01, 7.821753669827716804e-01
1.098150012197936648e-01, 1.084901529924144487e-01, 7.816948457877918033e-01
1.100481715103273223e-01, 1.087417314592392797e-01, 7.812100970304334258e-01
1.102833218604439697e-01, 1.089955610220107590e-01, 7.807211171175453268e-01
1.105204530854366346e-01, 1.092516443758397154e-01, 7.802279025387237610e-01
1.107595659576211394e-01, 1.095099841744384822e-01, 7.797304498679404894e-01
1.110006612055968178e-01, 1.097705830292250023e-01, 7.792287557651780272e-01
1.112437395135057877e-01, 1.100334435084230206e-01, 7.787228169780711085e-01
1.114888015202896154e-01, 1.102985681361572240e-01, 7.782126303435531467e-01
1.117358478189443699e-01, 1.105659593915453709e-01, 7.776981927895101343e-01
1.119848789557740670e-01, 1.108356197077859512e-01, 7.771795013364400928e-01
1.122358954296422406e-01, 1.111075514712421691e-01, 7.766565530991156319e-01
1.124888976912220007e-01, 1.113817570205221930e-01, 7.761293452882558341e-01
1.127438861422449118e-01, 1.116582386455561848e-01, 7.755978752121990283e-01
1.130008611347479708e-01, 1.119369985866691397e-01, 7.750621402785828895e-01
1.132598229703201953e-01, 1.122180390336511152e-01, 7.745221379960286479e-01
1.135207718993473530e-01, 1.125013621248238116e-01, 7.739778659758288493e-01
1.137837081202563438e-01, 1.127869699461042929e-01, 7.734293219336393355e-01
1.140486317787582637e-01, 1.130748645300654748e-01, 7.728765036911762198e-01
1.143155429670913159e-01, 1.133650478549941693e-01, 7.723194091779145287e-01
1.145844417232622925e-01, 1.136575218439459661e-01, 7.717580364327917275e-01
1.148553280302886670e-01, 1.139522883637978379e-01, 7.711923836059134674e-01
1.151282018154395070e-01, 1.142493492242981912e-01, 7.706224489602622185e-01
1.154030629494764287e-01, 1.145487061771147536e-01, 7.700482308734087900e-01
1.156799112458948287e-01, 1.148503609148800175e-01, 7.694697278392251816e-01
1.159587464601647272e-01, 1.151543150702350471e-01, 7.688869384696002118e-01
1.162395682889721116e-01, 1.154605702148710361e-01, 7.682998614961569217e-01
1.165223763694605147e-01, 1.157691278585692984e-01, 7.677084957719700897e-01
1.168071702784731214e-01, 1.160799894482399536e-01, 7.671128402732868556e-01
1.170939495317955686e-01, 1.163931563669585167e-01, 7.665128941012459007e-01
1.173827135833994256e-01, 1.167086299330021976e-01, 7.659086564835984046e-01
1.176734618246867425e-01, 1.170264113988840060e-01, 7.653001267764292237e-01
1.179661935837354458e-01, 1.173465019503867751e-01, 7.646873044658777374e-01
1.182609081245463989e-01, 1.176689027055959763e-01, 7.640701891698576942e-01
1.185576046462912120e-01, 1.179936147139320907e-01, 7.634487806397767251e-01
1.188562822825621895e-01, 1.183206389551822446e-01, 7.628230787622556353e-01
1.191569401006238177e-01, 1.186499763385322481e-01, 7.621930835608440313e-01
1.194595771006657370e-01, 1.189816277015974949e-01, 7.615587951977366155e-01
1.197641922150582405e-01, 1.193155938094549312e-01, 7.609202139754868144e-01
1.200707843076096043e-01, 1.196518753536746776e-01, 7.602773403387157458e-01
1.203793521728258459e-01, 1.199904729513521784e-01, 7.596301748758219619e-01
1.206898945351731062e-01, 1.203313871441411970e-01, 7.589787183206857524e-01
1.210024100483425707e-01, 1.206746183972874642e-01, 7.583229715543698957e-01
1.213168972945180696e-01, 1.210201670986630063e-01, 7.576629356068189658e-01
1.216333547836471185e-01, 1.213680335578022490e-01, 7.569986116585505354e-01
1.219517809527146807e-01, 1.217182180049389134e-01, 7.563300010423463782e-01
1.222721741650205363e-01, 1.220707205900448539e-01, 7.556571052449345682e-01
1.225945327094600107e-01, 1.224255413818704785e-01, 7.549799259086694692e-01
1.229188547998086994e-01, 1.227826803669872235e-01, 7.542984648332040631e-01
1.232451385740106764e-01, 1.231421374488319148e-01, 7.536127239771575059e-01
1.235733820934707267e-01, 1.235039124467538912e-01, 7.529227054597754654e-01
1.239035833423515753e-01, 1.238680050950642236e-01, 7.522284115625841316e-01
1.242357402268742667e-01, 1.242344150420882504e-01, 7.515298447310375662e-01
1.245698505746243995e-01, 1.246031418492206388e-01, 7.508270075761549478e-01
1.249059121338621792e-01, 1.249741849899837498e-01, 7.501199028761541543e-01
1.252439225728378402e-01, 1.253475438490893878e-01, 7.494085335780726886e-01
1.255838794791123980e-01, 1.257232177215043545e-01, 7.486929027993832753e-01
1.259257803588832991e-01, 1.261012058115195678e-01, 7.479730138295971331e-01
1.262696226363156649e-01, 1.264815072318233313e-01, 7.472488701318610316e-01
1.266154036528798488e-01, 1.268641210025790722e-01, 7.465204753445411345e-01
1.269631206666938794e-01, 1.272490460505071030e-01, 7.457878332827990731e-01
1.273127708518727308e-01, 1.276362812079715747e-01, 7.450509479401556945e-01
1.276643512978838657e-01, 1.280258252120720641e-01, 7.443098234900440424e-01
1.280178590089083857e-01, 1.284176767037405464e-01, 7.435644642873511234e-01
1.283732909032103131e-01, 1.288118342268434191e-01, 7.428148748699462400e-01
1.287306438125114250e-01, 1.292082962272898816e-01, 7.420610599601987767e-01
1.290899144813735522e-01, 1.296070610521450339e-01, 7.413030244664814417e-01
1.294510995665885678e-01, 1.300081269487501912e-01, 7.405407734846612966e-01
1.298141956365750083e-01, 1.304114920638487218e-01, 7.397743122995762421e-01
1.301791991707831331e-01, 1.308171544427190192e-01, 7.390036463864978478e-01
1.305461065591071168e-01, 1.312251120283138561e-01, 7.382287814125790826e-01
1.309149141013060125e-01, 1.316353626604071514e-01, 7.374497232382868361e-01
1.312856180064321254e-01, 1.320479040747474797e-01, 7.366664779188203394e-01
1.316582143922684633e-01, 1.324627339022196593e-01, 7.358790517055119329e-01
1.320326992847745129e-01, 1.328798496680136942e-01, 7.350874510472117374e-01
1.324090686175408982e-01, 1.332992487908021273e-01, 7.342916825916570023e-01
1.327873182312530043e-01, 1.337209285819251359e-01, 7.334917531868220264e-01
1.331674438731640930e-01, 1.341448862445845658e-01, 7.326876698822514244e-01
1.335494411965774120e-01, 1.345711188730464858e-01, 7.318794399303760745e-01
1.339333057603382116e-01, 1.349996234518525129e-01, 7.310670707878093033e-01
1.343190330283353662e-01, 1.354303968550409354e-01, 7.302505701166236429e-01
1.347066183690135144e-01, 1.358634358453767177e-01, 7.294299457856097124e-01
1.350960570548946915e-01, 1.362987370735918302e-01, 7.286052058715134505e-01
1.354873442621108426e-01, 1.367362970776347109e-01, 7.277763586602544743e-01
1.358804750699468544e-01, 1.371761122819308010e-01, 7.269434126481223446e-01
1.362754444603942738e-01, 1.376181789966530733e-01, 7.261063765429527361e-01
1.366722473177161834e-01, 1.380624934170033014e-01, 7.252652592652805152e-01
1.370708784280232073e-01, 1.385090516225044865e-01, 7.244200699494721674e-01
1.374713324788609803e-01, 1.389578495763045818e-01, 7.235708179448344657e-01
1.378736040588088574e-01, 1.394088831244909565e-01, 7.227175128167002693e-01
1.382776876570908642e-01, 1.398621479954174629e-01, 7.218601643474916729e-01
1.386835776631983874e-01, 1.403176397990430757e-01, 7.209987825377586201e-01
1.390912683665251892e-01, 1.407753540262825509e-01, 7.201333776071923154e-01
1.395007539560141618e-01, 1.412352860483699624e-01, 7.192639599956158758e-01
1.399120285198178770e-01, 1.416974311162346456e-01, 7.183905403639475606e-01
1.403250860449702930e-01, 1.421617843598900477e-01, 7.175131295951396870e-01
1.407399204170725893e-01, 1.426283407878358722e-01, 7.166317387950914553e-01
1.411565254199916852e-01, 1.430970952864737966e-01, 7.157463792935345737e-01
1.415748947355719156e-01, 1.435680426195365400e-01, 7.148570626448915721e-01
1.419950219433601390e-01, 1.440411774275311418e-01, 7.139638006291088024e-01
1.424169005203451410e-01, 1.445164942271963959e-01, 7.130666052524584630e-01
1.428405238407098599e-01, 1.449939874109743843e-01, 7.121654887483157559e-01
1.432658851755981844e-01, 1.454736512464969156e-01, 7.112604635779049556e-01
1.436929776928961011e-01, 1.459554798760868133e-01, 7.103515424310170578e-01
1.441217944570267750e-01, 1.464394673162743021e-01, 7.094387382266988951e-01
1.445523284287603127e-01, 1.469256074573287718e-01, 7.085220641139108322e-01
1.449845724650382639e-01, 1.474138940628060002e-01, 7.076015334721557082e-01
1.454185193188129166e-01, 1.479043207691112249e-01, 7.066771599120758029e-01
1.458541616389015805e-01, 1.483968810850785358e-01, 7.057489572760199392e-01
1.462914919698561356e-01, 1.488915683915660038e-01, 7.048169396385778329e-01
1.467305027518480409e-01, 1.493883759410677969e-01, 7.038811213070842454e-01
1.471711863205682758e-01, 1.498872968573431719e-01, 7.029415168220884969e-01
1.476135349071437675e-01, 1.503883241350612854e-01, 7.019981409577950027e-01
1.480575406380689463e-01, 1.508914506394645472e-01, 7.010510087224665066e-01
1.485031955351534816e-01, 1.513966691060486536e-01, 7.001001353587977816e-01
1.489504915154864773e-01, 1.519039721402601628e-01, 6.991455363442533599e-01
1.493994203914160435e-01, 1.524133522172121391e-01, 6.981872273913717342e-01
1.498499738705460493e-01, 1.529248016814178102e-01, 6.972252244480360295e-01
1.503021435557491681e-01, 1.534383127465418495e-01, 6.962595436977090380e-01
1.507559209451963811e-01, 1.539538774951710043e-01, 6.952902015596326146e-01
1.512112974324034687e-01, 1.544714878786026258e-01, 6.943172146889939889e-01
1.516682643062943481e-01, 1.549911357166522952e-01, 6.933405999770533290e-01
1.521268127512812318e-01, 1.555128126974804070e-01, 6.923603745512384444e-01
1.525869338473624104e-01, 1.560365103774380979e-01, 6.913765557751995194e-01
1.530486185702369661e-01, 1.565622201809320491e-01, 6.903891612488309848e-01
1.535118577914365845e-01, 1.570899334003093561e-01, 6.893982088082540871e-01
1.539766422784758226e-01, 1.576196411957620780e-01, 6.884037165257620439e-01
1.544429626950188372e-01, 1.581513345952512972e-01, 6.874057027097298933e-01
1.549108096010642921e-01, 1.586850044944518867e-01, 6.864041859044838212e-01
1.553801734531484180e-01, 1.592206416567170379e-01, 6.853991848901346273e-01
1.558510446045653086e-01, 1.597582367130630510e-01, 6.843907186823716682e-01
1.563234133056056741e-01, 1.602977801621754406e-01, 6.833788065322188299e-01
1.567972697038134411e-01, 1.608392623704348323e-01, 6.823634679257517544e-01
1.572726038442602281e-01, 1.613826735719645911e-01, 6.813447225837752086e-01
1.577494056698387215e-01, 1.619280038686989887e-01, 6.803225904614622621e-01
1.582276650215736769e-01, 1.624752432304721328e-01, 6.792970917479541626e-01
1.587073716389515443e-01, 1.630243814951292114e-01, 6.782682468659191333e-01
1.591885151602686344e-01, 1.635754083686582760e-01, 6.772360764710730896e-01
1.596710851229973249e-01, 1.641283134253438969e-01, 6.762006014516588337e-01
1.601550709641712811e-01, 1.646830861079424391e-01, 6.751618429278862799e-01
1.606404620207888545e-01, 1.652397157278794049e-01, 6.741198222513317129e-01
1.611272475302355234e-01, 1.657981914654678979e-01, 6.730745610042965232e-01
1.616154166307244566e-01, 1.663585023701498466e-01, 6.720260809991256412e-01
1.621049583617561185e-01, 1.669206373607590999e-01, 6.709744042774847816e-01
1.625958616645964971e-01, 1.674845852258065038e-01, 6.699195531095969436e-01
1.630881153827742625e-01, 1.680503346237873508e-01, 6.688615499934383868e-01
1.635817082625958818e-01, 1.686178740835115319e-01, 6.678004176538926417e-01
1.640766289536808309e-01, 1.691871920044553945e-01, 6.667361790418637746e-01
1.645728660095145124e-01, 1.697582766571366919e-01, 6.656688573333487957e-01
1.650704078880201875e-01, 1.703311161835122101e-01, 6.645984759284675469e-01
1.655692429521499198e-01, 1.709056985973972653e-01, 6.635250584504528426e-01
1.660693594704941156e-01, 1.714820117849087389e-01, 6.624486287445972010e-01
1.665707456179097712e-01, 1.720600435049303711e-01, 6.613692108771598299e-01
1.670733894761677607e-01, 1.726397813896008437e-01, 6.602868291342315343e-01
1.675772790346181929e-01, 1.732212129448247595e-01, 6.592015080205571032e-01
1.680824021908751686e-01, 1.738043255508066320e-01, 6.581132722583180605e-01
1.685887467515199134e-01, 1.743891064626073295e-01, 6.570221467858727848e-01
1.690963004328219499e-01, 1.749755428107238608e-01, 6.559281567564542170e-01
1.696050508614799224e-01, 1.755636216016915607e-01, 6.548313275368284891e-01
1.701149855753800733e-01, 1.761533297187093672e-01, 6.537316847059105873e-01
1.706260920243732604e-01, 1.767446539222884971e-01, 6.526292540533381592e-01
1.711383575710707650e-01, 1.773375808509228269e-01, 6.515240615780064637e-01
1.716517694916580850e-01, 1.779320970217835030e-01, 6.504161334865583566e-01
1.721663149767267420e-01, 1.785281888314352583e-01, 6.493054961918379719e-01
1.726819811321250453e-01, 1.791258425565760981e-01, 6.481921763112988844e-01
1.731987549798259252e-01, 1.797250443547998011e-01, 6.470762006653743015e-01
1.737166234588135572e-01, 1.803257802653805975e-01, 6.459575962758058454e-01
1.742355734259872224e-01, 1.809280362100815498e-01, 6.448363903639311445e-01
1.747555916570834311e-01, 1.815317979939842785e-01, 6.437126103489322348e-01
1.752766648476154487e-01, 1.821370513063423902e-01, 6.425862838460421056e-01
1.757987796138305303e-01, 1.827437817214564719e-01, 6.414574386647129423e-01
1.763219224936842799e-01, 1.833519746995722344e-01, 6.403261028067435134e-01
1.768460799478326073e-01, 1.839616155878003312e-01, 6.391923044643671448e-01
1.773712383606408094e-01, 1.845726896210590495e-01, 6.380560720183000578e-01
1.778973840412096663e-01, 1.851851819230386775e-01, 6.369174340357516284e-01
1.784245032244179685e-01, 1.857990775071880207e-01, 6.357764192683941218e-01
1.789525820719827243e-01, 1.864143612777227621e-01, 6.346330566502945691e-01
1.794816066735349380e-01, 1.870310180306558323e-01, 6.334873752958091186e-01
1.800115630477126805e-01, 1.876490324548491795e-01, 6.323394044974380845e-01
1.805424371432696462e-01, 1.882683891330874937e-01, 6.311891737236428046e-01
1.810742148402001983e-01, 1.888890725431727202e-01, 6.300367126166270815e-01
1.816068819508802334e-01, 1.895110670590402224e-01, 6.288820509900796552e-01
1.821404242212239788e-01, 1.901343569518960663e-01, 6.277252188268800381e-01
1.826748273318557769e-01, 1.907589263913751776e-01, 6.265662462767690455e-01
1.832100768992978024e-01, 1.913847594467200097e-01, 6.254051636539822434e-01
1.837461584771723222e-01, 1.920118400879800846e-01, 6.242420014348476487e-01
1.842830575574194718e-01, 1.926401521872320721e-01, 6.230767902553484561e-01
1.848207595715292972e-01, 1.932696795198197703e-01, 6.219095609086510157e-01
1.853592498917886466e-01, 1.939004057656138480e-01, 6.207403443425976164e-01
1.858985138325417730e-01, 1.945323145102924589e-01, 6.195691716571657404e-01
1.864385366514657860e-01, 1.951653892466404250e-01, 6.183960741018937890e-01
1.869793035508593437e-01, 1.957996133758681812e-01, 6.172210830732723919e-01
1.875207996789448883e-01, 1.964349702089500938e-01, 6.160442301121050734e-01
1.880630101311847047e-01, 1.970714429679813473e-01, 6.148655469008338370e-01
1.886059199516097185e-01, 1.977090147875540660e-01, 6.136850652608362156e-01
1.891495141341611175e-01, 1.983476687161510044e-01, 6.125028171496880169e-01
1.896937776240447404e-01, 1.989873877175587780e-01, 6.113188346583965371e-01
1.902386953190976504e-01, 1.996281546722978029e-01, 6.101331500086045745e-01
1.907842520711668932e-01, 2.002699523790708314e-01, 6.089457955497623587e-01
1.913304326874999961e-01, 2.009127635562283354e-01, 6.077568037562717240e-01
1.918772219321468187e-01, 2.015565708432514036e-01, 6.065662072246017500e-01
1.924246045273731165e-01, 2.022013568022514585e-01, 6.053740386703754250e-01
1.929725651550844301e-01, 2.028471039194867376e-01, 6.041803309254288878e-01
1.935210884582611590e-01, 2.034937946068944292e-01, 6.029851169348444673e-01
1.940701590424036560e-01, 2.041414112036399886e-01, 6.017884297539562999e-01
1.946197614769877848e-01, 2.047899359776810535e-01, 6.005903025453310784e-01
1.951698802969300539e-01, 2.054393511273474582e-01, 5.993907685757224879e-01
1.957205000040618537e-01, 2.060896387829359855e-01, 5.981898612130022164e-01
1.962716050686138525e-01, 2.067407810083201902e-01, 5.969876139230658740e-01
1.968231799307082475e-01, 2.073927598025746000e-01, 5.957840602667172636e-01
1.973752090018598415e-01, 2.080455571016127103e-01, 5.945792338965273371e-01
1.979276766664862519e-01, 2.086991547798395241e-01, 5.933731685536741685e-01
1.984805672834245305e-01, 2.093535346518166085e-01, 5.921658980647588333e-01
1.990338651874563325e-01, 2.100086784739411960e-01, 5.909574563386024160e-01
1.995875546908404963e-01, 2.106645679461374709e-01, 5.897478773630219218e-01
2.001416200848518678e-01, 2.113211847135602062e-01, 5.885371952015879815e-01
2.006960456413272587e-01, 2.119785103683110572e-01, 5.873254439903617952e-01
2.012508156142174542e-01, 2.126365264511659303e-01, 5.861126579346167542e-01
2.018059142411452456e-01, 2.132952144533142025e-01, 5.848988713055405242e-01
2.023613257449692615e-01, 2.139545558181083496e-01, 5.836841184369223612e-01
2.029170343353524641e-01, 2.146145319428246212e-01, 5.824684337218228869e-01
2.034730242103361675e-01, 2.152751241804338189e-01, 5.812518516092299858e-01
2.040292795579183027e-01, 2.159363138413819272e-01, 5.800344066006998256e-01
2.045857845576361522e-01, 2.165980821953797653e-01, 5.788161332469841103e-01
2.051425233821524974e-01, 2.172604104732025476e-01, 5.775970661446448995e-01
2.056994801988458466e-01, 2.179232798684976047e-01, 5.763772399326565488e-01
2.062566391714035496e-01, 2.185866715395998194e-01, 5.751566892889966587e-01
2.068139844614173828e-01, 2.192505666113563345e-01, 5.739354489272262549e-01
2.073715002299825194e-01, 2.199149461769575320e-01, 5.727135535930599763e-01
2.079291706392974726e-01, 2.205797912997755905e-01, 5.714910380609269369e-01
2.084869798542666741e-01, 2.212450830152095094e-01, 5.702679371305237055e-01
2.090449120441039976e-01, 2.219108023325368217e-01, 5.690442856233590696e-01
2.096029513839374192e-01, 2.225769302367705538e-01, 5.678201183792920270e-01
2.101610820564140669e-01, 2.232434476905219567e-01, 5.665954702530638931e-01
2.107192882533063250e-01, 2.239103356358685959e-01, 5.653703761108249681e-01
2.112775541771170218e-01, 2.245775749962262979e-01, 5.641448708266566525e-01
2.118358640426845907e-01, 2.252451466782258438e-01, 5.629189892790895655e-01
2.123942020787875085e-01, 2.259130315735933259e-01, 5.616927663476192212e-01
2.129525525297475408e-01, 2.265812105610337246e-01, 5.604662369092187069e-01
2.135108996570312945e-01, 2.272496645081177880e-01, 5.592394358348509176e-01
2.140692277408502708e-01, 2.279183742731709927e-01, 5.580123979859787919e-01
2.146275210817583934e-01, 2.285873207071643098e-01, 5.567851582110772135e-01
2.151857640022470652e-01, 2.292564846556081892e-01, 5.555577513421446900e-01
2.157439408483372012e-01, 2.299258469604457400e-01, 5.543302121912170310e-01
2.163020359911683455e-01, 2.305953884619478811e-01, 5.531025755468838012e-01
2.168600338285833484e-01, 2.312650900006090193e-01, 5.518748761708075490e-01
2.174179187867099072e-01, 2.319349324190422279e-01, 5.506471487942478094e-01
2.179756753215374987e-01, 2.326048965638738419e-01, 5.494194281145886594e-01
2.185332879204888723e-01, 2.332749632876378876e-01, 5.481917487918732679e-01
2.190907411039877128e-01, 2.339451134506683461e-01, 5.469641454453438856e-01
2.196480194270198083e-01, 2.346153279229905575e-01, 5.457366526499897175e-01
2.202051074806890552e-01, 2.352855875862097101e-01, 5.445093049331012347e-01
2.207619898937674130e-01, 2.359558733353973037e-01, 5.432821367708352556e-01
2.213186513342377537e-01, 2.366261660809742817e-01, 5.420551825847880201e-01
2.218750765108307432e-01, 2.372964467505909170e-01, 5.408284767385783676e-01
2.224312501745540904e-01, 2.379666962910030603e-01, 5.396020535344427937e-01
2.229871571202143854e-01, 2.386368956699436439e-01, 5.383759472098420540e-01
2.235427821879313603e-01, 2.393070258779900761e-01, 5.371501919340785358e-01
2.240981102646436851e-01, 2.399770679304263077e-01, 5.359248218049299517e-01
2.246531262856068523e-01, 2.406470028690990970e-01, 5.346998708452940230e-01
2.252078152358814866e-01, 2.413168117642696120e-01, 5.334753729998488181e-01
2.257621621518132726e-01, 2.419864757164569002e-01, 5.322513621317299659e-01
2.263161521225029449e-01, 2.426559758582760851e-01, 5.310278720192209700e-01
2.268697702912672032e-01, 2.433252933562694009e-01, 5.298049363524633959e-01
2.274230018570887468e-01, 2.439944094127288188e-01, 5.285825887301824899e-01
2.279758320760564561e-01, 2.446633052675115383e-01, 5.273608626564320057e-01
2.285282462627949984e-01, 2.453319621998474587e-01, 5.261397915373575707e-01
2.290802297918829167e-01, 2.460003615301367408e-01, 5.249194086779803703e-01
2.296317680992602528e-01, 2.466684846217399585e-01, 5.236997472789998165e-01
2.301828466836239595e-01, 2.473363128827576474e-01, 5.224808404336184209e-01
2.307334511078117656e-01, 2.480038277678002501e-01, 5.212627211243879843e-01
2.312835670001737454e-01, 2.486710107797487079e-01, 5.200454222200775467e-01
2.318331800559317868e-01, 2.493378434715030623e-01, 5.188289764725650954e-01
2.323822760385261255e-01, 2.500043074477215077e-01, 5.176134165137524779e-01
2.329308407809489723e-01, 2.506703843665473164e-01, 5.163987748525036281e-01
2.334788601870648739e-01, 2.513360559413249651e-01, 5.151850838716102166e-01
2.340263202329177228e-01, 2.520013039423028012e-01, 5.139723758247795038e-01
2.345732069680240839e-01, 2.526661101983252999e-01, 5.127606828336507272e-01
2.351195065166520326e-01, 2.533304565985112222e-01, 5.115500368848368007e-01
2.356652050790866704e-01, 2.539943250939189490e-01, 5.103404698269944362e-01
2.362102889328799304e-01, 2.546576976991996033e-01, 5.091320133679204663e-01
2.367547444340872276e-01, 2.553205564942347405e-01, 5.079246990716781429e-01
2.372985580184872878e-01, 2.559828836257612705e-01, 5.067185583557514139e-01
2.378417162027886556e-01, 2.566446613089821693e-01, 5.055136224882290641e-01
2.383842055858191866e-01, 2.573058718291614255e-01, 5.043099225850193879e-01
2.389260128497012747e-01, 2.579664975432050533e-01, 5.031074896070937275e-01
2.394671247610101472e-01, 2.586265208812268956e-01, 5.019063543577628739e-01
2.400075281719169507e-01, 2.592859243480980513e-01, 5.007065474799848870e-01
2.405472100213150999e-01, 2.599446905249814255e-01, 4.995080994537034469e-01
2.410861573359301679e-01, 2.606028020708492932e-01, 4.983110405932205111e-01
2.416243572314137888e-01, 2.612602417239853758e-01, 4.971154010446008908e-01
2.421617969134197690e-01, 2.619169923034695979e-01, 4.959212107831106331e-01
2.426984636786640726e-01, 2.625730367106460794e-01, 4.947284996106898758e-01
2.432343449159671822e-01, 2.632283579305741417e-01, 4.935372971534585651e-01
2.437694281072793345e-01, 2.638829390334614944e-01, 4.923476328592590878e-01
2.443037008286880751e-01, 2.645367631760800475e-01, 4.911595359952318773e-01
2.448371507514084111e-01, 2.651898136031637931e-01, 4.899730356454278790e-01
2.453697656427549501e-01, 2.658420736487880909e-01, 4.887881607084568758e-01
2.459015333670963033e-01, 2.664935267377311345e-01, 4.876049398951725067e-01
2.464324418867913924e-01, 2.671441563868164892e-01, 4.864234017263921461e-01
2.469624792631071042e-01, 2.677939462062365328e-01, 4.852435745306562520e-01
2.474916336571185704e-01, 2.684428799008575783e-01, 4.840654864420236847e-01
2.480198933305899633e-01, 2.690909412715049576e-01, 4.828891653979051068e-01
2.485472466468372221e-01, 2.697381142162286749e-01, 4.817146391369340752e-01
2.490736820715724331e-01, 2.703843827315505766e-01, 4.805419351968769903e-01
2.495991881737286144e-01, 2.710297309136898702e-01, 4.793710809125814043e-01
2.501237536262665428e-01, 2.716741429597704927e-01, 4.782021034139629645e-01
2.506473672069617353e-01, 2.723176031690064391e-01, 4.770350296240318255e-01
2.511700177991729732e-01, 2.729600959438684971e-01, 4.758698862569583632e-01
2.516916943925920358e-01, 2.736016057912294408e-01, 4.747066998161785234e-01
2.522123860839730058e-01, 2.742421173234884657e-01, 4.735454965925386395e-01
2.527320820778433674e-01, 2.748816152596756934e-01, 4.723863026624809947e-01
2.532507716871958969e-01, 2.755200844265352500e-01, 4.712291438862689086e-01
2.537684443341600704e-01, 2.761575097595868611e-01, 4.700740459062531240e-01
2.542850895506553743e-01, 2.767938763041669081e-01, 4.689210341451776065e-01
2.548006969790241882e-01, 2.774291692164484457e-01, 4.677701338045273660e-01
2.553152563726455715e-01, 2.780633737644382375e-01, 4.666213698629160800e-01
2.558287575965298433e-01, 2.786964753289546404e-01, 4.654747670745156274e-01
2.563411906278924013e-01, 2.793284594045815639e-01, 4.643303499675259793e-01
2.568525455567095550e-01, 2.799593116006028337e-01, 4.631881428426875558e-01
2.573628125862539306e-01, 2.805890176419127413e-01, 4.620481697718332725e-01
2.578719820336098367e-01, 2.812175633699066091e-01, 4.609104545964835542e-01
2.583800443301701999e-01, 2.818449347433478747e-01, 4.597750209264819810e-01
2.588869900221127951e-01, 2.824711178392144695e-01, 4.586418921386726244e-01
2.593928097708577685e-01, 2.830960988535226042e-01, 4.575110913756196274e-01
2.598974943535046767e-01, 2.837198641021277945e-01, 4.563826415443674733e-01
2.604010346632509854e-01, 2.843424000215054592e-01, 4.552565653152434444e-01
2.609034217097902508e-01, 2.849636931695073705e-01, 4.541328851207023232e-01
2.614046466196914276e-01, 2.855837302260977317e-01, 4.530116231542107852e-01
2.619047006367577479e-01, 2.862024979940655522e-01, 4.518928013691767553e-01
2.624035751223676161e-01, 2.868199833997159276e-01, 4.507764414779166229e-01
2.629012615557945742e-01, 2.874361734935382273e-01, 4.496625649506671429e-01
2.633977515345098941e-01, 2.880510554508530774e-01, 4.485511930146370840e-01
2.638930367744631855e-01, 2.886646165724355284e-01, 4.474423466531012861e-01
2.643871091103466853e-01, 2.892768442851179622e-01, 4.463360466045354080e-01
2.648799604958386733e-01, 2.898877261423688512e-01, 4.452323133617924200e-01
2.653715830038279599e-01, 2.904972498248510338e-01, 4.441311671713208953e-01
2.658619688266201653e-01, 2.911054031409565646e-01, 4.430326280324232702e-01
2.663511102761245142e-01, 2.917121740273203589e-01, 4.419367156965552379e-01
2.668389997840215910e-01, 2.923175505493108006e-01, 4.408434496666676639e-01
2.673256299019133864e-01, 2.929215209014993659e-01, 4.397528491965871922e-01
2.678109933014536370e-01, 2.935240734081076552e-01, 4.386649332904385967e-01
2.682950827744598477e-01, 2.941251965234326082e-01, 4.375797207021074331e-01
2.687778912330078818e-01, 2.947248788322496260e-01, 4.364972299347424367e-01
2.692594117095067352e-01, 2.953231090501944878e-01, 4.354174792402987770e-01
2.697396373567562122e-01, 2.959198760241229520e-01, 4.343404866191208358e-01
2.702185614479860609e-01, 2.965151687324493746e-01, 4.332662698195647311e-01
2.706961773768772339e-01, 2.971089762854627891e-01, 4.321948463376598659e-01
2.711724786575656632e-01, 2.977012879256228373e-01, 4.311262334168113886e-01
2.716474589246274385e-01, 2.982920930278332161e-01, 4.300604480475393454e-01
2.721211119330475547e-01, 2.988813810996941989e-01, 4.289975069672583574e-01
2.725934315581700629e-01, 2.994691417817343382e-01, 4.279374266600954879e-01
2.730644117956322336e-01, 3.000553648476210755e-01, 4.268802233567466353e-01
2.735340467612802362e-01, 3.006400402043496456e-01, 4.258259130343702292e-01
2.740023306910686629e-01, 3.012231578924123854e-01, 4.247745114165190072e-01
2.744692579409431232e-01, 3.018047080859463382e-01, 4.237260339731104830e-01
2.749348229867057403e-01, 3.023846810928610962e-01, 4.226804959204331080e-01
2.753990204238647710e-01, 3.029630673549453257e-01, 4.216379122211899033e-01
2.758618449674669071e-01, 3.035398574479543643e-01, 4.205982975845786731e-01
2.763232914519142547e-01, 3.041150420816760569e-01, 4.195616664664097439e-01
2.767833548307649938e-01, 3.046886120999778846e-01, 4.185280330692572326e-01
2.772420301765177730e-01, 3.052605584808339434e-01, 4.174974113426482836e-01
2.776993126803808942e-01, 3.058308723363319381e-01, 4.164698149832872787e-01
2.781551976520259539e-01, 3.063995449126606374e-01, 4.154452574353135197e-01
2.786096805193255532e-01, 3.069665675900786761e-01, 4.144237518905958262e-01
2.790627568280766302e-01, 3.075319318828634851e-01, 4.134053112890598847e-01
2.795144222417083046e-01, 3.080956294392413475e-01, 4.123899483190504034e-01
2.799646725409749015e-01, 3.086576520412990798e-01, 4.113776754177261852e-01
2.804135036236345413e-01, 3.092179916048760080e-01, 4.103685047714894507e-01
2.808609115041135751e-01, 3.097766401794390112e-01, 4.093624483164474137e-01
2.813068923131560317e-01, 3.103335899479377491e-01, 4.083595177389061637e-01
2.817514422974597976e-01, 3.108888332266428467e-01, 4.073597244758975222e-01
2.821945578192981419e-01, 3.114423624649655942e-01, 4.063630797157362640e-01
2.826362353561287510e-01, 3.119941702452601051e-01, 4.053695943986110883e-01
2.830764715001881093e-01, 3.125442492826083773e-01, 4.043792792172035133e-01
2.835152629580733330e-01, 3.130925924245869796e-01, 4.033921446173397429e-01
2.839526065503106267e-01, 3.136391926510178618e-01, 4.024082007986716225e-01
2.843884992109111942e-01, 3.141840430737012357e-01, 4.014274577153874590e-01
2.848229379869144373e-01, 3.147271369361327453e-01, 4.004499250769527618e-01
2.852559200379183868e-01, 3.152684676132029296e-01, 3.994756123488786281e-01
2.856874426355983654e-01, 3.158080286108815304e-01, 3.985045287535199932e-01
2.861175031632131605e-01, 3.163458135658850923e-01, 3.975366832709017473e-01
2.865460991151000947e-01, 3.168818162453290177e-01, 3.965720846395709431e-01
2.869732280961576065e-01, 3.174160305463633591e-01, 3.956107413574791454e-01
2.873988878213171172e-01, 3.179484504957946767e-01, 3.946526616828881506e-01
2.878230761150036288e-01, 3.184790702496906878e-01, 3.936978536353055724e-01
2.882457909105850535e-01, 3.190078840929715387e-01, 3.927463249964434078e-01
2.886670302498108298e-01, 3.195348864389858101e-01, 3.917980833112034711e-01
2.890867922822404346e-01, 3.200600718290714242e-01, 3.908531358886880303e-01
2.895050752646611825e-01, 3.205834349321037280e-01, 3.899114898032350895e-01
2.899218775604959775e-01, 3.211049705440275348e-01, 3.889731518954764877e-01
2.903371976392012388e-01, 3.216246735873771190e-01, 3.880381287734215312e-01
2.907510340756551126e-01, 3.221425391107819447e-01, 3.871064268135628872e-01
2.911633855495363021e-01, 3.226585622884582394e-01, 3.861780521620053475e-01
2.915742508446935166e-01, 3.231727384196887432e-01, 3.852530107356177402e-01
2.919836288485059828e-01, 3.236850629282888581e-01, 3.843313082232052147e-01
2.923915185512349635e-01, 3.241955313620601964e-01, 3.834129500867048401e-01
2.927979190453671166e-01, 3.247041393922318608e-01, 3.824979415624010226e-01
2.932028295249489158e-01, 3.252108828128890128e-01, 3.815862876621621269e-01
2.936062492849134120e-01, 3.257157575403902827e-01, 3.806779931746963608e-01
2.940081777203981672e-01, 3.262187596127730238e-01, 3.797730626668288645e-01
2.944086143260570831e-01, 3.267198851891466305e-01, 3.788715004847961754e-01
2.948075586953627369e-01, 3.272191305490760316e-01, 3.779733107555613425e-01
2.952050105199024443e-01, 3.277164920919518054e-01, 3.770784973881456392e-01
2.956009695886678834e-01, 3.282119663363524675e-01, 3.761870640749795935e-01
2.959954357873360031e-01, 3.287055499193934915e-01, 3.752990142932704498e-01
2.963884090975447694e-01, 3.291972395960677811e-01, 3.744143513063874495e-01
2.967798895961621941e-01, 3.296870322385753171e-01, 3.735330781652623777e-01
2.971698774545483146e-01, 3.301749248356434796e-01, 3.726551977098082058e-01
2.975583729378117326e-01, 3.306609144918368215e-01, 3.717807125703514459e-01
2.979453764040606578e-01, 3.311449984268588498e-01, 3.709096251690804924e-01
2.983308883036474013e-01, 3.316271739748434255e-01, 3.700419377215091732e-01
2.987149091784078170e-01, 3.321074385836381704e-01, 3.691776522379540681e-01
2.990974396608961361e-01, 3.325857898140786584e-01, 3.683167705250253721e-01
2.994784804736132511e-01, 3.330622253392542809e-01, 3.674592941871323570e-01
2.998580324282322240e-01, 3.335367429437665621e-01, 3.666052246280013249e-01
3.002360964248170783e-01, 3.340093405229782042e-01, 3.657545630522048286e-01
3.006126734510384257e-01, 3.344800160822558044e-01, 3.649073104667057144e-01
3.009877645813848757e-01, 3.349487677362044113e-01, 3.640634676824106575e-01
3.013613709763695026e-01, 3.354155937078944216e-01, 3.632230353157360203e-01
3.017334938817334833e-01, 3.358804923280824251e-01, 3.623860137901841472e-01
3.021041346276450712e-01, 3.363434620344242232e-01, 3.615524033379307056e-01
3.024732946278961832e-01, 3.368045013706822965e-01, 3.607222040014215758e-01
3.028409753790948788e-01, 3.372636089859256669e-01, 3.598954156349795097e-01
3.032071784598551201e-01, 3.377207836337248748e-01, 3.590720379064201162e-01
3.035719055299834213e-01, 3.381760241713401838e-01, 3.582520702986765060e-01
3.039351583296628356e-01, 3.386293295589042351e-01, 3.574355121114328737e-01
3.042969386786348318e-01, 3.390806988586000381e-01, 3.566223624627650746e-01
3.046572484753783394e-01, 3.395301312338320221e-01, 3.558126202907896385e-01
3.050160896962860746e-01, 3.399776259483936469e-01, 3.550062843553202785e-01
3.053734643948404770e-01, 3.404231823656296285e-01, 3.542033532395300055e-01
3.057293747007860940e-01, 3.408667999475930022e-01, 3.534038253516208483e-01
3.060838228193017430e-01, 3.413084782541989104e-01, 3.526076989264994022e-01
3.064368110301698422e-01, 3.417482169423728955e-01, 3.518149720274573178e-01
3.067883416869456314e-01, 3.421860157651963052e-01, 3.510256425478581743e-01
3.071384172161244486e-01, 3.426218745710470359e-01, 3.502397082128285710e-01
3.074870401163086742e-01, 3.430557933027376105e-01, 3.494571665809537708e-01
3.078342129573731212e-01, 3.434877719966487608e-01, 3.486780150459782290e-01
3.081799383796300362e-01, 3.439178107818610663e-01, 3.479022508385087864e-01
3.085242190929945449e-01, 3.443459098792825412e-01, 3.471298710277228583e-01
3.088670578761479879e-01, 3.447720696007737784e-01, 3.463608725230781227e-01
3.092084575757026998e-01, 3.451962903482708733e-01, 3.455952520760264823e-01
3.095484211053658452e-01, 3.456185726129054614e-01, 3.448330062817287489e-01
3.098869514451035312e-01, 3.460389169741228677e-01, 3.440741315807736567e-01
3.102240516403056980e-01, 3.464573240987979252e-01, 3.433186242608964323e-01
3.105597248009505096e-01, 3.468737947403492394e-01, 3.425664804587001955e-01
3.108939741007705759e-01, 3.472883297378514533e-01, 3.418176961613780263e-01
3.112268027764182321e-01, 3.477009300151465698e-01, 3.410722672084351981e-01
3.115582141266333149e-01, 3.481115965799534417e-01, 3.403301892934131878e-01
3.118882115114111619e-01, 3.485203305229761517e-01, 3.395914579656126864e-01
3.122167983511710543e-01, 3.489271330170122254e-01, 3.388560686318166648e-01
3.125439781259276573e-01, 3.493320053160588468e-01, 3.381240165580134960e-01
3.128697543744621279e-01, 3.497349487544193503e-01, 3.373952968711186329e-01
3.131941306934954983e-01, 3.501359647458093249e-01, 3.366699045606952878e-01
3.135171107368641685e-01, 3.505350547824614416e-01, 3.359478344806743344e-01
3.138386982146959547e-01, 3.509322204342317786e-01, 3.352290813510721557e-01
3.141588968925893566e-01, 3.513274633477044828e-01, 3.345136397597061051e-01
3.144777105907938242e-01, 3.517207852452978734e-01, 3.338015041639083580e-01
3.147951431833925229e-01, 3.521121879243702679e-01, 3.330926688922372647e-01
3.151111985974876517e-01, 3.525016732563270860e-01, 3.323871281461852067e-01
3.154258808123879265e-01, 3.528892431857271750e-01, 3.316848760018848430e-01
3.157391938587978397e-01, 3.532748997293915783e-01, 3.309859064118105265e-01
3.160511418180109167e-01, 3.536586449755124706e-01, 3.302902132064766128e-01
3.163617288211041378e-01, 3.540404810827628701e-01, 3.295977900961329365e-01
3.166709590481365244e-01, 3.544204102794084044e-01, 3.289086306724550157e-01
3.169788367273496665e-01, 3.547984348624201312e-01, 3.282227284102302578e-01
3.172853661343714715e-01, 3.551745571965883030e-01, 3.275400766690402810e-01
3.175905515914231869e-01, 3.555487797136389627e-01, 3.268606686949377393e-01
3.178943974665301986e-01, 3.559211049113514824e-01, 3.261844976221183190e-01
3.181969081727340498e-01, 3.562915353526778239e-01, 3.255115564745880707e-01
3.184980881673107334e-01, 3.566600736648650183e-01, 3.248418381678242484e-01
3.187979419509899826e-01, 3.570267225385783671e-01, 3.241753355104316503e-01
3.190964740671796140e-01, 3.573914847270279749e-01, 3.235120412057923556e-01
3.193936891011926460e-01, 3.577543630450976120e-01, 3.228519478537097420e-01
3.196895916794789683e-01, 3.581153603684752440e-01, 3.221950479520457322e-01
3.199841864688598436e-01, 3.584744796327873351e-01, 3.215413338983527103e-01
3.202774781757672384e-01, 3.588317238327354275e-01, 3.208907979914972786e-01
3.205694715454864285e-01, 3.591870960212352748e-01, 3.202434324332783522e-01
3.208601713614027684e-01, 3.595405993085594165e-01, 3.195992293300378151e-01
3.211495824442533453e-01, 3.598922368614828615e-01, 3.189581806942637376e-01
3.214377096513814092e-01, 3.602420119024318801e-01, 3.183202784461868218e-01
3.217245578759960756e-01, 3.605899277086354049e-01, 3.176855144153686306e-01
3.220101320464363592e-01, 3.609359876112811505e-01, 3.170538803422824903e-01
3.222944371254390927e-01, 3.612801949946743418e-01, 3.164253678798866209e-01
3.225774781094112309e-01, 3.616225532953999955e-01, 3.157999685951887736e-01
3.228592600277075397e-01, 3.619630660014894197e-01, 3.151776739708030406e-01
3.231397879419117825e-01, 3.623017366515896009e-01, 3.145584754064985611e-01
3.234190669451232347e-01, 3.626385688341378088e-01, 3.139423642207389564e-01
3.236971021612474186e-01, 3.629735661865386986e-01, 3.133293316522139937e-01
3.239738987442918883e-01, 3.633067323943461879e-01, 3.127193688613619793e-01
3.242494618776666782e-01, 3.636380711904498297e-01, 3.121124669318835476e-01
3.245237967734898032e-01, 3.639675863542641276e-01, 3.115086168722460691e-01
3.247969086718970333e-01, 3.642952817109232910e-01, 3.109078096171795647e-01
3.250688028403572183e-01, 3.646211611304802647e-01, 3.103100360291625170e-01
3.253394845729921658e-01, 3.649452285271087559e-01, 3.097152868998989672e-01
3.256089591899019586e-01, 3.652674878583119789e-01, 3.091235529517860625e-01
3.258772320364946573e-01, 3.655879431241339517e-01, 3.085348248393714465e-01
3.261443084828218875e-01, 3.659065983663764010e-01, 3.079490931508016005e-01
3.264101939229190896e-01, 3.662234576678205511e-01, 3.073663484092603593e-01
3.266748937741505432e-01, 3.665385251514527432e-01, 3.067865810743967137e-01
3.269384134765604966e-01, 3.668518049796957725e-01, 3.062097815437436754e-01
3.272007584922290713e-01, 3.671633013536443890e-01, 3.056359401541266507e-01
3.274619343046329956e-01, 3.674730185123060155e-01, 3.050650471830609889e-01
3.277219464180124442e-01, 3.677809607318469620e-01, 3.044970928501407048e-01
3.279808003567422081e-01, 3.680871323248424143e-01, 3.039320673184152666e-01
3.282385016647094700e-01, 3.683915376395329733e-01, 3.033699606957575567e-01
3.284950559046956320e-01, 3.686941810590847468e-01, 3.028107630362195657e-01
3.287504686577643054e-01, 3.689950670008559919e-01, 3.022544643413795917e-01
3.290047455226546846e-01, 3.692941999156681421e-01, 3.017010545616770623e-01
3.292578921151796956e-01, 3.695915842870827195e-01, 3.011505235977374739e-01
3.295099140676304161e-01, 3.698872246306826872e-01, 3.006028613016869522e-01
3.297608170281856044e-01, 3.701811254933596307e-01, 3.000580574784548760e-01
3.300106066603260557e-01, 3.704732914526067677e-01, 2.995161018870670655e-01
3.302592886422561214e-01, 3.707637271158167880e-01, 2.989769842419270907e-01
3.305068686663286681e-01, 3.710524371195846882e-01, 2.984406942140867547e-01
3.307533524384767554e-01, 3.713394261290169363e-01, 2.979072214325063084e-01
3.309987456776509740e-01, 3.716246988370464077e-01, 2.973765554853026738e-01
3.312430541152613372e-01, 3.719082599637515418e-01, 2.968486859209870654e-01
3.314862834946258885e-01, 3.721901142556819919e-01, 2.963236022496921751e-01
3.317284395704235833e-01, 3.724702664851897160e-01, 2.958012939443866451e-01
3.319695281081538329e-01, 3.727487214497658963e-01, 2.952817504420802708e-01
3.322095548836010437e-01, 3.730254839713826875e-01, 2.947649611450162688e-01
3.324485256823045409e-01, 3.733005588958414611e-01, 2.942509154218539980e-01
3.326864462990341553e-01, 3.735739510921268214e-01, 2.937396026088390233e-01
3.329233225372721372e-01, 3.738456654517649524e-01, 2.932310120109629659e-01
3.331591602086990123e-01, 3.741157068881892367e-01, 2.927251329031116955e-01
3.333939651326866538e-01, 3.743840803361114244e-01, 2.922219545312019218e-01
3.336277431357955736e-01, 3.746507907508968560e-01, 2.917214661133076814e-01
3.338605000512784304e-01, 3.749158431079476772e-01, 2.912236568407738369e-01
3.340922417185892557e-01, 3.751792424020909400e-01, 2.907285158793198043e-01
3.343229739828972868e-01, 3.754409936469712550e-01, 2.902360323701315137e-01
3.345527026946071847e-01, 3.757011018744512709e-01, 2.897461954309415444e-01
3.347814337088844683e-01, 3.759595721340167063e-01, 2.892589941570988255e-01
3.350091728851862793e-01, 3.762164094921873203e-01, 2.887744176226262893e-01
3.352359260867977531e-01, 3.764716190319338796e-01, 2.882924548812683674e-01
3.354616991803739401e-01, 3.767252058521006197e-01, 2.878130949675254402e-01
3.356864980354867800e-01, 3.769771750668340915e-01, 2.873363268976791285e-01
3.359103285241782921e-01, 3.772275318050170023e-01, 2.868621396708046500e-01
3.361331965205183736e-01, 3.774762812097085529e-01, 2.863905222697730735e-01
3.363551079001683153e-01, 3.777234284375903806e-01, 2.859214636622414152e-01
3.365760685399498686e-01, 3.779689786584174427e-01, 2.854549528016326332e-01
3.367960843174195862e-01, 3.782129370544766167e-01, 2.849909786281036861e-01
3.370151611104482692e-01, 3.784553088200490745e-01, 2.845295300695026564e-01
3.372333047968062436e-01, 3.786960991608791516e-01, 2.840705960423145493e-01
3.374505212537532439e-01, 3.789353132936500446e-01, 2.836141654525966560e-01
3.376668163576347359e-01, 3.791729564454630053e-01, 2.831602271969022588e-01
3.378821959834817923e-01, 3.794090338533248064e-01, 2.827087701631933458e-01
3.380966660046184069e-01, 3.796435507636389817e-01, 2.822597832317426114e-01
3.383102322922718619e-01, 3.798765124317037833e-01, 2.818132552760244658e-01
3.385229007151897007e-01, 3.801079241212155790e-01, 2.813691751635946092e-01
3.387346771392617528e-01, 3.803377911037785220e-01, 2.809275317569597807e-01
3.389455674271466545e-01, 3.805661186584181066e-01, 2.804883139144351833e-01
3.391555774379041432e-01, 3.807929120711031068e-01, 2.800515104909928055e-01
3.393647130266320699e-01, 3.810181766342709553e-01, 2.796171103390970303e-01
3.395729800441089075e-01, 3.812419176463596182e-01, 2.791851023095314743e-01
3.397803843364409215e-01, 3.814641404113454093e-01, 2.787554752522137247e-01
3.399869317447145045e-01, 3.816848502382854669e-01, 2.783282180170000841e-01
3.401926281046536160e-01, 3.819040524408668924e-01, 2.779033194544794361e-01
3.403974792462821086e-01, 3.821217523369608848e-01, 2.774807684167570621e-01
3.406014909935910495e-01, 3.823379552481820931e-01, 2.770605537582269129e-01
3.408046691642107606e-01, 3.825526664994542969e-01, 2.766426643363348870e-01
3.410070195690884098e-01, 3.827658914185810834e-01, 2.762270890123305067e-01
3.412085480121692105e-01, 3.829776353358221308e-01, 2.758138166520086032e-01
3.414092602900840601e-01, 3.831879035834750424e-01, 2.754028361264409530e-01
3.416091621918403431e-01, 3.833967014954620112e-01, 2.749941363126977012e-01
3.418082594985190070e-01, 3.836040344069230890e-01, 2.745877060945579595e-01
3.420065579829751901e-01, 3.838099076538138976e-01, 2.741835343632109123e-01
3.422040634095441791e-01, 3.840143265725086130e-01, 2.737816100179471523e-01
3.424007815337523630e-01, 3.842172964994091111e-01, 2.733819219668385259e-01
3.425967181020311281e-01, 3.844188227705587768e-01, 2.729844591274100951e-01
3.427918788514381920e-01, 3.846189107212615865e-01, 2.725892104273002770e-01
3.429862695093807146e-01, 3.848175656857067972e-01, 2.721961648049124882e-01
3.431798957933447913e-01, 3.850147929965987426e-01, 2.718053112100564661e-01
3.433727634106285009e-01, 3.852105979847916251e-01, 2.714166386045799295e-01
3.435648780580800588e-01, 3.854049859789295263e-01, 2.710301359629903595e-01
3.437562454218398567e-01, 3.855979623050919680e-01, 2.706457922730681198e-01
3.439468711770874432e-01, 3.857895322864439702e-01, 2.702635965364685311e-01
3.441367609877922229e-01, 3.859797012428915486e-01, 2.698835377693161730e-01
3.443259205064692074e-01, 3.861684744907422639e-01, 2.695056050027884731e-01
3.445143553739387077e-01, 3.863558573423707676e-01, 2.691297872836905247e-01
3.447020712190901892e-01, 3.865418551058888985e-01, 2.687560736750209123e-01
3.448890736586506800e-01, 3.867264730848217202e-01, 2.683844532565276553e-01
3.450753682969568970e-01, 3.869097165777872216e-01, 2.680149151252558815e-01
3.452609607257324797e-01, 3.870915908781820125e-01, 2.676474483960854522e-01
3.454458565238679446e-01, 3.872721012738714608e-01, 2.672820422022606501e-01
3.456300612572058562e-01, 3.874512530468841032e-01, 2.669186856959100407e-01
3.458135804783301070e-01, 3.876290514731118297e-01, 2.665573680485581742e-01
3.459964197263579178e-01, 3.878055018220140648e-01, 2.661980784516280729e-01
3.461785845267377204e-01, 3.879806093563272218e-01, 2.658408061169351133e-01
3.463600803910493187e-01, 3.881543793317780988e-01, 2.654855402771725825e-01
3.465409128168087105e-01, 3.883268169968031591e-01, 2.651322701863881859e-01
3.467210872872770744e-01, 3.884979275922707531e-01, 2.647809851204522280e-01
3.469006092712729195e-01, 3.886677163512095023e-01, 2.644316743775175782e-01
3.470794842229883992e-01, 3.888361884985402361e-01, 2.640843272784712537e-01
3.472577175818095663e-01, 3.890033492508130353e-01, 2.637389331673773429e-01
3.474353147721399027e-01, 3.891692038159480505e-01, 2.633954814119119914e-01
3.476122812032278464e-01, 3.893337573929817608e-01, 2.630539614037904483e-01
3.477886222689978157e-01, 3.894970151718165630e-01, 2.627143625591856213e-01
3.479643433478856185e-01, 3.896589823329755231e-01, 2.623766743191389139e-01
3.481394498026755269e-01, 3.898196640473611807e-01, 2.620408861499633479e-01
3.483139469803434585e-01, 3.899790654760183495e-01, 2.617069875436381365e-01
3.484878402119017671e-01, 3.901371917699020253e-01, 2.613749680181962076e-01
3.486611348122479748e-01, 3.902940480696483472e-01, 2.610448171181037336e-01
3.488338360800174454e-01, 3.904496395053507207e-01, 2.607165244146317784e-01
3.490059492974389999e-01, 3.906039711963399941e-01, 2.603900795062210616e-01
3.491774797301940292e-01, 3.907570482509675758e-01, 2.600654720188385061e-01
3.493484326272786045e-01, 3.909088757663946034e-01, 2.597426916063267921e-01
3.495188132208697507e-01, 3.910594588283837769e-01, 2.594217279507465279e-01
3.496886267261940517e-01, 3.912088025110950218e-01, 2.591025707627109265e-01
3.498578783413999749e-01, 3.913569118768862598e-01, 2.587852097817138763e-01
3.500265732474331926e-01, 3.915037919761170659e-01, 2.584696347764496860e-01
3.501947166079154017e-01, 3.916494478469569329e-01, 2.581558355451276654e-01
3.503623135690256962e-01, 3.917938845151968663e-01, 2.578438019157775485e-01
3.505293692593851596e-01, 3.919371069940649210e-01, 2.575335237465499749e-01
3.506958887899452315e-01, 3.920791202840460121e-01, 2.572249909260087009e-01
3.508618772538782404e-01, 3.922199293727050007e-01, 2.569181933734167034e-01
3.510273397264709883e-01, 3.923595392345129440e-01, 2.566131210390160122e-01
3.511922812650215553e-01, 3.924979548306786747e-01, 2.563097639042996589e-01
3.513567069087394357e-01, 3.926351811089821009e-01, 2.560081119822785189e-01
3.515206216786471161e-01, 3.927712230036125574e-01, 2.557081553177403266e-01
3.516840305774863173e-01, 3.929060854350099885e-01, 2.554098839875036386e-01
3.518469385896256796e-01, 3.930397733097096835e-01, 2.551132881006646369e-01
3.520093506809715000e-01, 3.931722915201908974e-01, 2.548183577988374915e-01
3.521712717988821906e-01, 3.933036449447286365e-01, 2.545250832563891175e-01
3.523327068720835120e-01, 3.934338384472487737e-01, 2.542334546806676587e-01
3.524936608105884717e-01, 3.935628768771868291e-01, 2.539434623122246992e-01
3.526541385056186639e-01, 3.936907650693498573e-01, 2.536550964250315343e-01
3.528141448295281091e-01, 3.938175078437819443e-01, 2.533683473266899466e-01
3.529736846357310887e-01, 3.939431100056324797e-01, 2.530832053586364316e-01
3.531327627586304252e-01, 3.940675763450281477e-01, 2.527996608963414826e-01
3.532913840135498140e-01, 3.941909116369479715e-01, 2.525177043495022700e-01
3.534495531966682647e-01, 3.943131206411013556e-01, 2.522373261622303242e-01
3.536072750849564850e-01, 3.944342081018098467e-01, 2.519585168132336683e-01
3.537645544361163741e-01, 3.945541787478906715e-01, 2.516812668159930655e-01
3.539213959885220695e-01, 3.946730372925449926e-01, 2.514055667189329379e-01
3.540778044611645470e-01, 3.947907884332484407e-01, 2.511314071055870678e-01
3.542337845535968865e-01, 3.949074368516439781e-01, 2.508587785947591908e-01
3.543893409458834798e-01, 3.950229872134388698e-01, 2.505876718406777059e-01
3.545444782985502918e-01, 3.951374441683039307e-01, 2.503180775331457220e-01
3.546992012525377325e-01, 3.952508123497758818e-01, 2.500499863976863857e-01
3.548535144291559695e-01, 3.953630963751623151e-01, 2.497833891956816599e-01
3.550074224300419079e-01, 3.954743008454498221e-01, 2.495182767245082700e-01
3.551609298371186663e-01, 3.955844303452145105e-01, 2.492546398176668510e-01
3.553140412125568304e-01, 3.956934894425357951e-01, 2.489924693449073467e-01
3.554667610987383708e-01, 3.958014826889122983e-01, 2.487317562123493309e-01
3.556190940182213933e-01, 3.959084146191811926e-01, 2.484724913625973308e-01
3.557710444737084421e-01, 3.960142897514392635e-01, 2.482146657748522667e-01
3.559226169480155244e-01, 3.961191125869671925e-01, 2.479582704650171998e-01
3.560738159040436335e-01, 3.962228876101568376e-01, 2.477032964857995845e-01
3.562246457847518810e-01, 3.963256192884396789e-01, 2.474497349268083846e-01
3.563751110131332389e-01, 3.964273120722196508e-01, 2.471975769146471380e-01
3.565252159921909469e-01, 3.965279703948064727e-01, 2.469468136130025804e-01
3.566749651049179182e-01, 3.966275986723533098e-01, 2.466974362227287720e-01
3.568243627142770324e-01, 3.967262013037955448e-01, 2.464494359819273672e-01
3.569734131631838725e-01, 3.968237826707926019e-01, 2.462028041660234423e-01
3.571221207744909587e-01, 3.969203471376716030e-01, 2.459575320878375493e-01
3.572704898509731497e-01, 3.970158990513739106e-01, 2.457136110976529120e-01
3.574185246753158740e-01, 3.971104427414041682e-01, 2.454710325832800688e-01
3.575662295101038612e-01, 3.972039825197803409e-01, 2.452297879701158256e-01
3.577136085978124824e-01, 3.972965226809874739e-01, 2.449898687212000437e-01
3.578606661607998674e-01, 3.973880675019328401e-01, 2.447512663372671537e-01
3.580074064013012980e-01, 3.974786212419037512e-01, 2.445139723567949508e-01
3.581538335014242125e-01, 3.975681881425264796e-01, 2.442779783560491969e-01
3.582999516231463177e-01, 3.976567724277291771e-01, 2.440432759491246439e-01
3.584457649083130915e-01, 3.977443783037045155e-01, 2.438098567879824208e-01
3.585912774786392254e-01, 3.978310099588767690e-01, 2.435777125624840334e-01
3.587364934357089030e-01, 3.979166715638691176e-01, 2.433468350004219516e-01
3.588814168609796296e-01, 3.980013672714740602e-01, 2.431172158675464490e-01
3.590260518157863401e-01, 3.980851012166247704e-01, 2.428888469675890005e-01
3.591704023413470614e-01, 3.981678775163698392e-01, 2.426617201422829606e-01
3.593144724587706840e-01, 3.982497002698486277e-01, 2.424358272713806328e-01
3.594582661690644554e-01, 3.983305735582689522e-01, 2.422111602726666202e-01
3.596017874531443614e-01, 3.984105014448868221e-01, 2.419877111019688998e-01
3.597450402718460616e-01, 3.984894879749879548e-01, 2.417654717531660946e-01
3.598880285659372125e-01, 3.985675371758708452e-01, 2.415444342581920256e-01
3.600307562561307351e-01, 3.986446530568319990e-01, 2.413245906870372104e-01
3.601732272431001913e-01, 3.987208396091526108e-01, 2.411059331477472256e-01
3.603154454074949387e-01, 3.987961008060867951e-01, 2.408884537864182385e-01
3.604574146099577825e-01, 3.988704406028524274e-01, 2.406721447871897623e-01
3.605991386911430729e-01, 3.989438629366225397e-01, 2.404569983722344706e-01
3.607406214717359116e-01, 3.990163717265189369e-01, 2.402430068017451514e-01
3.608818667524728019e-01, 3.990879708736076448e-01, 2.400301623739193591e-01
3.610228783141633535e-01, 3.991586642608956348e-01, 2.398184574249410950e-01
3.611636599177124873e-01, 3.992284557533284373e-01, 2.396078843289590754e-01
3.613042153041443050e-01, 3.992973491977913625e-01, 2.393984354980643603e-01
3.614445481946267913e-01, 3.993653484231097783e-01, 2.391901033822633471e-01
3.615846622904975161e-01, 3.994324572400527740e-01, 2.389828804694497932e-01
3.617245612732900018e-01, 3.994986794413369902e-01, 2.387767592853730636e-01
3.618642488047615347e-01, 3.995640188016328920e-01, 2.385717323936055456e-01
3.620037285269218086e-01, 3.996284790775720408e-01, 2.383677923955061506e-01
3.621430040620618462e-01, 3.996920640077556985e-01, 2.381649319301825107e-01
3.622820790127849744e-01, 3.997547773127647641e-01, 2.379631436744503448e-01
3.624209569620375215e-01, 3.998166226951713753e-01, 2.377624203427910476e-01
3.625596414731414030e-01, 3.998776038395519539e-01, 2.375627546873067542e-01
3.626981360898263729e-01, 3.999377244125005837e-01, 2.373641394976730712e-01
3.628364443362642744e-01, 3.999969880626452201e-01, 2.371665676010905610e-01
3.629745697171034013e-01, 4.000553984206637881e-01, 2.369700318622326995e-01
3.631125157175039142e-01, 4.001129590993025009e-01, 2.367745251831936959e-01
3.632502858031734227e-01, 4.001696736933944010e-01, 2.365800405034320930e-01
3.633878834204047892e-01, 4.002255457798803984e-01, 2.363865707997147847e-01
3.635253119961126544e-01, 4.002805789178302542e-01, 2.361941090860569803e-01
3.636625749378722960e-01, 4.003347766484657844e-01, 2.360026484136619751e-01
3.637996756339584858e-01, 4.003881424951839518e-01, 2.358121818708576178e-01
3.639366174533849030e-01, 4.004406799635827907e-01, 2.356227025830323618e-01
3.640734037459448236e-01, 4.004923925414864971e-01, 2.354342037125686793e-01
3.642100378422520324e-01, 4.005432836989731848e-01, 2.352466784587747828e-01
3.643465230537818456e-01, 4.005933568884029738e-01, 2.350601200578152916e-01
3.644828626729139098e-01, 4.006426155444470782e-01, 2.348745217826390674e-01
3.646190599729749460e-01, 4.006910630841180043e-01, 2.346898769429070220e-01
3.647551182082817145e-01, 4.007387029068013584e-01, 2.345061788849168161e-01
3.648910406141854801e-01, 4.007855383942874328e-01, 2.343234209915270594e-01
3.650268304071158099e-01, 4.008315729108048453e-01, 2.341415966820792893e-01
3.651624907846264811e-01, 4.008768098030542903e-01, 2.339606994123191730e-01
3.652980249254402789e-01, 4.009212524002443434e-01, 2.337807226743154887e-01
3.654334359894952922e-01, 4.009649040141265441e-01, 2.336016599963781637e-01
3.655687271179917652e-01, 4.010077679390332550e-01, 2.334235049429751463e-01
3.657039014334383942e-01, 4.010498474519144096e-01, 2.332462511146471129e-01
3.658389620397007880e-01, 4.010911458123772588e-01, 2.330698921479219254e-01
3.659739120220483199e-01, 4.011316662627250063e-01, 2.328944217152266460e-01
3.661087544472033661e-01, 4.011714120279972762e-01, 2.327198335247993854e-01
3.662434923633896555e-01, 4.012103863160113582e-01, 2.325461213205989586e-01
3.663781288003814529e-01, 4.012485923174042290e-01, 2.323732788822144013e-01
3.665126667695534080e-01, 4.012860332056746304e-01, 2.322013000247719894e-01
3.666471092639301266e-01, 4.013227121372273110e-01, 2.320301785988425347e-01
3.667814592582369082e-01, 4.013586322514164362e-01, 2.318599084903466001e-01
3.669157197089502609e-01, 4.013937966705909965e-01, 2.316904836204588258e-01
3.670498935543488050e-01, 4.014282085001398270e-01, 2.315218979455113679e-01
3.671839837145647323e-01, 4.014618708285387361e-01, 2.313541454568964761e-01
3.673179930916355973e-01, 4.014947867273966908e-01, 2.311872201809677119e-01
3.674519245695562208e-01, 4.015269592515036123e-01, 2.310211161789401946e-01
3.675857810143308702e-01, 4.015583914388791142e-01, 2.308558275467901266e-01
3.677195652740258836e-01, 4.015890863108206865e-01, 2.306913484151535132e-01
3.678532801788226281e-01, 4.016190468719537665e-01, 2.305276729492236609e-01
3.679869285410704016e-01, 4.016482761102817545e-01, 2.303647953486479549e-01
3.681205131553397791e-01, 4.016767769972364177e-01, 2.302027098474237476e-01
3.682540367984764584e-01, 4.017045524877297935e-01, 2.300414107137938036e-01
3.683875022296545509e-01, 4.017316055202052594e-01, 2.298808922501401064e-01
3.685209121904312046e-01, 4.017579390166907682e-01, 2.297211487928780271e-01
3.686542694048002833e-01, 4.017835558828510290e-01, 2.295621747123487155e-01
3.687875765792472116e-01, 4.018084590080413521e-01, 2.294039644127115474e-01
3.689208364028030984e-01, 4.018326512653617733e-01, 2.292465123318351838e-01
3.690540515470999150e-01, 4.018561355117111766e-01, 2.290898129411887973e-01
3.691872246664255064e-01, 4.018789145878424174e-01, 2.289338607457320762e-01
3.693203583977781590e-01, 4.019009913184176108e-01, 2.287786502838042579e-01
3.694534553609220007e-01, 4.019223685120642542e-01, 2.286241761270136619e-01
3.695865181584429560e-01, 4.019430489614312374e-01, 2.284704328801257789e-01
3.697195493758033136e-01, 4.019630354432458530e-01, 2.283174151809508057e-01
3.698525515813980702e-01, 4.019823307183708616e-01, 2.281651177002310960e-01
3.699855273266099975e-01, 4.020009375318619460e-01, 2.280135351415279732e-01
3.701184791458663192e-01, 4.020188586130260533e-01, 2.278626622411076830e-01
3.702514095566934449e-01, 4.020360966754793486e-01, 2.277124937678272898e-01
3.703843210597739799e-01, 4.020526544172061123e-01, 2.275630245230199078e-01
3.705172161390022367e-01, 4.020685345206181371e-01, 2.274142493403795151e-01
3.706500972615405787e-01, 4.020837396526138474e-01, 2.272661630858456849e-01
3.707829668778749865e-01, 4.020982724646379181e-01, 2.271187606574870121e-01
3.709158274218723461e-01, 4.021121355927421148e-01, 2.269720369853855391e-01
3.710486813108356263e-01, 4.021253316576451353e-01, 2.268259870315193216e-01
3.711815309455606671e-01, 4.021378632647934492e-01, 2.266806057896459115e-01
3.713143787103923565e-01, 4.021497330044226381e-01, 2.265358882851848943e-01
3.714472269732811416e-01, 4.021609434516187909e-01, 2.263918295750999843e-01
3.715800780858389829e-01, 4.021714971663796767e-01, 2.262484247477813959e-01
3.717129343833956434e-01, 4.021813966936770290e-01, 2.261056689229272998e-01
3.718457981850554761e-01, 4.021906445635188287e-01, 2.259635572514256674e-01
3.719786717937533238e-01, 4.021992432910113657e-01, 2.258220849152353937e-01
3.721115574963105299e-01, 4.022071953764221330e-01, 2.256812471272672538e-01
3.722444575634920039e-01, 4.022145033052429430e-01, 2.255410391312651919e-01
3.723773742500613437e-01, 4.022211695482523774e-01, 2.254014562016863343e-01
3.725103097948377906e-01, 4.022271965615800693e-01, 2.252624936435821956e-01
3.726432664207519618e-01, 4.022325867867694305e-01, 2.251241467924786355e-01
3.727762463349021393e-01, 4.022373426508419891e-01, 2.249864110142559825e-01
3.729092517286096142e-01, 4.022414665663609501e-01, 2.248492817050295189e-01
3.730422847774755857e-01, 4.022449609314954766e-01, 2.247127542910291043e-01
3.731753476414358395e-01, 4.022478281300850833e-01, 2.245768242284791050e-01
3.733084424648177024e-01, 4.022500705317040293e-01, 2.244414870034783516e-01
3.734415713763944433e-01, 4.022516904917258218e-01, 2.243067381318797349e-01
3.735747364894420053e-01, 4.022526903513881091e-01, 2.241725731591699688e-01
3.737079399017933512e-01, 4.022530724378575728e-01, 2.240389876603489927e-01
3.738411836958948076e-01, 4.022528390642953755e-01, 2.239059772398097892e-01
3.739744699388605764e-01, 4.022519925299214427e-01, 2.237735375312180086e-01
3.741078006825281355e-01, 4.022505351200804102e-01, 2.236416641973913710e-01
3.742411779635135272e-01, 4.022484691063072382e-01, 2.235103529301793179e-01
3.743746038032653156e-01, 4.022457967463919370e-01, 2.233795994503427196e-01
3.745080802081203197e-01, 4.022425202844461811e-01, 2.232493995074334991e-01
3.746416091693577366e-01, 4.022386419509680899e-01, 2.231197488796741457e-01
3.747751926632534869e-01, 4.022341639629087306e-01, 2.229906433738377269e-01
3.749088326511347824e-01, 4.022290885237375657e-01, 2.228620788251276796e-01
3.750425310794340272e-01, 4.022234178235084556e-01, 2.227340510970574616e-01
3.751762898797429413e-01, 4.022171540389259392e-01, 2.226065560813310362e-01
3.753101109688663506e-01, 4.022102993334111254e-01, 2.224795896977224685e-01
3.754439962488757554e-01, 4.022028558571677515e-01, 2.223531478939564376e-01
3.755779476071628986e-01, 4.021948257472486299e-01, 2.222272266455885548e-01
3.757119669164930009e-01, 4.021862111276212071e-01, 2.221018219558858753e-01
3.758460560350577184e-01, 4.021770141092348427e-01, 2.219769298557074388e-01
3.759802168065285999e-01, 4.021672367900862022e-01, 2.218525464033850869e-01
3.761144510601091007e-01, 4.021568812552862582e-01, 2.217286676846045856e-01
3.762487606105877069e-01, 4.021459495771258497e-01, 2.216052898122864157e-01
3.763831472583898385e-01, 4.021344438151426837e-01, 2.214824089264675055e-01
3.765176127896301406e-01, 4.021223660161873936e-01, 2.213600211941824103e-01
3.766521589761647748e-01, 4.021097182144900417e-01, 2.212381228093452390e-01
3.767867875756423235e-01, 4.020965024317262326e-01, 2.211167099926315271e-01
3.769215003315560253e-01, 4.020827206770835605e-01, 2.209957789913602200e-01
3.770562989732949011e-01, 4.020683749473284441e-01, 2.208753260793765438e-01
3.771911852161942691e-01, 4.020534672268714638e-01, 2.207553475569341284e-01
3.773261607615874813e-01, 4.020379994878344743e-01, 2.206358397505780444e-01
3.774612272968556059e-01, 4.020219736901162744e-01, 2.205167990130280919e-01
3.775963864954782756e-01, 4.020053917814596645e-01, 2.203982217230620322e-01
3.777316400170841471e-01, 4.019882556975166721e-01, 2.202801042853992086e-01
3.778669895074997509e-01, 4.019705673619154429e-01, 2.201624431305848062e-01
3.780024365988002844e-01, 4.019523286863260214e-01, 2.200452347148737497e-01
3.781379829093580724e-01, 4.019335415705264647e-01, 2.199284755201153796e-01
3.782736300438924726e-01, 4.019142079024692338e-01, 2.198121620536383491e-01
3.784093795935181137e-01, 4.018943295583461972e-01, 2.196962908481356058e-01
3.785452331357941347e-01, 4.018739084026558550e-01, 2.195808584615501213e-01
3.786811922347717574e-01, 4.018529462882679537e-01, 2.194658614769602334e-01
3.788172584410432475e-01, 4.018314450564904328e-01, 2.193512965024662364e-01
3.789534332917893766e-01, 4.018094065371337620e-01, 2.192371601710768059e-01
3.790897183108267732e-01, 4.017868325485779435e-01, 2.191234491405953111e-01
3.792261150086556620e-01, 4.017637248978369047e-01, 2.190101600935074888e-01
3.793626248825064384e-01, 4.017400853806250005e-01, 2.188972897368685888e-01
3.794992494163869079e-01, 4.017159157814215176e-01, 2.187848348021915745e-01
3.796359900811283605e-01, 4.016912178735364547e-01, 2.186727920453351293e-01
3.797728483344321448e-01, 4.016659934191756376e-01, 2.185611582463922731e-01
3.799098256209148539e-01, 4.016402441695057779e-01, 2.184499302095794238e-01
3.800469233721547879e-01, 4.016139718647195322e-01, 2.183391047631257076e-01
3.801841430067368077e-01, 4.015871782341002838e-01, 2.182286787591628252e-01
3.803214859302975759e-01, 4.015598649960873123e-01, 2.181186490736151673e-01
3.804589535355701324e-01, 4.015320338583396875e-01, 2.180090126060901523e-01
3.805965472024281926e-01, 4.015036865178021608e-01, 2.178997662797696744e-01
3.807342682979308890e-01, 4.014748246607681703e-01, 2.177909070413010240e-01
3.808721181763658481e-01, 4.014454499629452333e-01, 2.176824318606888908e-01
3.810100981792934327e-01, 4.014155640895190058e-01, 2.175743377311875892e-01
3.811482096355894300e-01, 4.013851686952170650e-01, 2.174666216691935883e-01
3.812864538614882393e-01, 4.013542654243729690e-01, 2.173592807141387917e-01
3.814248321606255598e-01, 4.013228559109906501e-01, 2.172523119283837900e-01
3.815633458240805798e-01, 4.012909417788076416e-01, 2.171457123971119174e-01
3.817019961304176090e-01, 4.012585246413586382e-01, 2.170394792282236973e-01
3.818407843457287121e-01, 4.012256061020395559e-01, 2.169336095522316765e-01
3.819797117236741757e-01, 4.011921877541702597e-01, 2.168281005221556201e-01
3.821187795055236425e-01, 4.011582711810581237e-01, 2.167229493134182339e-01
3.822579889201974113e-01, 4.011238579560610917e-01, 2.166181531237414692e-01
3.823973411843061276e-01, 4.010889496426505718e-01, 2.165137091730432450e-01
3.825368375021915845e-01, 4.010535477944741078e-01, 2.164096147033343631e-01
3.826764790659655247e-01, 4.010176539554181629e-01, 2.163058669786163402e-01
3.828162670555499969e-01, 4.009812696596708470e-01, 2.162024632847792116e-01
3.829562026387158813e-01, 4.009443964317837006e-01, 2.160994009295004181e-01
3.830962869711218577e-01, 4.009070357867345891e-01, 2.159966772421436088e-01
3.832365211963526530e-01, 4.008691892299890425e-01, 2.158942895736581657e-01
3.833769064459574549e-01, 4.008308582575632051e-01, 2.157922352964794510e-01
3.835174438394870489e-01, 4.007920443560840651e-01, 2.156905118044288305e-01
3.836581344845320651e-01, 4.007527490028526818e-01, 2.155891165126151976e-01
3.837989794767593943e-01, 4.007129736659045260e-01, 2.154880468573360519e-01
3.839399798999490465e-01, 4.006727198040712645e-01, 2.153873002959796890e-01
3.840811368260309000e-01, 4.006319888670415441e-01, 2.152868743069276114e-01
3.842224513151201726e-01, 4.005907822954223874e-01, 2.151867663894574956e-01
3.843639244155536150e-01, 4.005491015207995886e-01, 2.150869740636468241e-01
3.845055571639245939e-01, 4.005069479657987208e-01, 2.149874948702767408e-01
3.846473505851182306e-01, 4.004643230441452539e-01, 2.148883263707365154e-01
3.847893056923460953e-01, 4.004212281607251178e-01, 2.147894661469288147e-01
3.849314234871800133e-01, 4.003776647116448761e-01, 2.146909118011750273e-01
3.850737049595871486e-01, 4.003336340842913454e-01, 2.145926609561213949e-01
3.852161510879621997e-01, 4.002891376573920468e-01, 2.144947112546456980e-01
3.853587628391617614e-01, 4.002441768010739920e-01, 2.143970603597641633e-01
3.855015411685367432e-01, 4.001987528769239133e-01, 2.142997059545392047e-01
3.856444870199648989e-01, 4.001528672380473828e-01, 2.142026457419876906e-01
3.857876013258830228e-01, 4.001065212291274875e-01, 2.141058774449893787e-01
3.859308850073189245e-01, 4.000597161864845042e-01, 2.140093988061965158e-01
3.860743389739228482e-01, 4.000124534381339081e-01, 2.139132075879431327e-01
3.862179641239985028e-01, 3.999647343038458258e-01, 2.138173015721556991e-01
3.863617613445336496e-01, 3.999165600952027111e-01, 2.137216785602636948e-01
3.865057315112308545e-01, 3.998679321156580202e-01, 2.136263363731111808e-01
3.866498754885372979e-01, 3.998188516605942211e-01, 2.135312728508685365e-01
3.867941941296743069e-01, 3.997693200173806916e-01, 2.134364858529450015e-01
3.869386882766668867e-01, 3.997193384654312842e-01, 2.133419732579017458e-01
3.870833587603724757e-01, 3.996689082762625023e-01, 2.132477329633650498e-01
3.872282064005095337e-01, 3.996180307135498988e-01, 2.131537628859407341e-01
3.873732320056856304e-01, 3.995667070331857529e-01, 2.130600609611285889e-01
3.875184363734255344e-01, 3.995149384833366901e-01, 2.129666251432376645e-01
3.876638202901984687e-01, 3.994627263044995824e-01, 2.128734534053020322e-01
3.878093845314448118e-01, 3.994100717295586134e-01, 2.127805437389966026e-01
3.879551298616036314e-01, 3.993569759838418998e-01, 2.126878941545546076e-01
3.881010570341382748e-01, 3.993034402851773912e-01, 2.125955026806844450e-01
3.882471667915626257e-01, 3.992494658439496025e-01, 2.125033673644878829e-01
3.883934598654665282e-01, 3.991950538631549583e-01, 2.124114862713784857e-01
3.885399369765414890e-01, 3.991402055384579151e-01, 2.123198574850005405e-01
3.886865988346046019e-01, 3.990849220582466383e-01, 2.122284791071488153e-01
3.888334461386236396e-01, 3.990292046036879037e-01, 2.121373492576884012e-01
3.889804795767410894e-01, 3.989730543487829961e-01, 2.120464660744758867e-01
3.891276998262975795e-01, 3.989164724604222223e-01, 2.119558277132801705e-01
3.892751075538553596e-01, 3.988594600984400884e-01, 2.118654323477045243e-01
3.894227034152212275e-01, 3.988020184156699233e-01, 2.117752781691089048e-01
3.895704880554688998e-01, 3.987441485579983347e-01, 2.116853633865328765e-01
3.897184621089612167e-01, 3.986858516644196104e-01, 2.115956862266191729e-01
3.898666261993722904e-01, 3.986271288670898971e-01, 2.115062449335378958e-01
3.900149809397083778e-01, 3.985679812913811015e-01, 2.114170377689106317e-01
3.901635269323290856e-01, 3.985084100559346809e-01, 2.113280630117362335e-01
3.903122647689681868e-01, 3.984484162727154333e-01, 2.112393189583164910e-01
3.904611950307534385e-01, 3.983880010470647326e-01, 2.111508039221817734e-01
3.906103182882268987e-01, 3.983271654777541526e-01, 2.110625162340190319e-01
3.907596351013640223e-01, 3.982659106570378138e-01, 2.109744542415981916e-01
3.909091460195928680e-01, 3.982042376707062292e-01, 2.108866163097009305e-01
3.910588515818128608e-01, 3.981421475981383185e-01, 2.107990008200487098e-01
3.912087523164129998e-01, 3.980796415123546983e-01, 2.107116061712323296e-01
3.913588487412895112e-01, 3.980167204800690861e-01, 2.106244307786414582e-01
3.915091413638639439e-01, 3.979533855617410909e-01, 2.105374730743948264e-01
3.916596306810997130e-01, 3.978896378116289489e-01, 2.104507315072712825e-01
3.918103171795190853e-01, 3.978254782778398169e-01, 2.103642045426410145e-01
3.919612013352197222e-01, 3.977609080023827293e-01, 2.102778906623976041e-01
3.921122836138899448e-01, 3.976959280212195025e-01, 2.101917883648906360e-01
3.922635644708249991e-01, 3.976305393643163044e-01, 2.101058961648586687e-01
3.924150443509416553e-01, 3.975647430556952799e-01, 2.100202125933630648e-01
3.925667236887935840e-01, 3.974985401134841778e-01, 2.099347361977221549e-01
3.927186029085849572e-01, 3.974319315499689198e-01, 2.098494655414460952e-01
3.928706824241848805e-01, 3.973649183716428390e-01, 2.097643992041721694e-01
3.930229626391408271e-01, 3.972975015792583053e-01, 2.096795357816007566e-01
3.931754439466917384e-01, 3.972296821678760748e-01, 2.095948738854321036e-01
3.933281267297808470e-01, 3.971614611269160822e-01, 2.095104121433029876e-01
3.934810113610680560e-01, 3.970928394402072903e-01, 2.094261491987246815e-01
3.936340982029417623e-01, 3.970238180860373167e-01, 2.093420837110209765e-01
3.937873876075304036e-01, 3.969543980372022829e-01, 2.092582143552672580e-01
3.939408799167139485e-01, 3.968845802610565521e-01, 2.091745398222295271e-01
3.940945754621340558e-01, 3.968143657195613572e-01, 2.090910588183045316e-01
3.942484745652048983e-01, 3.967437553693348162e-01, 2.090077700654603410e-01
3.944025775371228226e-01, 3.966727501617002272e-01, 2.089246723011769780e-01
3.945568846788759521e-01, 3.966013510427354172e-01, 2.088417642783886030e-01
3.947113962812534571e-01, 3.965295589533212040e-01, 2.087590447654253112e-01
3.948661126248540487e-01, 3.964573748291899125e-01, 2.086765125459560666e-01
3.950210339800941384e-01, 3.963847996009739472e-01, 2.085941664189319700e-01
3.951761606072162203e-01, 3.963118341942536427e-01, 2.085120051985301370e-01
3.953314927562960324e-01, 3.962384795296056139e-01, 2.084300277140982982e-01
3.954870306672494951e-01, 3.961647365226508843e-01, 2.083482328100996206e-01
3.956427745698398724e-01, 3.960906060841017928e-01, 2.082666193460583626e-01
3.957987246836832673e-01, 3.960160891198105659e-01, 2.081851861965061390e-01
3.959548812182552835e-01, 3.959411865308163359e-01, 2.081039322509285194e-01
3.961112443728958543e-01, 3.958658992133919918e-01, 2.080228564137122094e-01
3.962678143368143502e-01, 3.957902280590923638e-01, 2.079419576040932860e-01
3.964245912890944634e-01, 3.957141739548003523e-01, 2.078612347561051843e-01
3.965815753986983161e-01, 3.956377377827738906e-01, 2.077806868185278488e-01
3.967387668244695687e-01, 3.955609204206930185e-01, 2.077003127548374128e-01
3.968961657151379163e-01, 3.954837227417061229e-01, 2.076201115431559607e-01
3.970537722093209765e-01, 3.954061456144765674e-01, 2.075400821762024561e-01
3.972115864355272308e-01, 3.953281899032286550e-01, 2.074602236612439754e-01
3.973696085121584676e-01, 3.952498564677942028e-01, 2.073805350200473852e-01
3.975278385475103926e-01, 3.951711461636580047e-01, 2.073010152888316304e-01
3.976862766397751825e-01, 3.950920598420039065e-01, 2.072216635182208833e-01
3.978449228770413182e-01, 3.950125983497609905e-01, 2.071424787731977191e-01
3.980037773372945287e-01, 3.949327625296480959e-01, 2.070634601330574032e-01
3.981628400884172914e-01, 3.948525532202204480e-01, 2.069846066913623994e-01
3.983221111881888321e-01, 3.947719712559137895e-01, 2.069059175558973507e-01
3.984815906842841815e-01, 3.946910174670907878e-01, 2.068273918486250584e-01
3.986412786142727316e-01, 3.946096926800846116e-01, 2.067490287056427123e-01
3.988011750056161819e-01, 3.945279977172453933e-01, 2.066708272771383414e-01
3.989612798756672074e-01, 3.944459333969839165e-01, 2.065927867273487928e-01
3.991215932316661830e-01, 3.943635005338165800e-01, 2.065149062345171815e-01
3.992821150707384081e-01, 3.942806999384100286e-01, 2.064371849908516465e-01
3.994428453798904988e-01, 3.941975324176252848e-01, 2.063596222024842997e-01
3.996037841360067788e-01, 3.941139987745623796e-01, 2.062822170894307861e-01
3.997649313058448950e-01, 3.940300998086043172e-01, 2.062049688855508156e-01
3.999262868460308207e-01, 3.939458363154609843e-01, 2.061278768385082227e-01
4.000878507030539155e-01, 3.938612090872132265e-01, 2.060509402097328302e-01
4.002496228132613187e-01, 3.937762189123566459e-01, 2.059741582743820909e-01
4.004116031028517320e-01, 3.936908665758450665e-01, 2.058975303213032571e-01
4.005737914878688688e-01, 3.936051528591344995e-01, 2.058210556529966595e-01
4.007361878741950711e-01, 3.935190785402260527e-01, 2.057447335855789317e-01
4.008987921575430935e-01, 3.934326443937097295e-01, 2.056685634487472047e-01
4.010616042234489420e-01, 3.933458511908074495e-01, 2.055925445857436640e-01
4.012246239472632703e-01, 3.932586996994160700e-01, 2.055166763533205487e-01
4.013878511941431637e-01, 3.931711906841507398e-01, 2.054409581217061243e-01
4.015512858190422585e-01, 3.930833249063871992e-01, 2.053653892745706533e-01
4.017149276667016378e-01, 3.929951031243050785e-01, 2.052899692089932282e-01
4.018787765716398952e-01, 3.929065260929306969e-01, 2.052146973354293802e-01
4.020428323581424213e-01, 3.928175945641790845e-01, 2.051395730776785498e-01
4.022070948402503565e-01, 3.927283092868968373e-01, 2.050645958728528340e-01
4.023715638217497115e-01, 3.926386710069043051e-01, 2.049897651713460112e-01
4.025362390961589321e-01, 3.925486804670384466e-01, 2.049150804368026491e-01
4.027011204467171313e-01, 3.924583384071941294e-01, 2.048405411460887116e-01
4.028662076463710440e-01, 3.923676455643672623e-01, 2.047661467892617493e-01
4.030315004577620930e-01, 3.922766026726954847e-01, 2.046918968695424779e-01
4.031969986332125111e-01, 3.921852104635015213e-01, 2.046177909032859399e-01
4.033627019147114079e-01, 3.920934696653340379e-01, 2.045438284199544987e-01
4.035286100339001703e-01, 3.920013810040098856e-01, 2.044700089620899441e-01
4.036947227120576409e-01, 3.919089452026552345e-01, 2.043963320852871246e-01
4.038610396600840757e-01, 3.918161629817477620e-01, 2.043227973581680235e-01
4.040275605784862667e-01, 3.917230350591578425e-01, 2.042494043623558908e-01
4.041942851573599449e-01, 3.916295621501898472e-01, 2.041761526924502634e-01
4.043612130763737933e-01, 3.915357449676236112e-01, 2.041030419560026510e-01
4.045283440047518497e-01, 3.914415842217557895e-01, 2.040300717734924163e-01
4.046956776012557433e-01, 3.913470806204409347e-01, 2.039572417783033775e-01
4.048632135141665422e-01, 3.912522348691323537e-01, 2.038845516167011596e-01
4.050309513812657136e-01, 3.911570476709237965e-01, 2.038120009478104344e-01
4.051988908298166381e-01, 3.910615197265896459e-01, 2.037395894435937160e-01
4.053670314765440708e-01, 3.909656517346262738e-01, 2.036673167888295999e-01
4.055353729276148789e-01, 3.908694443912929528e-01, 2.035951826810921683e-01
4.057039147786167255e-01, 3.907728983906522680e-01, 2.035231868307310066e-01
4.058726566145375858e-01, 3.906760144246108069e-01, 2.034513289608515241e-01
4.060415980097440425e-01, 3.905787931829604043e-01, 2.033796088072955255e-01
4.062107385279590255e-01, 3.904812353534179437e-01, 2.033080261186230031e-01
4.063800777222394967e-01, 3.903833416216664354e-01, 2.032365806560940680e-01
4.065496151349536902e-01, 3.902851126713952068e-01, 2.031652721936511308e-01
4.067193502977573538e-01, 3.901865491843402034e-01, 2.030941005179024705e-01
4.068892827315699345e-01, 3.900876518403248450e-01, 2.030230654281052760e-01
4.070594119465502092e-01, 3.899884213172997161e-01, 2.029521667361499915e-01
4.072297374420715821e-01, 3.898888582913834222e-01, 2.028814042665449680e-01
4.074002587066959946e-01, 3.897889634369022249e-01, 2.028107778564016972e-01
4.075709752181491674e-01, 3.896887374264306758e-01, 2.027402873554201290e-01
4.077418864432930667e-01, 3.895881809308315291e-01, 2.026699326258752654e-01
4.079129918381000364e-01, 3.894872946192958207e-01, 2.025997135426041429e-01
4.080842908476249309e-01, 3.893860791593828363e-01, 2.025296299929922050e-01
4.082557829059774712e-01, 3.892845352170605233e-01, 2.024596818769620610e-01
4.084274674362936564e-01, 3.891826634567448484e-01, 2.023898691069614397e-01
4.085993438507077302e-01, 3.890804645413400986e-01, 2.023201916079521157e-01
4.087714115503217061e-01, 3.889779391322792379e-01, 2.022506493173990283e-01
4.089436699251766671e-01, 3.888750878895624874e-01, 2.021812421852607899e-01
4.091161183542217361e-01, 3.887719114717986812e-01, 2.021119701739796382e-01
4.092887562052835437e-01, 3.886684105362439579e-01, 2.020428332584724429e-01
4.094615828350350872e-01, 3.885645857388422275e-01, 2.019738314261226297e-01
4.096345975889633673e-01, 3.884604377342649184e-01, 2.019049646767717143e-01
4.098077998013379131e-01, 3.883559671759498899e-01, 2.018362330227121693e-01
4.099811887951771983e-01, 3.882511747161424553e-01, 2.017676364886802909e-01
4.101547638822156672e-01, 3.881460610059343508e-01, 2.016991751118500376e-01
4.103285243628698731e-01, 3.880406266953033700e-01, 2.016308489418268401e-01
4.105024695262041168e-01, 3.879348724331534437e-01, 2.015626580406423840e-01
4.106765986498956966e-01, 3.878287988673542741e-01, 2.014946024827500848e-01
4.108509110001991593e-01, 3.877224066447806372e-01, 2.014266823550202035e-01
4.110254058319109394e-01, 3.876156964113525727e-01, 2.013588977567363492e-01
4.112000823883326661e-01, 3.875086688120749634e-01, 2.012912487995924815e-01
4.113749399012340269e-01, 3.874013244910765597e-01, 2.012237356076893302e-01
4.115499775908161295e-01, 3.872936640916507800e-01, 2.011563583175331460e-01
4.117251946656724781e-01, 3.871856882562942914e-01, 2.010891170780332859e-01
4.119005903227510590e-01, 3.870773976267476990e-01, 2.010220120505012698e-01
4.120761637473157601e-01, 3.869687928440340707e-01, 2.009550434086501691e-01
4.122519141129058484e-01, 3.868598745484999601e-01, 2.008882113385940804e-01
4.124278405812968340e-01, 3.867506433798542642e-01, 2.008215160388489295e-01
4.126039423024592256e-01, 3.866410999772077473e-01, 2.007549577203329716e-01
4.127802184145177300e-01, 3.865312449791136751e-01, 2.006885366063684561e-01
4.129566680437098403e-01, 3.864210790236068949e-01, 2.006222529326831816e-01
4.131332903043430371e-01, 3.863106027482437477e-01, 2.005561069474131597e-01
4.133100842987526558e-01, 3.861998167901420365e-01, 2.004900989111053355e-01
4.134870491172581985e-01, 3.860887217860206611e-01, 2.004242290967211959e-01
4.136641838381199254e-01, 3.859773183722394196e-01, 2.003584977896406272e-01
4.138414875274945559e-01, 3.858656071848391433e-01, 2.002929052876662452e-01
4.140189592393898055e-01, 3.857535888595817752e-01, 2.002274519010285303e-01
4.141965980156195881e-01, 3.856412640319894503e-01, 2.001621379523910449e-01
4.143744028857577755e-01, 3.855286333373854069e-01, 2.000969637768568732e-01
4.145523728670921226e-01, 3.854156974109336220e-01, 2.000319297219742831e-01
4.147305069645766951e-01, 3.853024568876787237e-01, 1.999670361477446090e-01
4.149088041707843511e-01, 3.851889124025864586e-01, 1.999022834266291626e-01
4.150872634658591687e-01, 3.850750645905834935e-01, 1.998376719435574767e-01
4.152658838174668188e-01, 3.849609140865977164e-01, 1.997732020959354649e-01
4.154446641807462703e-01, 3.848464615255987042e-01, 1.997088742936550809e-01
4.156236034982594973e-01, 3.847317075426375799e-01, 1.996446889591029505e-01
4.158027006999410191e-01, 3.846166527728877016e-01, 1.995806465271712238e-01
4.159819547030474962e-01, 3.845012978516850199e-01, 1.995167474452675116e-01
4.161613644121058830e-01, 3.843856434145681567e-01, 1.994529921733260436e-01
4.163409287188612473e-01, 3.842696900973195384e-01, 1.993893811838191588e-01
4.165206465022247562e-01, 3.841534385360056980e-01, 1.993259149617695458e-01
4.167005166282201079e-01, 3.840368893670175199e-01, 1.992625940047623445e-01
4.168805379499298525e-01, 3.839200432271115959e-01, 1.991994188229583851e-01
4.170607093074416016e-01, 3.838029007534506931e-01, 1.991363899391078440e-01
4.172410295277919623e-01, 3.836854625836444432e-01, 1.990735078885635667e-01
4.174214974249129129e-01, 3.835677293557905876e-01, 1.990107732192964995e-01
4.176021117995740717e-01, 3.834497017085158888e-01, 1.989481864919098730e-01
4.177828714393276854e-01, 3.833313802810172088e-01, 1.988857482796550780e-01
4.179637751184503425e-01, 3.832127657131023102e-01, 1.988234591684474306e-01
4.181448215978854077e-01, 3.830938586452317662e-01, 1.987613197568827705e-01
4.183260096251860682e-01, 3.829746597185596513e-01, 1.986993306562543082e-01
4.185073379344544375e-01, 3.828551695749756179e-01, 1.986374924905699724e-01
4.186888052462838239e-01, 3.827353888571455864e-01, 1.985758058965705619e-01
4.188704102676979457e-01, 3.826153182085541560e-01, 1.985142715237479261e-01
4.190521516920904799e-01, 3.824949582735457376e-01, 1.984528900343638380e-01
4.192340281991640549e-01, 3.823743096973665212e-01, 1.983916621034695349e-01
4.194160384548681897e-01, 3.822533731262066636e-01, 1.983305884189252022e-01
4.195981811113373983e-01, 3.821321492072416448e-01, 1.982696696814210402e-01
4.197804548068279629e-01, 3.820106385886749556e-01, 1.982089066044971370e-01
4.199628581656545956e-01, 3.818888419197801753e-01, 1.981482999145653401e-01
