,0,1,2
0,0.0,0.0,0.0
1,0.0,0.0,0.0
2,0.0,0.0,0.0
3,0.0,0.0,0.0
4,0.0,0.0,0.0
5,0.0,0.0,0.0
6,0.0,0.0,0.0
7,0.0,0.0,0.0
8,0.0,0.0,0.0
9,0.0,0.0,0.0
10,0.03338016028317999,0.0,0.0
11,0.07585133269046884,0.0,0.0
12,0.10938132780512944,0.0,0.0
13,0.13051311137634072,0.0,0.0
14,0.14763443496322368,0.0,0.0
15,0.1705192547606933,0.0,0.0
16,0.19601201078722164,0.0,0.0
17,0.22255646280876873,0.0,0.0
18,0.24943698870848816,0.0,0.0
19,0.2762846649382385,0.0,0.0
20,0.302791864254731,0.0,0.0
21,0.3286237002165953,0.0,0.0
22,0.3534349457845149,0.0,0.0
23,0.37691117741871977,0.0,0.0
24,0.39880003109917983,0.0,0.0
25,0.41892676964094244,3.0010312291567828e-05,0.0
26,0.43719701479864126,0.0001940255566405815,0.0
27,0.4535904902138279,0.0006696906895545274,0.0
28,0.4681492063445578,0.001642176718777494,0.0
29,0.48096303538563695,0.0032139049550395644,0.0
30,0.49215502256584287,0.005349660322850212,4.974107078121552e-06
31,0.5018680503121242,0.007884758384359144,4.105192661175239e-05
32,0.5102537489290199,0.010581891060858434,0.00017782324838081447
33,0.5174639584292566,0.013201698544978865,0.0005384510905736768
34,0.5236446430504146,0.015556930801337611,0.001281419568697741
35,0.5289319325079669,0.01753718232989326,0.002556112258328103
36,0.5334498716630555,0.019106891544823784,0.00445290119377678
37,0.5373094567911683,0.02028720924110302,0.006972170352629786
38,0.5406085826465574,0.021132869569484715,0.010024990065570026
39,0.5434325916017517,0.021711731166960024,0.013461397522435007
40,0.5458551863724052,0.022090433520347036,0.01711119069671193
41,0.5479395314799475,0.022326443471872806,0.0208208756611322
42,0.5497394215080408,0.022465108843650255,0.024476378356972577
43,0.5513004355978112,0.022539889101582423,0.02800919622378183
44,0.5526610284970787,0.02257417465201483,0.03138975090540214
45,0.5538535305641796,0.022583597037121053,0.03461425285474724
46,0.5549050443017127,0.02257820841319527,0.03769091413797181
47,0.5558382349719642,0.022564260994642718,0.04062926803651823
48,0.5566720190532644,0.02254553202288649,0.04343402675620986
49,0.5574221578605263,0.022524246507731917,0.046103153624137576
50,0.5581017654233402,0.022501687099361727,0.04862890377851938
51,0.5587217403115087,0.022478580270086687,0.05100038290267126
52,0.5592911309609379,0.022455332168709208,0.0532064174780047
53,0.5598174434863717,0.022432168256930094,0.0552379557140118
54,0.5603069001759622,0.022409213781948017,0.057089637747812186
55,0.5607646559792784,0.022386539084104668,0.0587604905184153
56,0.561194979408581,0.022364184606472784,0.060253892067683765
57,0.5616014034225514,0.022342174482129187,0.06157702912242356
58,0.5619868510790696,0.02232052383376197,0.0627400746117673
59,0.5623537400412065,0.02229924267604301,0.06375527249700441
60,0.5627040694012393,0.022278338009559955,0.06463606250549173
61,0.5630394917485514,0.022257814961739335,0.06539632399755044
62,0.5633613729429857,0.022237677427339377,0.06604977481357455
63,0.5636708416583546,0.022217928444663314,0.06660953019122373
64,0.563968830423646,0.022198570429607486,0.06708780787861185
65,0.5642561096044307,0.02217960533055397,0.06749575598069088
66,0.5645333155269362,0.02216103473687699,0.06784337708031957
67,0.564800973745759,0.022142859958483377,0.06813952328638102
68,0.5650595182874902,0.022125082086023512,0.06839194015336753
69,0.5653093075615695,0.02210770203742031,0.06860734155524145
70,0.5655506375121351,0.02209072059426695,0.06879150175070112
71,0.5657837524867322,0.022074138430489467,0.06894935459647139
72,0.5660088542163059,0.02205795613499167,0.06908509295765243
73,0.5662261092332362,0.02204217422956907,0.06920226379679295
74,0.5664356549979954,0.02202679318308339,0.06930385625071937
75,0.5666376049583862,0.022011813422674782,0.06939238131971837
76,0.5668320527266872,0.021997235342625758,0.06946994270043283
77,0.5670190755279936,0.021983059311364225,0.0695382988882446
78,0.5671987370465272,0.02196928567699277,0.06959891703957972
79,0.5673710897747173,0.02195591477165172,0.06965301928612432
80,0.567536176951682,0.021942946914960043,0.06970162228284363
81,0.567694034162701,0.021930382416727748,0.06974557078828766
82,0.5678446906588257,0.021918221579093098,0.06978556604662584
83,0.56798817044549,0.02190646469820592,0.06982218968557988
84,0.568124493180475,0.021895112065552967,0.06985592377610005
85,0.568253674914558,0.021884163969001093,0.0698871676269025
86,0.5683757287023585,0.021873620693618007,0.06991625181528104
87,0.5684906651060994,0.021863482522317786,0.06994344988811452
88,0.5685984926110337,0.02185374973636831,0.0699689881053958
89,0.5686992179680127,0.02184442261578993,0.06999305354360624
90,0.5687928464759655,0.02183550143966836,0.07001580082792441
91,0.5688793822148283,0.02182698648640003,0.07003735772029282
92,0.5689588282376157,0.02181887803388409,0.07005782975426901
93,0.5690311867288054,0.021811176359672366,0.0700773040767656
94,0.5690964591349514,0.02180388174108602,0.07009585263061706
95,0.5691546462724056,0.021796994455305904,0.07011353478980073
96,0.5692057484161667,0.021790514779442004,0.07013039954052637
97,0.5692497653731766,0.02178444299058629,0.07014648728578755
98,0.5692866965427995,0.021778779365852277,0.07016183133789108
99,0.5693165409667326,0.02177352418240397,0.07017645915255565
100,0.5693392973702153,0.021768677717476242,0.07019039334905977
101,0.5693549641960605,0.021764240248388227,0.07020365255333118
102,0.569363539632775,0.021760212052551058,0.07021625209455766
103,0.5693650216378079,0.021756593407470878,0.0702282045806549
104,0.5693594079567833,0.021753384590747927,0.07023952037357142
105,0.5693466961394246,0.02175058588007235,0.07025020798179825
106,0.5693268835527515,0.0217481975532171,0.07026027438445442
107,0.5692999673920287,0.021746219888028433,0.07026972529883707
108,0.5692659446898632,0.021744653162414144,0.07027856540126791
109,0.5692248123237706,0.02174349765432996,0.07028679850936537
110,0.5691765670224833,0.021742753641764014,0.07029442773246189
111,0.5691212053712186,0.021742421402719807,0.07030145559571951
112,0.5690587238160869,0.021742501215197555,0.07030788414253257
113,0.5689891186677938,0.021742993357174136,0.07031371501900781
114,0.568912386104753,0.021743898106581606,0.07031894954365314
115,0.5688285221757176,0.02174521574128444,0.07032358876486061
116,0.5687375228020076,0.02174694653905544,0.0703276335083186
117,0.5686393837794071,0.021749090777550408,0.07033108441611605
118,0.5685341007797834,0.021751648734281592,0.07033394197899345
119,0.5684216693524761,0.021754620686589888,0.07033620656294187
120,0.5683020849254967,0.021758006911615873,0.07033787843114063
121,0.5681753428065657,0.02176180768626965,0.07033895776205168
122,0.5680414381840151,0.021766023287199527,0.07033944466434536
123,0.5679003661275788,0.021770653990759503,0.07033933918921395
124,0.5677521215890857,0.021775700072975617,0.07033864134053203
125,0.5675966994030721,0.021781161809511174,0.07033735108324254
126,0.567434094287322,0.021787039475630755,0.07033546835028068
127,0.5672643008433492,0.021793333346163162,0.07033299304829271
128,0.5670873135568244,0.021800043695463192,0.07032992506236277
129,0.5669031267979568,0.021807170797372263,0.07032626425992171
130,0.5667117348218349,0.021814714925177944,0.07032201049398304
131,0.5665131317687278,0.021822676351572343,0.07031716360582432
132,0.5663073116643558,0.021831055348609393,0.07031172342721227
133,0.5660942684201269,0.021839852187660984,0.07030568978225227
134,0.5658739958333469,0.021849067139372028,0.07029906248892877
135,0.565646487587399,0.02185870047361439,0.07029184136039153
136,0.5654117372519011,0.021868752459439714,0.07028402620603272
137,0.5651697382828345,0.021879223365031134,0.07027561683239221
138,0.56492048402265,0.021890113457653928,0.07026661304392162
139,0.5646639677003509,0.021901423003605043,0.07025701464363254
140,0.564400182431549,0.021913152268161547,0.07024682143364946
141,0.5641291212185019,0.021925301515527962,0.07023603321568475
142,0.5638507769501224,0.021937871008782573,0.07022464979144986
143,0.5635651424019669,0.02195086100982261,0.07021267096301395
144,0.5632722102361987,0.021964271779308382,0.0702000965331201
145,0.5629719730015283,0.02197810357660633,0.07018692630546654
146,0.5626644231331287,0.021992356659731024,0.07017316008495955
147,0.5623495529525258,0.022007031285286093,0.07015879767794338
148,0.562027354667462,0.022022127708404116,0.0701438388924116
149,0.561697820371738,0.022037646182685444,0.07012828353820345
150,0.5613609420450231,0.022053586960135974,0.07011213142718825
151,0.5610167115526412,0.022069950291103927,0.07009538237344022
152,0.5606651206453295,0.022086736424215537,0.07007803619340591
153,0.5603061609589659,0.022103945606309756,0.07006009270606575
154,0.5599398240142702,0.022121578082371883,0.07004155173309125
155,0.5595661012164734,0.02213963409546623,0.07002241309899876
156,0.5591849838549565,0.022158113886667764,0.07000267663130097
157,0.558796463102858,0.02217701769499272,0.06998234216065687
158,0.5584005300166479,0.02219634575732823,0.06996140952102066
159,0.5579971755356692,0.02221609830836097,0.06993987854979034
160,0.5575863904816438,0.02223627558050478,0.06991774908795623
161,0.5571681655581443,0.022256877803827367,0.06989502098025008
162,0.5567424913500276,0.02227790520597598,0.06987169407529459
163,0.5563093583228325,0.02229935801210213,0.06984776822575421
164,0.5558687568221365,0.02232123644478538,0.06982324328848685
165,0.5554206770728762,0.022343540723956133,0.06979811912469702
166,0.5549651091786223,0.02236627106681753,0.06977239560009059
167,0.5545020431208163,0.022389427687766354,0.0697460725850309
168,0.5540314687579613,0.022413010798313045,0.06971914995469687
169,0.5535533758247689,0.022437020607000764,0.06969162758924283
170,0.5530677539312604,0.022461457319323565,0.06966350537396018
171,0.5525745925618192,0.022486321137643647,0.06963478319944114
172,0.5520738810741955,0.022511612261107698,0.0696054609617445
173,0.5515656086984605,0.02253733088556237,0.06957553856256346
174,0.5510497645359085,0.022563477203468862,0.06954501590939563
175,0.5505263375579044,0.02259005140381661,0.0695138929157152
176,0.5499953166046789,0.022617053672036144,0.06948216950114736
177,0.5494566903840644,0.022644484189911065,0.06944984559164497
178,0.5489104474701731,0.0226723431354892,0.0694169211196676
179,0.5483565763020163,0.022700630682992873,0.06938339602436297
180,0.5477950651820592,0.02272934700272841,0.06934927025175051
181,0.5472259022747149,0.022758492260994766,0.06931454375490775
182,0.5466490756047693,0.022788066619991387,0.06927921649415876
183,0.5460645730557403,0.02281807023772526,0.06924328843726546
184,0.5454723823681668,0.022848503267917143,0.06920675955962115
185,0.5448724911378244,0.02287936585990708,0.06916962984444677
186,0.5442648868138692,0.022910658158559086,0.0691318992829898
187,0.543649556696902,0.02294238030416511,0.06909356787472556
188,0.5430264879369566,0.022974532432348246,0.06905463562756152
189,0.5423956675314048,0.023007114673965205,0.06901510255804408
190,0.5417570823227782,0.02304012715500806,0.06897496869156818
191,0.5411107189965048,0.02307356999650527,0.06893423406258967
192,0.5404565640785538,0.023107443314422063,0.0688928987148406
193,0.5397946039329918,0.023141747219560013,0.06885096270154736
194,0.5391248247594425,0.023176481817456077,0.06880842608565167
195,0.5384472125904486,0.02321164720828084,0.0687652889400346
196,0.5377617532887347,0.02324724348673621,0.06872155134774362
197,0.5370684325443649,0.023283270741952425,0.06867721340222274
198,0.5363672358717945,0.02331972905738441,0.0686322752075457
199,0.5356581486068112,0.023356618510707597,0.06858673687865233
200,0.5349411559033619,0.023393939173713043,0.06854059854158828
201,0.5342162427302629,0.02343169111220206,0.06849386033374785
202,0.5334833938677894,0.023469874385880198,0.0684465224041203
203,0.532742593904139,0.023508489048250692,0.06839858491353953
204,0.5319938272317677,0.0235475351465074,0.06835004803493722
205,0.531237078043592,0.023587012721427134,0.06830091195359948
206,0.5304723303290558,0.023626921807261538,0.06825117686742727
207,0.5296995678700531,0.02366726243162845,0.06820084298720025
208,0.5289187742367073,0.02370803461540274,0.06814991053684466
209,0.5281299327829984,0.023749238372606722,0.06809837975370481
210,0.5273330266422359,0.023790873710300104,0.06804625088881866
211,0.5265280387223705,0.023832940628469426,0.06799352420719729
212,0.5257149517011407,0.0238754391199172,0.06794019998810859
213,0.5248937480210475,0.023918369170150496,0.06788627852536494
214,0.5240644098841544,0.02396173075726926,0.06783176012761544
215,0.5232269192467032,0.02400552385185417,0.06777664511864225
216,0.5223812578135429,0.02404974841685415,0.0677209338376617
217,0.521527407032364,0.024094404407473576,0.06766462663962974
218,0.5206653480877316,0.024139491771059104,0.06760772389555222
219,0.5197950618949114,0.024185010446986205,0.06755022599280011
220,0.5189165290934815,0.024230960366545436,0.06749213333542939
221,0.5180297300407226,0.024277341452828373,0.06743344634450638
222,0.5171346448047796,0.024324153620613357,0.06737416545843794
223,0.5162312531575866,0.02437139677625093,0.06731429113330736
224,0.5153195345675476,0.024419070817549113,0.06725382384321542
225,0.5143994681919646,0.02446717563365844,0.06719276408062738
226,0.5134710328692037,0.024515711104956803,0.06713111235672574
227,0.5125342071105932,0.024564677102934186,0.06706886920176874
228,0.5115889690920387,0.024614073490077153,0.06700603516545539
229,0.5106352966453535,0.024663900119753328,0.06694261081729655
230,0.5096731672492861,0.02471415683609564,0.06687859674699265
231,0.5087025580202419,0.02476484347388661,0.06681399356481815
232,0.5077234457026819,0.02481595985844245,0.06674880190201288
233,0.5067358066591919,0.02486750580549719,0.06668302241118051
234,0.5057396168602085,0.02491948112108674,0.0666166557666945
235,0.5047348518733896,0.024971885601432976,0.06654970266511152
236,0.5037214868526181,0.02502471903282777,0.06648216382559283
237,0.5026994965266238,0.02507798119151716,0.06641403999033366
238,0.5016688551872124,0.02513167184358546,0.06634533192500106
239,0.5006295366770848,0.025185790744839533,0.06627604041918034
240,0.49958151437723375,0.02524033764069311,0.06620616628683054
241,0.49852476119390166,0.025295312266051233,0.06613571036674908
242,0.49745924954508375,0.025350714345194866,0.06606467352304594
243,0.49638495134655947,0.025406543591665647,0.06599305664562799
244,0.49530183799743577,0.025462799708150814,0.06592086065069316
245,0.49420988036518265,0.025519482386368347,0.06584808648123582
246,0.4931090487701432,0.02557659130695235,0.06577473510756254
247,0.4919993129694981,0.025634126139338687,0.06570080752781976
248,0.4908806421406633,0.025692086541650838,0.06562630476853307
249,0.4897530048641003,0.02575047216058612,0.06555122788515877
250,0.4886163691055166,0.025809282631302215,0.0654755779626483
251,0.4874707021974314,0.025868517577303997,0.06539935611602571
252,0.48631597082008415,0.025928176610330776,0.06532256349097898
253,0.48515214098165926,0.025988259330243915,0.06524520126446565
254,0.4839791779977992,0.026048765324914843,0.0651672706453331
255,0.4827970464703812,0.026109694170113523,0.0650887728749544
256,0.4816057102655242,0.0261710454293974,0.06500970922788006
257,0.4804051324907991,0.026232818654000803,0.0649300810125065
258,0.4791952754716077,0.02629501338272489,0.06484988957176178
259,0.4779761007266992,0.02635762914182807,0.06476913628380947
260,0.4767475689427867,0.026420665444917085,0.06468782256277114
261,0.4755096399482291,0.02648412179283856,0.06460594985946856
262,0.4742622726857389,0.026547997673571258,0.06452351966218614
263,0.4730054251840754,0.02661229256211891,0.06444053349745461
264,0.4717390545286828,0.026677005920403736,0.06435699293085696
265,0.4704631168312259,0.02674213719716065,0.06427289956785719
266,0.4691775671979802,0.02680768582783215,0.06418825505465327
267,0.4678823596970249,0.026873651234463964,0.06410306107905525
268,0.4665774473241903,0.026940032825601447,0.06401731937138941
269,0.46526278196770376,0.0270068299961868,0.06393103170542985
270,0.46393831437147787,0.027074042127457034,0.06384419989935858
271,0.46260399409698444,0.027141668586842842,0.0637568258167555
272,0.4612597694836478,0.02720970872786828,0.06366891136761946
273,0.45990558760769573,0.027278161890051365,0.06358045850942193
274,0.45854139423939655,0.027347027398805613,0.06349146924819479
275,0.4571671337986119,0.02741630456534246,0.06340194563965362
276,0.45578274930858714,0.027485992686574673,0.06331188979035832
277,0.4543881823479012,0.027556091045020815,0.06322130385891271
278,0.4529833730004896,0.02762659890871062,0.063130190057205
279,0.45156825980365284,0.02769751553109153,0.06303855065169084
280,0.45014277969395555,0.02776884015093621,0.06294638796472138
281,0.44870686795091824,0.027840571992251213,0.06285370437591806
282,0.4472604581383968,0.02791271026418675,0.06276050232359662
283,0.44580348204353987,0.027985254160947645,0.0626667843062426
284,0.4443358696132077,0.028058202861705416,0.06257255288404104
285,0.44285754888773066,0.028131555530511592,0.06247781068046271
286,0.44136844593187663,0.02820531131621226,0.06238256038390993
287,0.43986848476289164,0.028279469352363865,0.0622868047494249
288,0.43835758727546703,0.028354028757150273,0.06219054660046354
289,0.43683567316348326,0.02842898863330119,0.06209378883073819
290,0.4353026598383644,0.028504348068011883,0.06199653440613287
291,0.4337584623438759,0.028580106132864228,0.06189878636669444
292,0.43220299326718015,0.02865626188374921,0.06180054782870382
293,0.4306361626459607,0.02873281436079083,0.06170182198683136
294,0.42905787787140975,0.028809762588271393,0.06160261211638071
295,0.42746804358686247,0.02888710557455832,0.061502921575625785
296,0.4258665615818499,0.028964842312032425,0.06140275380824588
297,0.42425333068132637,0.029042971777017704,0.06130211234586404
298,0.422628246629813,0.02912149292971267,0.061201000810694205
299,0.4209912019701838,0.029200404714123298,0.06109942291830299
300,0.4193420859168006,0.029279706057997464,0.060997382480492454
301,0.41768078422268967,0.0293593958727611,0.060894883408310285
302,0.4160071790404275,0.029439473053455952,0.060791929715194454
303,0.4143211487763863,0.029519936478678982,0.060688525520259815
304,0.4126225679379644,0.029600785010523538,0.060584675051734614
305,0.41091130697340444,0.029682017494522123,0.06048038265055517
306,0.4091872321037741,0.029763632759591017,0.060375652774127805
307,0.4074502051466577,0.029845629617976627,0.06027049000026749
308,0.405700083331074,0.02992800686520359,0.06016489903132333
309,0.40393671910310813,0.03001076328002475,0.060058884698501694
310,0.40215995992170395,0.030093897624372923,0.05995245196639844
311,0.4003696480440312,0.030177408643314568,0.05984560593775257
312,0.398565620299797,0.030261295065005297,0.05973835185843426
313,0.39674770785383057,0.030345555600647323,0.05963069512268128
314,0.3949157359562207,0.030430188944448842,0.05952264127859859
315,0.39306952367923587,0.030515193773585324,0.05941419603393709
316,0.3912088836402002,0.03060056874816285,0.059305365262168376
317,0.3893336217094409,0.030686312511183395,0.0591961550088736
318,0.38744353670235887,0.03077242368851211,0.05908657149846586
319,0.3855384200546003,0.030858900888846744,0.05897662114126693
320,0.38361805547923883,0.030945742703689008,0.058866310540960136
321,0.3816822186047897,0.031032947707318098,0.058755646502443554
322,0.37973067659279386,0.031120514456766297,0.05864463604010865
323,0.37776318773361234,0.031208441491796707,0.05853328638657167
324,0.37577950101896607,0.03129672733488312,0.05842160500188703
325,0.3737793556896475,0.031385370491192076,0.058309599583274
326,0.3717624807567047,0.03147436944856705,0.05819727807539032
327,0.36972859449426715,0.03156372267751488,0.05808464868118887
328,0.3676774039020376,0.031653428631194476,0.05797171987339613
329,0.36560860413531976,0.0317434857454076,0.05785850040665423
330,0.3635218779002743,0.03183389243859209,0.05774499933037138
331,0.36141689481191946,0.03192464711181723,0.05763122600232895
332,0.35929331071217924,0.032015748148781505,0.05751719010309732
333,0.3571507669450691,0.03210719391581257,0.05740290165131617
334,0.3549888895858649,0.03219898276186964,0.05728837101989992
335,0.3528072886208373,0.032291113018548104,0.05717360895323322
336,0.3506055570738506,0.03238358300008666,0.05705862658542672
337,0.348383270075806,0.03247639100337666,0.05694343545970901
338,0.34613998387257416,0.032569535307973935,0.05682804754903659
339,0.3438752347666821,0.03266301417611298,0.05671247527801051
340,0.3415885379876149,0.032756825852723596,0.05659673154619531
341,0.339279386485145,0.03285096856544991,0.05648082975294397
342,0.3369472496396117,0.03294544052467188,0.056364783823840976
343,0.3345915718825448,0.03304023992352921,0.05624860823888524
344,0.33221177122043594,0.033135364937947775,0.056132318062544276
345,0.3298072376538276,0.033230813726668494,0.056015928975822936
346,0.32737733148319087,0.033326584431278686,0.05589945731050131
347,0.32492138149229965,0.03342267517624593,0.05578292008571051
348,0.32243868299897543,0.033519084068954506,0.055666335047029086
349,0.3199284957621692,0.03361580919974418,0.055549720708298805
350,0.3173900417333533,0.03371284864195171,0.055433096396376114
351,0.31482250263911604,0.03381020045195473,0.05531648229905448
352,0.3122250173806746,0.033907862669218296,0.0551998995164138
353,0.30959667923474626,0.034005833316343895,0.05508337011587579
354,0.3069365328388334,0.03410411039912108,0.05496691719126946
355,0.3042435709424791,0.03420269190658159,0.05485056492623815
356,0.301516730904444,0.034301575811056105,0.054734338662349696
357,0.2987548909140228,0.034400760068233525,0.054618264972304355
358,0.2959568659128793,0.0345002426172229,0.0545023717386712
359,0.2931214031918257,0.034600021380617824,0.054386688238623374
360,0.2902471776349204,0.034700094264563525,0.054271245235186186
361,0.28733278658113603,0.0348004591588265,0.05415607507555941
362,0.2843767442716666,0.034901113936866714,0.05404121179712747
363,0.2813774758487702,0.0350020564559124,0.0539266912418284
364,0.27833331086992324,0.03510328455703751,0.05381255117961473
365,0.2752424762990968,0.03520479606524167,0.053698831441807704
366,0.2721030889352804,0.03530658878953277,0.053585574065221075
367,0.2689131472371291,0.03540866052301217,0.053472823448011575
368,0.26567052250205064,0.03551100904296242,0.053360626518301424
369,0.26237294935845584,0.03561363211093766,0.05324903291671457
370,0.2590180155317116,0.035716527472856516,0.05313809519407141
371,0.25560315084807383,0.03581969285909764,0.05302786902559879
372,0.2521256154472781,0.03592312598459778,0.05291841344313189
373,0.24858248718445722,0.03602682454895248,0.052809791086912514
374,0.24497064821688397,0.03613078623651925,0.05270206847872362
375,0.24128677079230468,0.03623500871652342,0.052595316318242026
376,0.23752730228544972,0.03633948964316644,0.05248960980463845
377,0.23368844957037668,0.03644422665573676,0.0523850289856044
378,0.22976616287212617,0.036549217378723284,0.052281659136134806
379,0.2257561193162089,0.03665445942193133,0.052179591169540185
380,0.22165370649434987,0.03675995038060103,0.05207892208329448
381,0.21745400649677024,0.036865687835528425,0.051979755442436604
382,0.213151781033809,0.03697166935318884,0.05188220190332153
383,0.20874145849334955,0.03707789248586292,0.05178637978054463
384,0.20421712406749534,0.037184354771765085,0.05169241565981727
385,0.19957251444555407,0.03729105373517436,0.05160044505942364
386,0.19480101902377023,0.03739798688656781,0.051510613142597014
387,0.18989569013538715,0.03750515172275632,0.05142307548266667
388,0.1848492654588032,0.03761254572702278,0.051337998882074534
389,0.1796542064990771,0.03772016636926273,0.0512555622452523
390,0.17430275780418292,0.03782801110612738,0.051175957503766606
391,0.16878860453153713,0.037936576578105875,0.05109938958238913
392,0.16331146530341262,0.038111571337529446,0.05102595198489007
393,0.1576112850521168,0.038206976796622105,0.05095604720155475
394,0.1516893000445729,0.03830518543977307,0.05088992206501378
395,0.14557184824441533,0.03841413615623216,0.05082782948139914
396,0.13922707467175288,0.03851486151260328,0.05077007455267094
397,0.13321289153877028,0.03879917265786138,0.05071671456606736
398,0.1282841543719778,0.039334606749132424,0.05066784069953247
399,0.12524796251388673,0.04014261993204928,0.050623694403505434
400,0.12411386452665563,0.04096428526524307,0.05058497767171468
401,0.12516398974603302,0.04159584057343224,0.05055262960519702
402,0.1254265177513381,0.04183463786611837,0.0505276468237646
403,0.1252756057873801,0.04190361093851031,0.05051069210893327
404,0.124693535925309,0.04196607149006213,0.05050228336099326
405,0.1242784989069654,0.04212678376095568,0.05050294194144002
406,0.12473275081131989,0.04249056503875191,0.050513300903681536
407,0.12511166044791333,0.042832392650723784,0.05053406877324245
408,0.12478844741616099,0.04289763497621295,0.0505657302177242
409,0.12470213670150657,0.04312104568756987,0.050608873375846686
410,0.12456189721457443,0.04328802022999581,0.05066388895582113
411,0.12458331216126295,0.04351143619774787,0.05073113542961094
412,0.12458073180684716,0.043727137240372596,0.05081070524213932
413,0.12461087763764497,0.043955046528439644,0.05090245228454939
414,0.12465066012886544,0.04418742373197886,0.05100590603424907
415,0.1245789676228839,0.044381425752884215,0.05112014286292869
416,0.12447296564438004,0.04456403658265594,0.051243944542433036
417,0.12451625221837347,0.0448011030801131,0.0513760196457322
418,0.12451836542707087,0.04502483561642227,0.05151477595471071
419,0.12441796347823278,0.045212675914979614,0.051658575864581044
420,0.12468667190708928,0.04553615484791236,0.051806506374864156
421,0.12481301452146848,0.045810257565922885,0.05195733606741789
422,0.12472433116538716,0.04600716240827147,0.0521100052667189
423,0.12471584258084714,0.04623472327121239,0.05226405811006705
424,0.12463510743109128,0.04643670847428951,0.052419051429108174
425,0.1247034474033739,0.046695398564034395,0.052574955990159766
426,0.12469697557154244,0.04692755949724159,0.05273155497115987
427,0.12467095105702511,0.047153363773378656,0.052888753162550324
428,0.12456992034655988,0.04735135613474036,0.05304641453601861
429,0.12468999613687391,0.047633852940271705,0.05320479004960107
430,0.12476621655527376,0.047900607840881605,0.053363791753445675
431,0.12489357123513892,0.04818781301973758,0.05352342644410829
432,0.12497184763728825,0.04845700357809269,0.05368352616771437
433,0.12474364690223275,0.048607611117310254,0.053843533091460644
434,0.12439023015211718,0.0487084211892238,0.0540030707480368
435,0.12472052997440972,0.049076934264528714,0.05416278316331093
436,0.12455454887435893,0.04925193879627231,0.05432182814074915
437,0.12476254314737033,0.04957551387542517,0.054480546066448934
438,0.12506443122174574,0.049938814667801625,0.05463900534148268
439,0.12478670277202115,0.05004653618701537,0.05479642608313566
440,0.12484488176622163,0.05034075528898299,0.05495349590362298
441,0.12493137668364097,0.0506221608562442,0.05511029611409091
442,0.1249430231791459,0.050874692136150736,0.055266864279449025
443,0.12480205535201791,0.05106596686677633,0.05542312853321547
444,0.1248507433657107,0.051335577601535606,0.05557942470820608
445,0.12471146416823807,0.05152903111384246,0.055735591919736226
446,0.12460808263409787,0.05173775210057639,0.05589172691697638
447,0.1248572593828764,0.052094102450532746,0.056048304566698404
448,0.12469751989039517,0.05228160775811783,0.056204831432881644
449,0.12475717047468449,0.05256163830122866,0.05636159263818268
450,0.12485835481265259,0.052860705080124325,0.056518645252660454
451,0.1248208097813629,0.05310246456690119,0.056675815246938856
452,0.12492493576702758,0.053405642285004565,0.0568332760300312
453,0.12487181373184376,0.05364303641631355,0.056990818438365745
454,0.12474138780961348,0.05384787070306597,0.05714832860684744
455,0.12474544326792447,0.054111389569466636,0.05730595896071844
456,0.12482031229944489,0.054406996654879664,0.05746378522221953
457,0.12471821163247211,0.05462672072129689,0.05762157540908955
458,0.12487832107754254,0.054962327422337434,0.05777965867787864
459,0.12469183001038926,0.055146783602183405,0.05793759798815784
460,0.12465976930160545,0.05539976919222325,0.05809559181197385
461,0.12476946360904964,0.05571695736712033,0.058253821153972915
462,0.12485292633454866,0.056024201087378316,0.05841224882177186
463,0.12475583425723176,0.056251707973057896,0.05857063481335889
464,0.12461876659134354,0.0564616261253898,0.05872891459215304
465,0.12459307033263933,0.05672250409198116,0.058887220971192505
466,0.12466328340900368,0.05702820468899773,0.05904567744515618
467,0.12495989141316247,0.057439544129287555,0.05920458168772167
468,0.12502478622592564,0.05774691215541173,0.05936364801988329
469,0.12486975557975993,0.05794225164470648,0.05952256343888235
470,0.12470285180592947,0.05815511712350298,0.05968136197231256
471,0.12458866039960535,0.05838125426295013,0.059840058928719034
472,0.12460171436591515,0.058667646497856975,0.059998796873354306
473,0.12468117480793202,0.058986675364824694,0.06015764632054832
474,0.12468307684353241,0.059270560506618275,0.06031650182744818
475,0.124431734830274,0.059434698621291526,0.060475041977677065
476,0.12406297890455072,0.05954191929055152,0.060633125887441616
477,0.12420728957637563,0.05989504626883827,0.06079142004607552
478,0.12479800228189328,0.0604664100833202,0.060950504415714785
479,0.12508438892441226,0.06089474257084745,0.06110999563523655
480,0.12508449273556416,0.061144903753464035,0.06126941660947761
481,0.12480490831519833,0.061299657074367825,0.06142850565402277
482,0.12470148251926241,0.061582428668138955,0.061587577961477326
483,0.12465012459742403,0.061850123487692046,0.061746573583077946
484,0.12458049239605112,0.06210945200740499,0.06190545500494848
485,0.12470951517054132,0.06246898101392027,0.06206447115515932
486,0.12475096104403816,0.06278668706888309,0.06222351502733395
487,0.12471523914198714,0.06306693989325877,0.062382496050362515
488,0.12471275412257338,0.06336478050976711,0.06254145992878793
489,0.1248326502723711,0.06372585411636618,0.0627005596955988
490,0.12466307477890794,0.06394020894941684,0.06285942253308673
491,0.12475760912620648,0.06429056477968559,0.0630183833874665
492,0.12493379122627395,0.06468507743777015,0.06317754170254072
493,0.12475663987946868,0.06489822800375702,0.06333643653301693
494,0.12459494793743181,0.06511926503059129,0.06349507787075476
495,0.12458295226533886,0.06541873910160824,0.06365365663179817
496,0.12498191021877555,0.06593594471031078,0.06381270358691464
497,0.12491156981620057,0.06620845755155273,0.06397161827995554
498,0.12496013571873708,0.06654490504484235,0.06413052367766497
499,0.12494966905570425,0.0668512007435238,0.06428930525080803
500,0.12488692330352825,0.06713046350912966,0.06444787814649011
501,0.12470029619260507,0.06734350631750907,0.06460610335832383
502,0.12462670621162827,0.06761756005598644,0.0647641633790339
503,0.12457242399355375,0.06790273201648776,0.06492211113233966
504,0.12465022303810874,0.06826094324660217,0.06508011495718387
505,0.12473115320428163,0.06862244000933762,0.06523816979892359
506,0.12512154200096967,0.06915628429623086,0.06539668556695988
507,0.12519513314569464,0.06945056870489259,0.06555514479879396
508,0.12493483770336124,0.06958595864842898,0.06571317071813032
509,0.1248165376571648,0.06995001993978217,0.06587117954929275
510,0.12501950935966796,0.07038681173125645,0.06602920404952081
511,0.12486162814425723,0.07061124196824785,0.06618671636405257
512,0.12489668771123202,0.07096724495519917,0.06634405745439084
513,0.12492473816915659,0.07130964694219043,0.06650127376231622
514,0.12486039638335972,0.07160026752648042,0.06665830914965427
515,0.1249294678173154,0.07196815766536788,0.06681534339887663
516,0.12481666690808808,0.0722320146255145,0.06697211771194629
517,0.12504164457807818,0.0726921656029686,0.06712902183544713
518,0.1250656272093837,0.07301359656317445,0.06728573550738157
519,0.12498329000597584,0.0732839777259131,0.06744213292377767
520,0.12481982904657715,0.07355942217746615,0.06759822893600766
521,0.12478715450719544,0.07387369072114551,0.06775411412310751
522,0.12483953733075717,0.07423916142203049,0.06790986724677667
523,0.1249534485837751,0.0746426507486271,0.06806555493399294
524,0.12454151619895153,0.07473247662052883,0.06822056952906251
525,0.12437400836223846,0.07496720654795999,0.06837526349480796
526,0.12481532757767207,0.07557031549829961,0.06853032260306459
527,0.12484218870788141,0.0759258421654838,0.0686851500501224
528,0.12478303970175367,0.0762300621211702,0.06883961900654542
529,0.12451840074638393,0.07640879806724703,0.06899349948526665
530,0.12482153692038651,0.07693636433891794,0.06914753834879195
531,0.12474417831141431,0.07723164816868316,0.06930134073253848
532,0.12495507932774706,0.0777062470641144,0.06945531106319143
533,0.12497384590614487,0.07806342541555915,0.0696092110428096
534,0.12502702770879434,0.07844382915220051,0.06976301847800864
535,0.12502382629921058,0.0787732743464109,0.06991654948082901
536,0.12487650358473823,0.07903079309631063,0.07006949367648253
537,0.12473762790950063,0.07930638496457626,0.07022188860822925
538,0.12469605447809216,0.07962887717035234,0.07037405609899214
539,0.12473429147589617,0.0800043998901395,0.07052612945328064
540,0.12484269504043215,0.08042614137209902,0.07067804053390186
541,0.12460874602401284,0.0806273416820584,0.07082943840578998
542,0.12478224198829323,0.08109291838737638,0.07098081577972105
543,0.12491733777103428,0.08153555500721531,0.07113209509663777
544,0.1247113859251704,0.08175568395518909,0.0712829003861252
545,0.12488832087046714,0.08222823846132224,0.07143365105626959
546,0.12481206260386445,0.08253531290849642,0.0715840989144167
547,0.12465255858743589,0.08278714045904531,0.07173398233783422
548,0.12446660229403844,0.08302024247732598,0.07188333983549271
549,0.1245209093228943,0.08341443223687221,0.07203257943028006
550,0.12488034200837377,0.08401646689707498,0.07218209275763154
551,0.12501502642635187,0.08446931384956771,0.07233154592090935
552,0.125052324165467,0.08484735776372615,0.07248071463360443
553,0.12489879340577108,0.08508093550466597,0.07262938189689477
554,0.12487816137307216,0.08546649603652831,0.07277812245716762
555,0.12478557942111856,0.0857672909996803,0.07292653898328416
556,0.12490711634873247,0.08621666306869105,0.07307451867743245
557,0.12483861594934013,0.08653565773731427,0.07322210125358476
558,0.12469696619356108,0.08680346130325016,0.07336933391750171
559,0.12459377967804738,0.08709727667349147,0.07351622461898165
560,0.12478520894673888,0.08759847063211185,0.07366287148712297
561,0.12481127243733052,0.08798525175888537,0.07380919444877025
562,0.12458313105931595,0.08819251957733279,0.07395481699384215
563,0.12475871821326168,0.08868636318539988,0.07410031785834707
564,0.1251695625108955,0.08935110746213486,0.07424600992975837
565,0.12534563239777813,0.08972927901601056,0.07439148997427827
566,0.1251855778959582,0.08986074343933736,0.07453632165530259
567,0.12520113646154613,0.09036132671860765,0.07468095247688608
568,0.12512537329226245,0.09066980336307755,0.07482504724343189
569,0.12503219672792326,0.09103204552725146,0.0749688188469899
570,0.12493432318031318,0.09140440411405822,0.07511225203260014
571,0.12463253570083677,0.09158225157096478,0.07525499087987282
572,0.12466796670959608,0.09198366832074413,0.07539746774466298
573,0.12445886431938367,0.09220367259762027,0.0755394206667231
574,0.12509176707095707,0.09305093362189375,0.07568183150781502
575,0.12512911038597382,0.09338970917686897,0.07582396893637935
576,0.12506079267419176,0.09369006339122561,0.07596567920310057
577,0.12503328745121836,0.09410090994073554,0.07610697859019766
578,0.12497217878908717,0.09445638392465974,0.0762477290685782
579,0.12508501560062157,0.09494926551096713,0.07638823126924589
580,0.12518510165597324,0.09534420364475607,0.07652845277028664
581,0.12505221875837705,0.09554955093741939,0.07666814023936973
582,0.12495111254763587,0.09595714791867921,0.07680755879641347
583,0.12466627869145978,0.09616052634708612,0.07694639500067674
584,0.1252770824588895,0.09701767362280894,0.07708560577951108
585,0.12498012557152707,0.09695686821139138,0.07722389418387506
586,0.12458081562377768,0.09724491078549424,0.07736173976662251
587,0.12434243460358207,0.09744087827612663,0.07749896403771347
588,0.12478739396739572,0.09817443657105182,0.07763629791176511
589,0.12520907362979034,0.09889444181015634,0.07777369225209342
590,0.12553803545302888,0.09937909756614977,0.07791076164572218
591,0.12532476593819203,0.09933678615952604,0.07804677690421118
592,0.12489096105061409,0.09954774068310161,0.07818217412258505
593,0.12478891348131688,0.1001139979761255,0.07831750627263014
594,0.1246299021048024,0.10037507455626701,0.07845235939369491
595,0.12461890867586262,0.10075522497104511,0.0785868869237891
596,0.12479249782801402,0.10128550090175885,0.07872130909416256
597,0.12493916905516837,0.10179510971781874,0.07885560660987893
598,0.12503901266226414,0.1022679509855093,0.07898969213150839
599,0.12464716429918038,0.10230566960439508,0.07912291784276837
600,0.12417031252870182,0.10233445723657904,0.07925521206504232
601,0.12441505300377322,0.10292586498565486,0.07938730695397542
602,0.12477780404447256,0.10361831282986615,0.07951938148366429
603,0.12496997534914188,0.10417211150043586,0.07965128661301063
604,0.1251129684693248,0.10468670680375303,0.07978296319630955
605,0.12490407249473158,0.10481133555981682,0.07991392547511826
606,0.12492140792674598,0.10531567541268297,0.08004467713332557
607,0.12474786362814956,0.10556444532113443,0.08017492391179999
608,0.12491598151619938,0.1061034582358078,0.08030501498063755
609,0.12447843357677447,0.10612638117404147,0.08043430829931741
610,0.124837012561415,0.10682785269468147,0.08056365232706328
611,0.12485062017684392,0.10723554259963197,0.08069271375960543
612,0.12499710310805431,0.10775859485416325,0.08082158245847955
613,0.125197894209298,0.10833081712314246,0.0809502031078465
614,0.12527853818191578,0.10862856211457603,0.08107819165848817
615,0.1252294981844171,0.10891468708733873,0.08120560388906273
616,0.12520612647312546,0.10933620975455005,0.08133271895429658
617,0.12527933796408275,0.10982074229688235,0.0814596633537011
618,0.12539868164489965,0.11026175152883988,0.08158634934769493
619,0.12533295572398379,0.11049832195924311,0.08171247858211818
620,0.1251450575321073,0.11078927741804556,0.0818380692410125
621,0.12496398848083329,0.11119442654040447,0.08196323777252974
622,0.12481534731606993,0.11159054445832907,0.08208800928273559
623,0.12498600008513322,0.11214351741780493,0.0822126290355281
624,0.12501262892543488,0.11256819148839317,0.08233698948420227
625,0.12508603905942303,0.11302415874483067,0.08246106725538686
626,0.12519252292136884,0.11345584158263754,0.08258472386481483
627,0.12530879875044423,0.11386709300296022,0.08270787237809364
628,0.12577844712801503,0.11459337715660332,0.08283087590844104
629,0.12602377071539977,0.1147926106117565,0.08295324050148954
630,0.12588817213239473,0.11484536802567376,0.08307487089074786
631,0.12559813650452534,0.1151038314063418,0.08319600738743027
632,0.12512975386626082,0.11533848667028519,0.08331662000583667
633,0.12522726000271972,0.11626463022863422,0.083437400127093
634,0.1252219167284903,0.11657121606751111,0.08355765697382472
635,0.1251094574840467,0.11687273481458066,0.08367734817325494
636,0.1253033821794527,0.11756242118944335,0.0837968599119167
637,0.12523663920044084,0.11772011090984727,0.08391567859772457
638,0.1249785308417012,0.1179416131911725,0.08403391278827248
639,0.12480482776901011,0.11840343582347708,0.08415182743168487
640,0.12530084202659067,0.11927893078729085,0.08426983254113088
641,0.12513790332525723,0.11924030810003633,0.08438702938780049
642,0.12522483233484324,0.11988256415900503,0.0845041015241187
643,0.12478337872306508,0.11977722039610807,0.0846203249687174
644,0.1245447710447217,0.12016431786704199,0.08473616714675163
645,0.1248688174766919,0.12087920898420317,0.0848519175568139
646,0.12505486547697447,0.12146291631833961,0.08496742247871739
647,0.12494333303572487,0.12170396160946274,0.08508233800496735
648,0.12486194063817765,0.12208041056168514,0.0851967849616504
649,0.12480574995032742,0.12242777892699991,0.08531073506579154
650,0.12502060936071469,0.12304238217285683,0.08542444390168917
651,0.12484276203118072,0.12325046096442263,0.08553757327273527
652,0.12486491493328437,0.12369575883410709,0.08565040873684697
653,0.1248815109771642,0.12411495272106154,0.08576297722880571
654,0.12471173381156597,0.12434798026577887,0.08587509907165364
655,0.12422263664532725,0.12425941520172756,0.08598642448011655
656,0.12439283711726601,0.12482900329807171,0.08609748480438949
657,0.12420949947409142,0.1250435225153072,0.08620794807504445
658,0.12394737884570692,0.12522000552724014,0.08631776795154666
659,0.12329481196335103,0.12513057943439204,0.08642663697211639
660,0.12285195654790079,0.12498251159225407,0.08653476207940225
661,0.12250638172794617,0.12488870175907366,0.08664221198715753
662,0.12202651925387553,0.12478506063545247,0.0867488660468057
663,0.1216395987027967,0.12477256367211118,0.08685481035057775
664,0.12145057075730652,0.12496042939426989,0.08696025501044535
665,0.12118368231781985,0.1250663471089017,0.08706516382808267
666,0.12084681810700995,0.12516427911968397,0.08716946741366893
667,0.12028811313547676,0.12506072411870225,0.08727293530414348
668,0.11969744721600514,0.12471782023387486,0.08737550671693776
669,0.11931069806360124,0.1246263014136161,0.08747736287909678
670,0.11935917771164489,0.12504933845556424,0.08757890204252636
671,0.11943051707207396,0.1255467275972009,0.08768015689738516
672,0.11927137233422175,0.12624995494949273,0.08778093925546458
673,0.11873606114094586,0.12675975437433679,0.08788102840640845
674,0.11823485085435939,0.1271081159982262,0.08798051301486935
675,0.11771252390142359,0.12726890720812836,0.08807928264269824
676,0.11700221138737621,0.12703737834904424,0.08817713100034748
677,0.11624296489589145,0.1263551573145244,0.08827391558000437
678,0.11600223039145777,0.12577281803789203,0.08837003325194752
679,0.11584988490468302,0.12538375672592916,0.0884658692826533
680,0.11558285921849651,0.12506332188556274,0.08856149842841572
681,0.11524940432087322,0.12473809208556379,0.08865685111887982
682,0.11493365574188873,0.12468729186235475,0.08875195586215652
683,0.11463230565311189,0.1247139122198432,0.08884681652321617
684,0.1143352311506226,0.1247438141869591,0.08894142898974926
685,0.11402982136049813,0.12476291626343143,0.08903576486882794
686,0.11372018149035758,0.12477523211865135,0.08912979378169397
687,0.11340245029352224,0.12477635652264918,0.0892234922433754
688,0.11308410092444429,0.12477447821794864,0.08931686804605184
689,0.11276009785484112,0.12476395711310825,0.08940994705538148
690,0.11243484615575965,0.12474955603377598,0.08950275266104327
691,0.1121094036661916,0.12473246592673369,0.08959526871897733
692,0.11178269783919445,0.12471159107651837,0.0896874319981652
693,0.111457040789046,0.12468962157435651,0.08977917232774404
694,0.11113306301391308,0.12466736213696601,0.08987046408373431
695,0.11080016859373816,0.12463293042382398,0.08996133926545716
696,0.1104528430971411,0.12457995994708851,0.09005186854115108
697,0.11010001853437483,0.12451830893613676,0.09014213295731015
698,0.1098066253004819,0.12452157538337012,0.09023224270229858
699,0.10950411209683346,0.12451235348112755,0.09032221302801335
700,0.10919441594883081,0.12449273829289069,0.09041201311944287
701,0.10888034833455681,0.12446587092936576,0.0905015763544729
702,0.108541040496332,0.12440774849020864,0.09059081472418948
703,0.10826829512843592,0.12442376023904002,0.09067974392957556
704,0.10835285400660595,0.12485029517154932,0.09076865009374946
705,0.10808776594841323,0.12487353920347256,0.0908572532351427
706,0.1076142292305336,0.12465303125602385,0.09094538854353763
707,0.10734333157029698,0.12466446810410643,0.09103322376777473
708,0.1073198328021186,0.12496252932065323,0.09112096195797884
709,0.10717250222834196,0.12511610923754923,0.0912085039324355
710,0.10662398553167804,0.12491454252787146,0.09129552577289701
711,0.10641919011408763,0.12487999195323915,0.09138231175903494
712,0.10608622694858598,0.124808812459126,0.09146876044184526
713,0.10586928651010656,0.12487215119529785,0.09155496895320368
714,0.10569057770039292,0.12497935029121306,0.09164097027206639
715,0.10506333485088387,0.12455258613306903,0.09172640101508348
716,0.10492172812567972,0.12469845958796062,0.09181165746525674
717,0.10477647716740049,0.1248391009218802,0.09189673849682772
718,0.10448819829031847,0.12480784990833163,0.09198153078447424
719,0.10445483914251197,0.12508019437906884,0.09206624322335474
720,0.1041545103818467,0.12511176239266805,0.09215065842746262
721,0.10383922401006554,0.12507428862048822,0.0922347607683265
722,0.10348628002296742,0.12491988233655854,0.09231851298293423
723,0.10331867789840288,0.12495045170249533,0.09240206144793031
724,0.1031066066022753,0.12499998349712249,0.09248536683951439
725,0.10311767121734412,0.12531933029203077,0.09256859593276946
726,0.10250432385887909,0.12519627599286257,0.09265122155272351
727,0.10196433374426311,0.12471521103852391,0.09273328579070747
728,0.10173272556289553,0.12453450823209644,0.09281501832117539
729,0.1016056634261761,0.12467686698081322,0.09289653141637966
730,0.10172436340171727,0.12512115663614326,0.09297802815448698
731,0.10151007763120995,0.12527658072139955,0.09305923761942758
732,0.10126428657863208,0.12542542942947305,0.09314013347236684
733,0.10097454601976945,0.1255112735612877,0.09322069529664265
734,0.1005573094112743,0.12537365428346425,0.09330084045245242
735,0.10033553471139142,0.1252531552295402,0.09338072482575605
736,0.10015966226367569,0.1252053323707313,0.09346038772341231
737,0.09971620363220123,0.12489330972278839,0.09353962576053607
738,0.09979337669177446,0.1250731919565377,0.09361885324292527
739,0.09946946424979769,0.12502760046165098,0.09369775356656262
740,0.09955559520446118,0.12537767682800494,0.09377662922156761
741,0.09914728598564579,0.1254995294383225,0.09385506283364416
742,0.09901941685844594,0.12574516393188714,0.09393327285946165
743,0.098333452542232,0.12540501848218588,0.09401081331449722
744,0.0982331152204226,0.1252185647734074,0.09408814646133722
745,0.09810171398935039,0.12514542082814817,0.09416527206574363
746,0.09794179196266073,0.1251479632314125,0.09424218861307768
747,0.09771330477970043,0.12513692444151714,0.09431882426842292
748,0.09757354588168193,0.12522421951601653,0.09439524489029708
749,0.09733390895578337,0.1252801880180286,0.09447139703152109
750,0.09707453843714825,0.1252775603574582,0.09454730135512668
751,0.09647972463055735,0.1247808710691547,0.09462270206994863
752,0.09601812065940124,0.12417678872611641,0.09469766285268669
753,0.0961327520180574,0.1245942210216459,0.09477258610635467
754,0.09620948759948195,0.12496327975410641,0.09484740007954198
755,0.09610771196785056,0.12510025573248257,0.09492197262060988
756,0.09604903041674909,0.12539289710945722,0.09499637438854946
757,0.09549519627112828,0.12522923489242876,0.09507026296141881
758,0.09518943379198239,0.12493035630741661,0.09514384823559477
759,0.09473921239294594,0.12437383782738988,0.09521700815755436
760,0.09471270020084532,0.12460112907012855,0.09529006778657924
761,0.09412840811451761,0.12409138584458185,0.09536257067110532
762,0.09426330183409945,0.12452782728469433,0.09543504837779383
763,0.09468102000238247,0.12534005805271164,0.09550770196276206
764,0.09432204601187982,0.12546398587658886,0.09557994022888174
765,0.09384280893841464,0.12520898534790995,0.09565170857314863
766,0.09344204694346686,0.12467607545091369,0.09572308322485533
767,0.09358157299258343,0.12490818413272695,0.09579450593093414
768,0.09328077065788855,0.12476067699056162,0.09586563679436207
769,0.09290881120942097,0.12451515304915384,0.0959363862444505
770,0.09274336077755933,0.12454381826390121,0.09600688701236174
771,0.0933060729554375,0.1255517213582408,0.09607768609472256
772,0.092911109476214,0.12582287099975067,0.09614806992603933
773,0.09268880291347797,0.12604407005274357,0.09621822137732439
774,0.09222513112374249,0.12588626254430413,0.09628796934887215
775,0.09149271739528711,0.12498038720805794,0.09635711279412403
776,0.09173150032587593,0.12466180915540795,0.0964263360524111
777,0.09212203125019328,0.12543825494141572,0.09649579504743236
778,0.09208183719623474,0.1260672114814389,0.09656505185358219
779,0.09149735132212175,0.12614083650163815,0.09663370468210104
780,0.09124087902679093,0.12610411869023946,0.09670203262205038
781,0.09119144566661688,0.12623970133205256,0.09677020506573693
782,0.09092788837087432,0.126252680216829,0.09683814279674109
783,0.09077357370372804,0.1262917038176721,0.09690594398461314
784,0.09050956413293877,0.12620327780691046,0.09697349455047174
785,0.0904300599409788,0.12623989295880197,0.09704088157811794
786,0.09019145172021366,0.12617991278970364,0.09710793775539026
787,0.0895118527264065,0.12540877919615848,0.09717430048366658
788,0.08920290987217513,0.12443732821506454,0.09724021777629943
789,0.08894924689288973,0.12390267786453633,0.09730585937617736
790,0.08961776395798109,0.12506319616806755,0.09737194397650091
791,0.08954586336738504,0.12525527454160515,0.09743790215583188
792,0.08956863973866741,0.1257081886734508,0.09750378239352829
793,0.08894070930988586,0.1255076629834404,0.09756908995922685
794,0.0890845592081845,0.12573530811627243,0.09763435784332569
795,0.08875360832420687,0.12572309352832295,0.09769920100943498
796,0.08840394971377014,0.12544214216218033,0.09776362240613669
797,0.08844769852086828,0.1254459162112613,0.09782794231733863
798,0.08845080238280681,0.12567602174838235,0.09789221520864506
799,0.08841621200117634,0.12607811793845583,0.0979564358851535
800,0.08797012693015004,0.12606628257705346,0.09802025563962646
801,0.08791254017288398,0.12619074828881696,0.09808386495654872
802,0.08789580311593329,0.12650918464342212,0.09814725065883735
803,0.08784749561643163,0.12697609124181064,0.09821045927458676
804,0.08755049586099675,0.1272346688037216,0.0982733892469414
805,0.08686817311853254,0.1267293516323325,0.09833576833721298
806,0.08584634379163722,0.12496674854388978,0.0983972309982679
807,0.08662892718950006,0.1245704851449139,0.09845901041066565
808,0.08678134648916139,0.1250001423404378,0.09852099308531316
809,0.08721112162029945,0.12583138775106745,0.09858320337359289
810,0.08693234163281466,0.12647098229069972,0.09864516177618236
811,0.08624024031935328,0.12631728805071052,0.09870665230562906
812,0.08700914111094639,0.12748634269241435,0.0987686638909829
813,0.08648519043042276,0.12810408241399548,0.09883026204995887
814,0.08609908911979865,0.1283675723530288,0.09889155696964178
815,0.086229164713965,0.1290262438270645,0.09895271143180938
816,0.08610727595420348,0.12971151639102332,0.09901358046085672
817,0.08518642788530434,0.12925212485142612,0.09907372381730552
818,0.08488887233108475,0.12855523590146672,0.09913333291320757
819,0.08360670478985299,0.12617322452342355,0.09919154227331985
820,0.08427393995416636,0.12496380516082647,0.09924978982200704
821,0.08434590662584604,0.12409010542283525,0.0993084224199106
822,0.08468188269054577,0.12477924454488125,0.09936739410581782
823,0.08481680295508301,0.12517319706635993,0.09942631764746213
824,0.08442712206261077,0.12496480256499741,0.09948483922222247
825,0.08431990138660304,0.12482643181457748,0.09954317197129936
826,0.08440901304660077,0.1251526228917772,0.09960145613966134
827,0.08406957928700924,0.12499527329319787,0.09965940246143397
828,0.08386030629670511,0.1247234800768958,0.09971713832626947
829,0.08294329969313637,0.12354621082674658,0.09977423859557662
830,0.08249560065647081,0.12306261113580505,0.09983105670401786
831,0.08306508325301408,0.12409659222179723,0.09988823864254921
832,0.0837320220328541,0.12527996818522208,0.09994572464958816
833,0.08327436231929317,0.12506041560929454,0.1000026418136375
834,0.08362336012896157,0.12554959527421705,0.1000595378890913
835,0.08232773893117415,0.12427525874759811,0.10011536134921957
836,0.08331607980904555,0.12539490248216204,0.10017171415625228
837,0.08294645492946143,0.1254169887875724,0.10022769779512812
838,0.08257117218342602,0.12505530971999218,0.1002833252188801
839,0.08242058800040013,0.12464649105277045,0.10033875951131675
840,0.0816817940935322,0.12365047964752879,0.10039365512155429
841,0.08200319416353126,0.12431324567302514,0.10044877459617632
842,0.0818527529609263,0.12426065806664952,0.10050386849168194
843,0.08288998954696689,0.12601428844839482,0.10055977428887278
844,0.08215122681333249,0.12608160699784224,0.10061523858313057
845,0.08237508754203937,0.12666551667421552,0.10067081015901606
846,0.08150910019512761,0.1261018311947758,0.10072558445992802
847,0.08125332998146727,0.1253188507763142,0.10077989958423478
848,0.08132731709218669,0.12482028127580345,0.10083398934969769
849,0.08126986923998891,0.12458414472707548,0.10088791654811993
850,0.08145481999959636,0.12503802979106368,0.10094186590436448
851,0.08158188485526989,0.12544094202372247,0.10099581862319414
852,0.08095067086033696,0.12504051273704478,0.10104931699999167
853,0.0815277653997209,0.12569676608460786,0.10110321181654378
854,0.08071404213995972,0.12526457662166077,0.10115659917057673
855,0.08089794065216382,0.12528209561962295,0.1012100745552488
856,0.08165810270150223,0.12664249527569327,0.10126388145798944
857,0.08138361446165976,0.12774497989301337,0.10131727757123082
858,0.07991130154170872,0.12672674593825412,0.10136960180870429
859,0.07920641596845691,0.12477178890448043,0.10142122672319054
860,0.07912670830187185,0.12307737816539409,0.10147253244014375
861,0.08037344577722676,0.1251764526636776,0.10152472130182859
862,0.07965256118580513,0.12438767442148893,0.10157635341338118
863,0.07947112779101995,0.12408415152383435,0.10162780987900105
864,0.0802676069056392,0.1254850444344977,0.10167975922258907
865,0.07993301751881156,0.1256031818628175,0.10173145733557978
866,0.07966404768631266,0.12545620536169172,0.10178288523254647
867,0.07963780296511722,0.12542443704148967,0.10183410064300026
868,0.07936142663195464,0.12511379628515296,0.10188491472292215
869,0.07901215421911935,0.12440664440616483,0.1019353296212266
870,0.0789139711804484,0.12428942262447124,0.10198560469412654
871,0.07888380149564667,0.12439235150487453,0.10203585298924397
872,0.07901898979885352,0.12475539385280404,0.10208618300961643
873,0.07892337430013616,0.12475333636999632,0.10213639383550896
874,0.07871862164554677,0.12457760304906015,0.10218634994223523
875,0.07873901464693782,0.12475736964497539,0.10223615911428802
876,0.07862580894696074,0.12472478693127384,0.10228574421322972
877,0.07840061629454002,0.12451331511502475,0.1023350639008468
878,0.07829435909271076,0.12448952006407035,0.10238421346799574
879,0.07853352055232869,0.1250149993376115,0.10243340350360502
880,0.07813049680592693,0.12453189811601513,0.10248221026040355
881,0.07785754571312062,0.12422376325841891,0.10253072123477872
882,0.07778538998385763,0.12424966593994802,0.10257914121491132
883,0.07763278466821755,0.12414585884639089,0.10262754553371327
884,0.07752782839427669,0.12411704930071736,0.10267601439569735
885,0.07760516337312638,0.12437965866176091,0.10272456662728004
886,0.07762017075272283,0.12454207135209135,0.10277300968431313
887,0.07756290603953539,0.12458776821180848,0.10282121948140652
888,0.07742876761256166,0.12450907382292123,0.10286915651160879
889,0.07749224646463754,0.12474787264481801,0.10291696612249703
890,0.07726085937815313,0.1245110480985716,0.10296448572015678
891,0.07730918092102909,0.1247241935705615,0.10301192849801415
892,0.07717534863821009,0.1246426545294163,0.10305923287324101
893,0.07694932340028315,0.12441060076335668,0.10310636969761797
894,0.07677683206386521,0.12426343911257143,0.10315337372295184
895,0.07690204340689966,0.12459756866740526,0.10320040895356009
896,0.0767719046253339,0.12451734314216753,0.10324728448464723
897,0.07675635395302415,0.12462212178592152,0.10329403957576445
898,0.07658083893589544,0.12446612947637616,0.10334057112337773
899,0.07639790018990256,0.1242966782225962,0.1033868898069305
900,0.07636681003851639,0.12437333094131688,0.10343310406284081
901,0.07638721949807062,0.1245335037176429,0.10347925319098006
902,0.07613130900918927,0.12424209059459707,0.10352517308680681
903,0.07610263957931576,0.12432036952662526,0.1035709997118422
904,0.07635032644226251,0.12485019437823394,0.10361689868502136
905,0.07616587286833908,0.1246728526664127,0.10366262278547547
906,0.07605041998097269,0.12460729974806023,0.10370823623752924
907,0.07591148128977489,0.12450222230849368,0.10375373379668096
908,0.0757869127173851,0.12441957677652714,0.10379910768834595
909,0.07574294738191842,0.12446834859788523,0.10384437841329293
910,0.07577272579532415,0.12463784646608916,0.1038895658658489
911,0.07568624020860314,0.1246153982688033,0.1039345871919977
912,0.07555081553028446,0.12451114390431213,0.10397941465372662
913,0.0753919409519142,0.12436698648393792,0.10402404623812
914,0.07536084447889832,0.12443283069320568,0.10406856887721071
915,0.07533806467756966,0.12451186895618507,0.10411299445735356
916,0.07546575635323988,0.12483945287562215,0.10415741848523626
917,0.07521613563423094,0.12454191482592206,0.10420162883536778
918,0.07527175392402102,0.12474890168872235,0.1042458141533099
919,0.075259373708425,0.12484275623803613,0.10428993447597232
920,0.07554137592814733,0.12542524636884894,0.10433414923498194
921,0.07561382085376887,0.12608533939277758,0.10437832198102104
922,0.07500769523950955,0.12585060428786668,0.1044220694001623
923,0.07448058570517721,0.12484938208454777,0.10446544238065562
924,0.07489135619893375,0.12479327558731806,0.10450896471333528
925,0.07489690167931125,0.12491276367227488,0.1045524512590169
926,0.07466608279318004,0.12463694146629221,0.10459573513088061
927,0.07483118142127276,0.12502135624919034,0.104639037091302
928,0.07449434307173007,0.12458724951037073,0.10468205788517067
929,0.07485148538377458,0.12527060220952435,0.1047251876067646
930,0.07483322656648185,0.12561808521934573,0.10476820976401358
931,0.07484538456257325,0.12609327786615038,0.10481116395371419
932,0.0745842010402095,0.1262367063154902,0.10485391854799529
933,0.07429954467034056,0.12600711768010303,0.10489646100411773
934,0.0739364660780906,0.125270982690581,0.1049387129346372
935,0.0739203362693058,0.12461028688846884,0.10498085797364126
936,0.07379271143089022,0.12422632078485057,0.10502287390253681
937,0.07424341364882955,0.12508717786487317,0.10506508771056973
938,0.07415952682105514,0.12513438356927986,0.10510719542181222
939,0.07432200351375302,0.125556779330994,0.10514933130893908
940,0.07416288952326448,0.12581119475033065,0.10519129862256214
941,0.07392885823235848,0.12577004544398163,0.10523304956842919
942,0.07363920397345229,0.1253380072853963,0.10527454024079907
943,0.07372047199943188,0.12514189439011347,0.10531596814434109
944,0.07371886446510661,0.12504097596093833,0.105357291130973
945,0.07366550435707195,0.12494671855965168,0.10539847486306603
946,0.07375718337518386,0.12515773423098503,0.10543962144866677
947,0.07372216653535282,0.12535197248176227,0.10548071272131132
948,0.07367360810908136,0.1255590787375857,0.1055217793308003
949,0.07344649704936963,0.12547470900332383,0.10556270530003885
950,0.07345482224739142,0.1254986246242243,0.10560357076395731
951,0.07341954150166322,0.12555606582003517,0.10564432476489487
952,0.07340260214060211,0.12567761564057223,0.1056849843036304
953,0.07314366030927084,0.1254496368786037,0.10572541704997426
954,0.07346736398797489,0.12586581547048797,0.10576592762771844
955,0.07356826364142083,0.1265459962464143,0.10580639362840993
956,0.07354751834237101,0.1272820122324793,0.10584678487819534
957,0.07331705003744043,0.12771434596725972,0.1058870480869201
958,0.07289583777372916,0.12751492780408838,0.10592710806680682
959,0.07243732566802208,0.12661782978115851,0.10596687798836178
960,0.07212040013845905,0.12526393852041115,0.10600635380077689
961,0.07233156032303334,0.12435820319646602,0.10604586218027008
962,0.07270352715255701,0.12481870364611591,0.1060855685837964
963,0.07283710134096363,0.12513400016481446,0.10612522967314882
964,0.07273797906336651,0.12518302497229833,0.10616472064016493
965,0.07285526056225253,0.1255189020832262,0.10620419961379259
966,0.07295180271139558,0.1261061930433596,0.1062436965857769
967,0.07288604280633432,0.1266654145911722,0.1062831507970929
968,0.07238942531557323,0.12645296339530443,0.10632232798901761
969,0.07268686387396676,0.1268369884862056,0.10636159993468715
970,0.0728330942931033,0.12755658026190958,0.10640086679231693
971,0.07247891817640437,0.12774673469292042,0.10643989946653087
972,0.07212538304929311,0.1274068158990374,0.10647868184415812
973,0.07192920628256903,0.12680746672534884,0.10651722433520332
974,0.07243847726813005,0.12716899111393776,0.10655592412201961
975,0.07213086665592107,0.12707732966208754,0.106594461459314
976,0.07148089651483071,0.1259376315187684,0.10663262360420361
977,0.0713889677963799,0.12471542965944796,0.10667060965686617
978,0.07169599466713515,0.12438689162679069,0.10670870881393349
979,0.07212451895610783,0.12520762829169116,0.10674700537080835
980,0.07224876390948748,0.12570840205534115,0.10678527170228426
981,0.07212560927910712,0.1260721483167346,0.10682339826341607
982,0.07162908199939817,0.12564821112366253,0.106861248689073
983,0.07166403791408336,0.12535996152780896,0.10689914230705161
984,0.07152968330585646,0.12491249543242999,0.10693702443156865
985,0.0718163780545896,0.1251265497997241,0.10697511100370397
986,0.07164720818035594,0.12503223508715308,0.10701309034386668
987,0.07152079576370017,0.1247903574726455,0.10705090113865857
988,0.07149814927473519,0.124790724017158,0.10708855789850155
989,0.07139613140422707,0.12468421141665317,0.10712602713055233
990,0.07142638301932015,0.12480840807248003,0.10716340578771327
991,0.0712171621780629,0.12451353012689041,0.10720059263110303
992,0.07114955373892405,0.1244654057941577,0.1072376836274486
993,0.071238673382494,0.1246910159565164,0.10727478046334973
994,0.07148127861054394,0.1251853349724802,0.10731196800700032
995,0.0709832349570675,0.12456698015944656,0.10734885587305748
996,0.07100925562549847,0.12449532020564665,0.10738572721720921
997,0.0714163762279172,0.1252774591670388,0.10742280714337085
998,0.0711564584552475,0.12516658632385327,0.10745975823419826
999,0.07134625593257858,0.12545633320245883,0.10749679672720464
1000,0.07137644514258226,0.12586630486155478,0.10753383225343693
1001,0.07119329634903171,0.12602088355418614,0.10757078154389099
1002,0.07095841320898548,0.12582802097091642,0.10760761794071368
1003,0.07085116792754859,0.1255114538860855,0.10764433888167155
1004,0.07073061315809548,0.12504709237482914,0.10768086973352752
1005,0.07105031462153773,0.1252098893061986,0.10771743028312418
1006,0.07060966099076922,0.12465954642330966,0.1077536849341223
1007,0.07080012355012123,0.12484824002633538,0.1077900118125344
1008,0.07099606174029259,0.1252565117432185,0.10782644200340896
1009,0.07072908847889989,0.12510405379040282,0.1078627212653992
1010,0.07043509845557884,0.1244939284025579,0.10789880627340932
1011,0.07026952782245596,0.12415812788870095,0.10793475058010887
1012,0.07047561738497757,0.1245828093692796,0.10797075691248403
1013,0.07025940791180911,0.12426040754441443,0.10800662339183056
1014,0.07023944027446724,0.12428443884081719,0.10804245454313292
1015,0.07068182123088655,0.12512681853845137,0.1080784843496256
1016,0.07062922467058844,0.1252196242593929,0.1081144593402272
1017,0.07056650841434098,0.1252600103614184,0.10815037033843872
1018,0.07051210061761713,0.1252623506311533,0.10818620934657969
1019,0.07041571790807831,0.12515174298227527,0.10822194589406085
1020,0.07045018474762438,0.12515979730832225,0.10825764963192494
1021,0.07027234498854515,0.12490916776722599,0.10829321831724953
1022,0.0702620161774379,0.1247874482228191,0.10832872389485573
1023,0.0702610130931699,0.12484149955582384,0.10836415366920983
1024,0.07020702734964618,0.12480081535775184,0.108399480517872
1025,0.07008569123982394,0.12463982241763576,0.10843468970708132
1026,0.07004663873388023,0.12462463455290221,0.10846984878560756
1027,0.07003284027458781,0.12465396437176414,0.10850499537642286
1028,0.07006668202513257,0.12476775830745802,0.10854016366006122
1029,0.06996700618468846,0.12464334717832388,0.10857527422710722
1030,0.06980972172613394,0.12441565547730685,0.10861027661501263
1031,0.06963441236433557,0.12415506782241245,0.10864514868390647
1032,0.0700417041518974,0.12493323836280462,0.10868017889690407
1033,0.07003205519110667,0.12496773067939282,0.10871516182787128
1034,0.06975237403661835,0.12451964716125441,0.10874997788193821
1035,0.06973583599506898,0.12454066679530724,0.10878478451722984
1036,0.06976084024382274,0.12463551544204719,0.10881961599004833
1037,0.06973944076311953,0.12464711954408424,0.10885443351316994
1038,0.06990258514472011,0.12498846269626486,0.10888929945290407
1039,0.06979844069709433,0.12485155046789857,0.10892405491276792
1040,0.06974560968964645,0.12480578400336391,0.10895870622707117
1041,0.0697097092537784,0.12478976443732022,0.10899325509692928
1042,0.06995520380682342,0.12527745980791807,0.10902785651676465
1043,0.06984089587332643,0.1253980286236146,0.10906236024763816
1044,0.0696522245782801,0.1252277654328011,0.10909674971646607
1045,0.06970974992229452,0.12520740746147166,0.10913114591821356
1046,0.06967432283671887,0.125169889416238,0.10916550507182206
1047,0.0699521375010475,0.12567692779089532,0.10919998203450047
1048,0.06952432489956265,0.12546188959352242,0.1092342282435826
1049,0.06958773641193469,0.12540578281249012,0.1092684852208549
1050,0.0698001987731521,0.12577608886097066,0.10930281935467259
1051,0.06968247970579823,0.12597940955554746,0.10933708082299741
1052,0.06950873425161191,0.12591449307335814,0.10937124095066855
1053,0.0693275363140044,0.1255672755357379,0.10940528008651625
1054,0.06928726673632475,0.1251905846192333,0.10943926485463093
1055,0.0693511628145993,0.1249714242728307,0.10947326391263333
1056,0.06961752164350894,0.12530267081447982,0.10950737930640476
1057,0.0696760129996785,0.12575298826560483,0.10954148554005094
1058,0.06977429341764645,0.12642230297948817,0.10957559374336683
1059,0.06966466413774888,0.1269357455212876,0.10960962483894189
1060,0.06957269812807396,0.1273246838489218,0.10964361551056395
1061,0.06915909310390653,0.12700867405095648,0.10967739099796
1062,0.06903441742999032,0.12650792192252197,0.10971102303838252
1063,0.0691144873763323,0.126191329187658,0.10974458904590591
1064,0.06902043477943103,0.12574427784247527,0.10977806684118276
1065,0.06890840974931019,0.12513370362657322,0.10981146365493229
1066,0.06883427112321973,0.12442746156105455,0.10984479458675513
1067,0.06871020005676577,0.12410742262073976,0.1098780426523696
1068,0.06880800957237287,0.12432163201623411,0.10991130077775771
1069,0.06925132825682696,0.1251604140213989,0.10994474406205815
1070,0.0692947652547671,0.12543700890343296,0.10997818519152314
1071,0.06948196256598166,0.12608956001183427,0.11001168829503756
1072,0.06885558822431333,0.12564599249632702,0.11004486105391408
1073,0.06855213307449667,0.12468947790906698,0.11007785240822199
1074,0.0690353748964943,0.12495403120110178,0.11011103058990993
1075,0.06895129530256797,0.12483763163540189,0.11014415826576268
1076,0.06881301610101395,0.12462253410222829,0.1101771955079879
1077,0.06898013075367693,0.12496009479718888,0.11021030416084099
1078,0.0691364120735097,0.12527783052595926,0.11024349308772131
1079,0.06889590650725798,0.125153979804354,0.11027656248877842
1080,0.06880284163100672,0.12489529694835552,0.11030955316282326
1081,0.06886388246350325,0.12488570219528178,0.1103425046772389
1082,0.06898273908798183,0.12513465361581377,0.11037543502235615
1083,0.06901237597989537,0.12535608954851707,0.11040831503992912
1084,0.06890503464840053,0.1254153812654787,0.11044111441548674
1085,0.06873090607061791,0.12519073442250883,0.1104738398809983
1086,0.0685708187314433,0.12470702899536273,0.11050652056620022
1087,0.0689067484630107,0.12515783675454506,0.11053940161045568
1088,0.06916245827495018,0.12581164287250762,0.11057243089232421
1089,0.06860792064366894,0.1254887456315356,0.11060520339757536
1090,0.06869696176584776,0.1253580990305667,0.11063802020537006
1091,0.06881966535105255,0.12548073133259088,0.11067088120690427
1092,0.06853268805379821,0.1251113647018147,0.11070359098178313
1093,0.06827983308742326,0.12431145777436664,0.11073612822075404
1094,0.06826578359508889,0.12420349468073473,0.11076858021668888
1095,0.06859127681177146,0.12482449978582125,0.11080110283347988
1096,0.06858647665192394,0.12484421035582052,0.1108335733362397
1097,0.06855663066538772,0.12481809190916521,0.11086603203165149
1098,0.06848145195247556,0.12470914303746478,0.1108984823314321
1099,0.0684978259889,0.12476657164698443,0.11093094769731851
1100,0.06851630461419858,0.1248276260682552,0.11096339320989487
1101,0.06850704661828293,0.12483795880296492,0.110995789309973
1102,0.06845100923438993,0.12476271321541657,0.11102811641297958
1103,0.068441358946118,0.12477159960008545,0.1110604024079215
1104,0.06847147423665549,0.12485263887582014,0.1110926757274428
1105,0.06843371557998328,0.12480961211776838,0.11112491494911775
1106,0.06828629197605832,0.12456617439910622,0.11115706621651279
1107,0.0683374036543897,0.12468456986454635,0.11118921097392709
1108,0.06833920248224716,0.12471271983448068,0.11122132399514106
1109,0.06803264941412333,0.12417768023878188,0.11125327499598767
1110,0.06819542876856459,0.12449898271505683,0.11128529876960509
1111,0.06828883630435606,0.12469346935189915,0.11131735817488275
1112,0.06823297041239075,0.12461508382999395,0.11134936257758529
1113,0.06849785977852654,0.12512234185973697,0.1113814510710119
1114,0.06844471042189658,0.1251707977514362,0.11141348958918418
1115,0.06821671653062394,0.1248254864721975,0.11144542156175379
1116,0.06805437493152468,0.12438044193256405,0.11147728843644723
1117,0.06888732440119104,0.1259254449125367,0.11150956162986235
1118,0.06915692570118906,0.12736630420428874,0.11154197807010156
1119,0.06902676647287698,0.1285913121682921,0.11157439737745387
1120,0.0685050934384819,0.12888370478678318,0.1116066960267623
1121,0.06890287183946561,0.12992470152054056,0.11163921000298496
1122,0.06821518780799937,0.12972817689369415,0.11167137667639794
1123,0.06799003965043188,0.12913989805225315,0.11170329763562949
1124,0.06776190892529838,0.1281542164180989,0.11173479336210755
1125,0.06754994944541914,0.12680033850632103,0.11176592152525677
1126,0.06793285255814696,0.12616680003858513,0.1117972026068099
1127,0.06829132193143055,0.1262087177105788,0.11182882902841883
1128,0.06836996001686207,0.12641356912908855,0.11186060443564128
1129,0.06845801927234972,0.1267984070314886,0.11189244777968121
1130,0.06825077481283687,0.12682210589220083,0.11192420419764941
1131,0.06814828027903501,0.12667634541810632,0.11195590583779509
1132,0.06795961320323822,0.12620299566336562,0.11198748789990196
1133,0.06750628742138821,0.1249166541071936,0.1120188232796259
1134,0.06775457720718839,0.12418611334910176,0.11205024409242255
1135,0.06798777142560924,0.12463060055150263,0.11208182338986944
1136,0.06817408748034327,0.1249889594870788,0.11211345668838195
1137,0.0681298079012236,0.12492432688966873,0.1121450234339753
1138,0.06810688866656447,0.12489866096425592,0.11217653418712385
1139,0.068010799825901,0.12473862337055511,0.11220796623081472
1140,0.0679692062103723,0.1246783323351028,0.11223934980704416
1141,0.06801416800551695,0.12477662798680647,0.11227070485737158
1142,0.06793113030114786,0.12463975790582504,0.11230193403506059
1143,0.06783959888153308,0.12448681861170308,0.1123330191420637
1144,0.06781718529641262,0.12446028333328724,0.11236403025598411
1145,0.06779361344904086,0.12443128278509338,0.11239503199887418
1146,0.06776280626775268,0.12438873138549138,0.11242607009236404
1147,0.06799351092848874,0.12482609037963449,0.11245729005164232
1148,0.0679938031937494,0.12484030992124247,0.11248859692143583
1149,0.06799181239302766,0.12485012037063697,0.1125199754614389
1150,0.06813911335766192,0.1251338884227979,0.1125514461893094
1151,0.06811768696501819,0.12524147060665453,0.11258286650473141
1152,0.06798140291997766,0.12511146791539302,0.11261413851495193
1153,0.06795137755815128,0.12493872532036687,0.11264530587866174
1154,0.06791565940375223,0.12477374262357743,0.11267640085181263
1155,0.06799564890470085,0.1249325198012398,0.11270752489329136
1156,0.06806264043832139,0.12506718945476808,0.11273870907654668
1157,0.06790717287853361,0.12486000500927438,0.11276986844536178
1158,0.06784038260056222,0.12468108859140824,0.11280103290268557
1159,0.06772627512924717,0.12448209702644197,0.11283214320328103
1160,0.06764922432968509,0.12435094501084994,0.11286317253846044
1161,0.06763382901857097,0.12433287407898778,0.11289412903869306
1162,0.06770108620380001,0.12446650530429947,0.11292506338188621
1163,0.0677180313022111,0.12450738213169274,0.11295597938135087
1164,0.06768241591742606,0.12445134466034197,0.11298687183430717
1165,0.06765726943261917,0.12441431501773215,0.11301775112742211
1166,0.0676578761347436,0.12442443302257246,0.11304862844872311
1167,0.06765459995355969,0.1244272083065531,0.11307950261074082
1168,0.06803842827225498,0.1251418129038166,0.11311055232623055
1169,0.06796019118509879,0.12514818281627174,0.11314156462468156
1170,0.06785942997489244,0.1249773998208533,0.11317251990635507
1171,0.06797854827229827,0.1250563022345648,0.1132035015905375
1172,0.06777172456370764,0.12473980854683403,0.11323434922062234
1173,0.0677521021431443,0.12465483770149643,0.11326514154506465
1174,0.06766503947512631,0.12450181395554867,0.11329585111098059
1175,0.06767319699500317,0.12452370657918117,0.11332653003813412
1176,0.0675511781271898,0.12430574548978839,0.11335713141105484
1177,0.06784087698380148,0.12484518209310431,0.11338785427947609
1178,0.06780340143425813,0.12478232472736493,0.1134185564641772
1179,0.06780820398508816,0.12479701510113589,0.11344925245472176
1180,0.06777720813796331,0.12474557776382031,0.1134799183925988
1181,0.06780774348669971,0.12480716872102837,0.11351058303332623
1182,0.06787825295796955,0.12494211972114502,0.1135412762837147
1183,0.06795410678710734,0.12508669977775308,0.11357201441250606
1184,0.06790855615901738,0.12509426441737462,0.1136027476629177
1185,0.06774474059861232,0.12480469392668397,0.1136334163964677
1186,0.06759186066560306,0.12443313430897421,0.11366401201950532
1187,0.06760907636790527,0.12446874482305217,0.11369460027519206
1188,0.06776675874924747,0.1247627587318769,0.11372523909126371
1189,0.06776312738342982,0.12475957680183636,0.11375585650553018
1190,0.06779143275168933,0.12481495742795527,0.11378646697502799
1191,0.06787224525600136,0.1249667708160312,0.113817086171903
1192,0.06789365427378134,0.12500898307888528,0.11384767299696269
1193,0.06772314802492913,0.12470659527857961,0.11387813209145174
1194,0.0678361268914279,0.12490800225998719,0.11390859747055272
1195,0.06780345056485512,0.12484994877509376,0.11393902268826109
1196,0.06771213738536104,0.12468365208818927,0.11396940001546471
1197,0.06763905970618354,0.12455068299292138,0.11399974846934238
1198,0.06785153972803368,0.12494331866853534,0.11403020005330536
1199,0.06766823651353282,0.12460691742493117,0.11406057402467824
